model,dataset,task,task_type,seed,n_trials,metric,device,selected,config,config_id,config_tag,val_score,test_score,fit_time_tuning,predict_time_tuning,fit_time_refit,predict_time_refit,error,val_average_precision,val_accuracy,val_f1,val_roc_auc,test_average_precision,test_accuracy,test_f1,test_roc_auc,val_r2,val_mae,val_rmse,test_r2,test_mae,test_rmse,id
dummy,rel-amazon,item-churn,BINARY_CLASSIFICATION,0,0,roc_auc,cpu,True,{},bf21a9e8,default,0.5,0.5,0.0622168170000065,0.002807520999994,0.0512198549999993,0.003001845,,0.4121920884241568,0.5878079115758432,0.0,0.5,0.3694932930557054,0.6305067069442946,0.0,0.5,,,,,,,
dummy,rel-amazon,item-ltv,REGRESSION,0,0,mae,cpu,True,{},bf21a9e8,default,59.4714964246787,64.23361282761559,0.0410067040000114,0.0005273630000033,0.0378446419999818,0.0005951090000166,,,,,,,,,,-0.0128885328599854,59.4714964246787,454.9198738732304,-0.0071569989522097,64.23361282761559,666.9863192392224,
dummy,rel-amazon,user-churn,BINARY_CLASSIFICATION,0,0,roc_auc,cpu,True,{},bf21a9e8,default,0.5,0.5,0.0993465359999845,0.0046844909999776,0.0989136390000169,0.0045031129999983,,0.6420281508667812,0.6420281508667812,0.7819940852145224,0.5,0.6064481293604445,0.6064481293604445,0.7550173806133189,0.5,,,,,,,
dummy,rel-amazon,user-ltv,REGRESSION,0,0,mae,cpu,True,{},bf21a9e8,default,14.1407152409027,16.78297941088708,0.0338333959999772,0.0010461159999977,0.0304504290000124,0.0009903860000122,,,,,,,,,,-0.0835422154812146,14.1407152409027,50.92620345868564,-0.0916344183845256,16.78297941088708,57.92664264129245,
dummy,rel-avito,ad-ctr,REGRESSION,0,0,mae,cpu,True,{},bf21a9e8,default,0.039864301926295,0.0430665554441568,0.0082695110000088,7.117500000219934e-05,0.0006748879999918,6.462700000042787e-05,,,,,,,,,,-0.0948849269986262,0.039864301926295,0.1038008376753582,-0.097969100954746,0.0430665554441568,0.1150036267720595,
dummy,rel-avito,user-clicks,BINARY_CLASSIFICATION,0,0,roc_auc,cpu,True,{},bf21a9e8,default,0.5,0.5,0.0070729930000084,0.0003633649999983,0.0020628190000024,0.0006762940000015,,0.0351697115611575,0.9648302884388424,0.0,0.5,0.0154179514959579,0.984582048504042,0.0,0.5,,,,,,,
dummy,rel-avito,user-visits,BINARY_CLASSIFICATION,0,0,roc_auc,cpu,True,{},bf21a9e8,default,0.5,0.5,0.0090276869999996,0.0005274530000036,0.0028360109999994,0.0005022550000006,,0.9034991160479002,0.9034991160479002,0.949303425917813,0.5,0.8505909380276232,0.8505909380276232,0.9192641340113672,0.5,,,,,,,
dummy,rel-event,user-attendance,REGRESSION,0,0,mae,cpu,True,{},bf21a9e8,default,0.2575216726160122,0.2635342185903984,0.0079371110000039,7.334999999386582e-05,0.0007546759999996,7.06490000084159e-05,,,,,,,,,,-0.2421977241343942,0.2575216726160122,0.5832088694589651,-0.1682932009182753,0.2635342185903984,0.694351940269542,
dummy,rel-event,user-ignore,BINARY_CLASSIFICATION,0,0,roc_auc,cpu,True,{},bf21a9e8,default,0.5,0.5,0.0120964870000079,0.0001149230000123,0.0012619050000068,0.0001208279999929,,0.1091279959204487,0.8908720040795512,0.0,0.5,0.1302349336057201,0.8697650663942799,0.0,0.5,,,,,,,
dummy,rel-event,user-repeat,BINARY_CLASSIFICATION,0,0,roc_auc,cpu,True,{},bf21a9e8,default,0.5,0.5,0.0108309200000036,8.92529999987346e-05,0.0005018469999953,8.853199999236949e-05,,0.4790874524714829,0.5209125475285171,0.0,0.5,0.4471544715447154,0.5528455284552846,0.0,0.5,,,,,,,
dummy,rel-f1,driver-dnf,BINARY_CLASSIFICATION,0,0,roc_auc,cpu,True,{},bf21a9e8,default,0.5,0.5,0.0144761740000092,0.0001052470000075,0.0005883889999864,6.237899999916863e-05,,0.7791519434628975,0.7791519434628975,0.8758689175769613,0.5,0.7051282051282052,0.7051282051282052,0.8270676691729323,0.5,,,,,,,
dummy,rel-f1,driver-position,REGRESSION,0,0,mae,cpu,True,{},bf21a9e8,default,4.135571142284569,4.399100877192982,0.0075809649999882,6.660399999702804e-05,0.0005050740000029,4.840799999783485e-05,,,,,,,,,,-0.2355678566834016,4.135571142284569,5.153278222818213,-0.0424719421406794,4.399100877192982,5.319882538110992,
dummy,rel-f1,driver-top3,BINARY_CLASSIFICATION,0,0,roc_auc,cpu,True,{},bf21a9e8,default,0.5,0.5,0.0103604829999994,8.52970000124742e-05,0.0003546800000009,6.223799999816038e-05,,0.2023809523809523,0.7976190476190477,0.0,0.5,0.1763085399449036,0.8236914600550964,0.0,0.5,,,,,,,
dummy,rel-hm,item-sales,REGRESSION,0,0,mae,cpu,True,{},bf21a9e8,default,0.085690221805826,0.0760870451124123,0.0359504230000027,0.0003982429999922,0.0248764709999989,0.0004024310000119,,,,,,,,,,-0.0167403782891153,0.085690221805826,0.6678111543867765,-0.017049827178166,0.0760870451124123,0.5876541979252354,
dummy,rel-hm,user-churn,BINARY_CLASSIFICATION,0,0,roc_auc,cpu,True,{},bf21a9e8,default,0.5,0.5,0.0789740859999881,0.0011156209999967,0.0695136039999937,0.0010125539999989,,0.8128036992528346,0.8128036992528346,0.8967365849792118,0.5,0.8261347636607442,0.8261347636607442,0.9047905774540328,0.5,,,,,,,
dummy,rel-stack,post-votes,REGRESSION,0,0,mae,cpu,True,{},bf21a9e8,default,0.0616902237926972,0.0679042653026979,0.0245877020000051,0.0004789020000117,0.0171738399999981,0.0005272150000052,,,,,,,,,,-0.0284039527687613,0.0616902237926972,0.3712007315460499,-0.0338497747288144,0.0679042653026979,0.3752734864300262,
dummy,rel-stack,user-badge,BINARY_CLASSIFICATION,0,0,roc_auc,cpu,True,{},bf21a9e8,default,0.5,0.5,0.0772302560000071,0.0032115979999929,0.1892109430000061,0.0039779260000045,,0.0295111520707523,0.9704888479292476,0.0,0.5,0.0263745300751879,0.973625469924812,0.0,0.5,,,,,,,
dummy,rel-stack,user-engagement,BINARY_CLASSIFICATION,0,0,roc_auc,cpu,True,{},bf21a9e8,default,0.5,0.5,0.0336714510000035,0.0011064529999913,0.0704025510000008,0.00106190999999,,0.0280337896883192,0.9719662103116808,0.0,0.5,0.027355140292953,0.972644859707047,0.0,0.5,,,,,,,
dummy,rel-trial,site-success,REGRESSION,0,0,mae,cpu,True,{},bf21a9e8,default,0.4749371681853262,0.46222197509331,0.0081423580000006,0.0001330670000072,0.0026501130000013,0.0001262939999975,,,,,,,,,,-0.9884911295891567,0.4749371681853262,0.6736147669976768,-0.9225994631669874,0.46222197509331,0.667249717458477,
dummy,rel-trial,study-adverse,REGRESSION,0,0,mae,cpu,True,{},bf21a9e8,default,56.78587319243604,57.53324725629438,0.0084689310000101,0.0001025889999937,0.0011839299999962,7.913899999323348e-05,,,,,,,,,,-0.0198345621296311,56.78587319243604,394.9754600169141,-0.0501770075627718,57.53324725629438,255.87381770606345,
dummy,rel-trial,study-outcome,BINARY_CLASSIFICATION,0,0,roc_auc,cpu,True,{},bf21a9e8,default,0.5,0.5,0.0110826650000035,0.0001132579999989,0.0005967700000013,8.19050000018251e-05,,0.584375,0.584375,0.73767258382643,0.5,0.5854545454545454,0.5854545454545454,0.7385321100917431,0.5,,,,,,,
lightgbm,rel-amazon,item-churn,BINARY_CLASSIFICATION,0,30,roc_auc,cpu,False,{},bf21a9e8,default,0.6410975090218787,0.6422263385491982,24.978021146000003,1.7270194330000097,20.61795597199989,1.6696729459999915,,0.5213341599298406,0.5931036811507747,0.0460728563323789,0.6410975090218787,0.4789161695762505,0.6354754797952554,0.0583408168953023,0.6422263385491982,,,,,,,
lightgbm,rel-amazon,item-churn,BINARY_CLASSIFICATION,0,30,roc_auc,cpu,False,"{""bagging_fraction"": 0.8646440511782, ""bagging_freq"": 1, ""cat_l2"": 0.2396763788772, ""cat_smooth"": 9.0912832806515, ""extra_trees"": true, ""feature_fraction"": 0.9742930953718, ""lambda_l1"": 0.5205254318032, ""lambda_l2"": 1.5172553870823, ""learning_rate"": 0.0095655183906, ""max_cat_to_onehot"": 21, ""min_data_in_leaf"": 1, ""min_data_per_group"": 38, ""n_estimators"": 885, ""num_leaves"": 13}",9ddece77,r1,0.6115298527934792,,72.003513091,6.337337751000007,,,,0.4981392451190364,0.5886126884613003,0.0064695888549099,0.6115298527934792,,,,,,,,,,,
lightgbm,rel-amazon,item-churn,BINARY_CLASSIFICATION,0,30,roc_auc,cpu,False,"{""bagging_fraction"": 0.7040714906836, ""bagging_freq"": 1, ""cat_l2"": 0.1059359109832, ""cat_smooth"": 79.0557829290776, ""extra_trees"": true, ""feature_fraction"": 0.7399608725239, ""lambda_l1"": 0.9293032679565, ""lambda_l2"": 0.5788832452851, ""learning_rate"": 0.0050708289337, ""max_cat_to_onehot"": 15, ""min_data_in_leaf"": 53, ""min_data_per_group"": 48, ""n_estimators"": 398, ""num_leaves"": 14}",85d4ebc9,r10,0.5832461221443835,,24.85808122100002,1.912378057000069,,,,0.4766316579257773,0.5879260955939872,0.0007096747778854,0.5832461221443835,,,,,,,,,,,
lightgbm,rel-amazon,item-churn,BINARY_CLASSIFICATION,0,30,roc_auc,cpu,False,"{""bagging_fraction"": 0.8819179642384, ""bagging_freq"": 1, ""cat_l2"": 0.2028071332361, ""cat_smooth"": 0.9002514016925, ""extra_trees"": true, ""feature_fraction"": 0.9904253448185, ""lambda_l1"": 0.3523764300344, ""lambda_l2"": 1.0166800656129, ""learning_rate"": 0.0076046378471, ""max_cat_to_onehot"": 9, ""min_data_in_leaf"": 51, ""min_data_per_group"": 4, ""n_estimators"": 309, ""num_leaves"": 50}",eb5d77d2,r11,0.6098880469892614,,63.91738721399997,3.19963665399996,,,,0.4965361305070314,0.5879767458874776,0.0013095432967752,0.6098880469892614,,,,,,,,,,,
lightgbm,rel-amazon,item-churn,BINARY_CLASSIFICATION,0,30,roc_auc,cpu,False,"{""bagging_fraction"": 0.7057579594928, ""bagging_freq"": 1, ""cat_l2"": 0.0652607238611, ""cat_smooth"": 0.7440913299852, ""extra_trees"": true, ""feature_fraction"": 0.5562045565524, ""lambda_l1"": 0.4693022490728, ""lambda_l2"": 0.3337783413457, ""learning_rate"": 0.005523232486, ""max_cat_to_onehot"": 20, ""min_data_in_leaf"": 22, ""min_data_per_group"": 3, ""n_estimators"": 298, ""num_leaves"": 194}",97b0d170,r12,0.6294171436961804,,119.43829519099997,11.79225514399991,,,,0.5120580559671306,0.5881793470614388,0.0030246055750837,0.6294171436961804,,,,,,,,,,,
lightgbm,rel-amazon,item-churn,BINARY_CLASSIFICATION,0,30,roc_auc,cpu,False,"{""bagging_fraction"": 0.7904724450024, ""bagging_freq"": 1, ""cat_l2"": 0.0112585288934, ""cat_smooth"": 1.8450328342775, ""extra_trees"": false, ""feature_fraction"": 0.7222135128255, ""lambda_l1"": 0.8411560157726, ""lambda_l2"": 1.5581241341161, ""learning_rate"": 0.0949138303247, ""max_cat_to_onehot"": 8, ""min_data_in_leaf"": 4, ""min_data_per_group"": 12, ""n_estimators"": 523, ""num_leaves"": 6}",b0f88568,r13,0.6283077870978622,,31.79638451800008,2.047629845000074,,,,0.5091122747755059,0.5928785687352621,0.0428425885497294,0.6283077870978622,,,,,,,,,,,
lightgbm,rel-amazon,item-churn,BINARY_CLASSIFICATION,0,30,roc_auc,cpu,False,"{""bagging_fraction"": 0.8980520612478, ""bagging_freq"": 1, ""cat_l2"": 0.0298619738506, ""cat_smooth"": 1.8218656600978, ""extra_trees"": false, ""feature_fraction"": 0.6687557031224, ""lambda_l1"": 0.9046572794351, ""lambda_l2"": 1.7298800978754, ""learning_rate"": 0.0152979229147, ""max_cat_to_onehot"": 14, ""min_data_in_leaf"": 7, ""min_data_per_group"": 61, ""n_estimators"": 223, ""num_leaves"": 45}",c9bdab03,r14,0.6241797776617047,,43.38352458099996,3.297714295999981,,,,0.5036663471482217,0.5891923529312451,0.0097940801432485,0.6241797776617047,,,,,,,,,,,
lightgbm,rel-amazon,item-churn,BINARY_CLASSIFICATION,0,30,roc_auc,cpu,False,"{""bagging_fraction"": 0.7870232821631, ""bagging_freq"": 1, ""cat_l2"": 0.1520732736224, ""cat_smooth"": 0.143579414226, ""extra_trees"": false, ""feature_fraction"": 0.4597414534665, ""lambda_l1"": 0.0376556278898, ""lambda_l2"": 0.8228523078385, ""learning_rate"": 0.0175995134195, ""max_cat_to_onehot"": 55, ""min_data_in_leaf"": 4, ""min_data_per_group"": 81, ""n_estimators"": 58, ""num_leaves"": 107}",5c4e94f9,r15,0.6188263423103334,,24.328292832999978,1.491850859999886,,,,0.4999751484249614,0.5878867009212726,0.0004095115891779,0.6188263423103334,,,,,,,,,,,
lightgbm,rel-amazon,item-churn,BINARY_CLASSIFICATION,0,30,roc_auc,cpu,False,"{""bagging_fraction"": 0.9252532736885, ""bagging_freq"": 1, ""cat_l2"": 0.0185425303217, ""cat_smooth"": 0.0026697944708, ""extra_trees"": true, ""feature_fraction"": 0.4403497788779, ""lambda_l1"": 0.990339913502, ""lambda_l2"": 1.5167814698069, ""learning_rate"": 0.032907451476, ""max_cat_to_onehot"": 89, ""min_data_in_leaf"": 2, ""min_data_per_group"": 10, ""n_estimators"": 665, ""num_leaves"": 12}",66abad1a,r16,0.5949275210120347,,42.808122883999886,3.7142353340000223,,,,0.4850283233038451,0.5879880015082531,0.0013095790249092,0.5949275210120347,,,,,,,,,,,
lightgbm,rel-amazon,item-churn,BINARY_CLASSIFICATION,0,30,roc_auc,cpu,False,"{""bagging_fraction"": 0.9893469303368, ""bagging_freq"": 1, ""cat_l2"": 0.1517170923124, ""cat_smooth"": 0.0019146599966, ""extra_trees"": true, ""feature_fraction"": 0.8076356640991, ""lambda_l1"": 0.2169752947, ""lambda_l2"": 0.6401022999299, ""learning_rate"": 0.0682833284969, ""max_cat_to_onehot"": 45, ""min_data_in_leaf"": 2, ""min_data_per_group"": 8, ""n_estimators"": 71, ""num_leaves"": 27}",e3bf995d,r17,0.5897870126887895,,12.900846394999917,0.7809954049998851,,,,0.4807864765456335,0.5878079115758432,0.0,0.5897870126887895,,,,,,,,,,,
lightgbm,rel-amazon,item-churn,BINARY_CLASSIFICATION,0,30,roc_auc,cpu,False,"{""bagging_fraction"": 0.8662727305253, ""bagging_freq"": 1, ""cat_l2"": 0.0750558998512, ""cat_smooth"": 0.2749087238468, ""extra_trees"": true, ""feature_fraction"": 0.6722181067336, ""lambda_l1"": 0.6631118952798, ""lambda_l2"": 0.7669894419544, ""learning_rate"": 0.011346355764, ""max_cat_to_onehot"": 13, ""min_data_in_leaf"": 8, ""min_data_per_group"": 12, ""n_estimators"": 235, ""num_leaves"": 4}",d16f6217,r18,0.5574293286842961,,12.926733164000098,0.6570650400001341,,,,0.4608126607587784,0.5878079115758432,0.0,0.5574293286842961,,,,,,,,,,,
lightgbm,rel-amazon,item-churn,BINARY_CLASSIFICATION,0,30,roc_auc,cpu,False,"{""bagging_fraction"": 0.7637171496671, ""bagging_freq"": 1, ""cat_l2"": 1.6733394870119, ""cat_smooth"": 25.4110617183616, ""extra_trees"": true, ""feature_fraction"": 0.7219475266652, ""lambda_l1"": 0.2633960444995, ""lambda_l2"": 1.1766753953959, ""learning_rate"": 0.0546075727721, ""max_cat_to_onehot"": 88, ""min_data_in_leaf"": 1, ""min_data_per_group"": 5, ""n_estimators"": 74, ""num_leaves"": 3}",3c940a82,r19,0.5656440735917354,,6.7750007689999165,0.5030298110000331,,,,0.4610800590259999,0.5878079115758432,0.0,0.5656440735917354,,,,,,,,,,,
lightgbm,rel-amazon,item-churn,BINARY_CLASSIFICATION,0,30,roc_auc,cpu,False,"{""bagging_fraction"": 0.9145568099117, ""bagging_freq"": 1, ""cat_l2"": 0.0688015432043, ""cat_smooth"": 0.4410365667971, ""extra_trees"": false, ""feature_fraction"": 0.4842104682476, ""lambda_l1"": 0.6789116421659, ""lambda_l2"": 0.2119046236149, ""learning_rate"": 0.007497093098, ""max_cat_to_onehot"": 78, ""min_data_in_leaf"": 57, ""min_data_per_group"": 21, ""n_estimators"": 353, ""num_leaves"": 17}",a3464b9d,r2,0.5965265344015794,,34.56373935900001,1.9608011160000272,,,,0.4799886606975702,0.5878079115758432,0.0,0.5965265344015794,,,,,,,,,,,
lightgbm,rel-amazon,item-churn,BINARY_CLASSIFICATION,0,30,roc_auc,cpu,False,"{""bagging_fraction"": 0.766732967316, ""bagging_freq"": 1, ""cat_l2"": 0.2949769749976, ""cat_smooth"": 76.211749790676, ""extra_trees"": false, ""feature_fraction"": 0.9380027758242, ""lambda_l1"": 0.0207489343658, ""lambda_l2"": 1.6621138056269, ""learning_rate"": 0.0087194268009, ""max_cat_to_onehot"": 51, ""min_data_in_leaf"": 2, ""min_data_per_group"": 20, ""n_estimators"": 428, ""num_leaves"": 19}",8d3659ac,r20,0.6037738319489837,,31.86764392100008,4.196030634999943,,,,0.4889310987810978,0.5890066351884472,0.0151578493115585,0.6037738319489837,,,,,,,,,,,
lightgbm,rel-amazon,item-churn,BINARY_CLASSIFICATION,0,30,roc_auc,cpu,False,"{""bagging_fraction"": 0.806683821355, ""bagging_freq"": 1, ""cat_l2"": 0.0082421437739, ""cat_smooth"": 0.0160008811562, ""extra_trees"": false, ""feature_fraction"": 0.5089787202952, ""lambda_l1"": 0.2184810145264, ""lambda_l2"": 0.9723705046664, ""learning_rate"": 0.0507096180332, ""max_cat_to_onehot"": 54, ""min_data_in_leaf"": 3, ""min_data_per_group"": 18, ""n_estimators"": 165, ""num_leaves"": 161}",a6d8d71e,r21,0.6546182945879494,,101.31529688899992,10.687925650999889,,,,0.5410978486349673,0.6063290355621338,0.1901663637310858,0.6546182945879494,,,,,,,,,,,
lightgbm,rel-amazon,item-churn,BINARY_CLASSIFICATION,0,30,roc_auc,cpu,False,"{""bagging_fraction"": 0.9821295835758, ""bagging_freq"": 1, ""cat_l2"": 0.1367124095637, ""cat_smooth"": 0.0031729973642, ""extra_trees"": true, ""feature_fraction"": 0.7074360779775, ""lambda_l1"": 0.4552232983118, ""lambda_l2"": 1.417125445225, ""learning_rate"": 0.0925784167972, ""max_cat_to_onehot"": 8, ""min_data_in_leaf"": 5, ""min_data_per_group"": 7, ""n_estimators"": 123, ""num_leaves"": 2}",38aedfa8,r22,0.5548477088618854,,7.70704428099998,0.5195288280001478,,,,0.455134544668275,0.5878079115758432,0.0,0.5548477088618854,,,,,,,,,,,
lightgbm,rel-amazon,item-churn,BINARY_CLASSIFICATION,0,30,roc_auc,cpu,False,"{""bagging_fraction"": 0.9295975761421, ""bagging_freq"": 1, ""cat_l2"": 0.1658867884192, ""cat_smooth"": 0.0012082259188, ""extra_trees"": false, ""feature_fraction"": 0.7482682823129, ""lambda_l1"": 0.8788818548033, ""lambda_l2"": 0.9963306369924, ""learning_rate"": 0.0662004421712, ""max_cat_to_onehot"": 15, ""min_data_in_leaf"": 1, ""min_data_per_group"": 44, ""n_estimators"": 510, ""num_leaves"": 23}",3e9b950f,r23,0.6337217583471818,,79.08640081700014,8.232867699000053,,,,0.5237519659485623,0.5992830169565927,0.1144235911595338,0.6337217583471818,,,,,,,,,,,
lightgbm,rel-amazon,item-churn,BINARY_CLASSIFICATION,0,30,roc_auc,cpu,False,"{""bagging_fraction"": 0.9245990859552, ""bagging_freq"": 1, ""cat_l2"": 1.592158021275, ""cat_smooth"": 44.4269586841343, ""extra_trees"": false, ""feature_fraction"": 0.872525293573, ""lambda_l1"": 0.492319014681, ""lambda_l2"": 1.6891157039359, ""learning_rate"": 0.0517998481756, ""max_cat_to_onehot"": 22, ""min_data_in_leaf"": 59, ""min_data_per_group"": 10, ""n_estimators"": 802, ""num_leaves"": 8}",0d0b00fe,r24,0.6299930144093536,,37.54881336099993,4.4812868439998965,,,,0.5162029151878746,0.5944543556438496,0.0809366510643182,0.6299930144093536,,,,,,,,,,,
lightgbm,rel-amazon,item-churn,BINARY_CLASSIFICATION,0,30,roc_auc,cpu,True,"{""bagging_fraction"": 0.9711159219238, ""bagging_freq"": 1, ""cat_l2"": 0.0287842816393, ""cat_smooth"": 2.2365712242177, ""extra_trees"": false, ""feature_fraction"": 0.7638852760411, ""lambda_l1"": 0.7155896013433, ""lambda_l2"": 0.3887650116637, ""learning_rate"": 0.0956151137114, ""max_cat_to_onehot"": 23, ""min_data_in_leaf"": 5, ""min_data_per_group"": 8, ""n_estimators"": 132, ""num_leaves"": 117}",311db951,r25,0.661363141267314,0.6622107702404185,77.09989553800006,7.658625475999997,66.90944888199988,7.10508238500006,,0.5489041621618681,0.6125365104198909,0.2519286350696482,0.661363141267314,0.504543203470378,0.6421944114791239,0.3563041157632546,0.6622107702404185,,,,,,,
lightgbm,rel-amazon,item-churn,BINARY_CLASSIFICATION,0,30,roc_auc,cpu,False,"{""bagging_fraction"": 0.7751868160582, ""bagging_freq"": 1, ""cat_l2"": 0.7205179793324, ""cat_smooth"": 0.2412048314858, ""extra_trees"": false, ""feature_fraction"": 0.5086905770421, ""lambda_l1"": 0.7774298210926, ""lambda_l2"": 0.7417685131559, ""learning_rate"": 0.006296404929, ""max_cat_to_onehot"": 41, ""min_data_in_leaf"": 17, ""min_data_per_group"": 4, ""n_estimators"": 197, ""num_leaves"": 50}",e3b85f93,r26,0.6027162587241088,,39.52100745799999,1.9943780219998644,,,,0.4873997663394625,0.587813539386231,2.7306363748071488e-05,0.6027162587241088,,,,,,,,,,,
lightgbm,rel-amazon,item-churn,BINARY_CLASSIFICATION,0,30,roc_auc,cpu,False,"{""bagging_fraction"": 0.9032235488416, ""bagging_freq"": 1, ""cat_l2"": 0.0484438463597, ""cat_smooth"": 0.2752154717585, ""extra_trees"": false, ""feature_fraction"": 0.8731273073839, ""lambda_l1"": 0.2594966220889, ""lambda_l2"": 0.3941888549433, ""learning_rate"": 0.0236586574252, ""max_cat_to_onehot"": 8, ""min_data_in_leaf"": 3, ""min_data_per_group"": 69, ""n_estimators"": 438, ""num_leaves"": 9}",d90cbc4e,r27,0.5976526923802383,,34.08000485400021,2.064377940999975,,,,0.4816781183023218,0.5878529340589457,0.0003549003549003,0.5976526923802383,,,,,,,,,,,
lightgbm,rel-amazon,item-churn,BINARY_CLASSIFICATION,0,30,roc_auc,cpu,False,"{""bagging_fraction"": 0.943127227378, ""bagging_freq"": 1, ""cat_l2"": 0.0089165711882, ""cat_smooth"": 0.196142976357, ""extra_trees"": false, ""feature_fraction"": 0.4341088458599, ""lambda_l1"": 0.3738757566188, ""lambda_l2"": 0.9197657819236, ""learning_rate"": 0.0125354274243, ""max_cat_to_onehot"": 23, ""min_data_in_leaf"": 1, ""min_data_per_group"": 16, ""n_estimators"": 165, ""num_leaves"": 65}",10f688c8,r28,0.6207455587355862,,41.490532798,2.845255702000032,,,,0.503978179434465,0.5879711180770898,0.0010642507265557,0.6207455587355862,,,,,,,,,,,
lightgbm,rel-amazon,item-churn,BINARY_CLASSIFICATION,0,30,roc_auc,cpu,False,"{""bagging_fraction"": 0.8296444149774, ""bagging_freq"": 1, ""cat_l2"": 0.0231985345244, ""cat_smooth"": 0.419723324168, ""extra_trees"": true, ""feature_fraction"": 0.818198345035, ""lambda_l1"": 0.5876408752329, ""lambda_l2"": 0.0893201412781, ""learning_rate"": 0.0282078967013, ""max_cat_to_onehot"": 29, ""min_data_in_leaf"": 5, ""min_data_per_group"": 12, ""n_estimators"": 750, ""num_leaves"": 37}",fb774425,r29,0.6274714632896798,,97.86247695399992,11.01600974300004,,,,0.5145220490922457,0.5910101356865084,0.0250861918624149,0.6274714632896798,,,,,,,,,,,
lightgbm,rel-amazon,item-churn,BINARY_CLASSIFICATION,0,30,roc_auc,cpu,False,"{""bagging_fraction"": 0.8808290128215, ""bagging_freq"": 1, ""cat_l2"": 1.0457234595842, ""cat_smooth"": 0.6921859910209, ""extra_trees"": true, ""feature_fraction"": 0.9220523550151, ""lambda_l1"": 0.7206605914604, ""lambda_l2"": 0.9472534786514, ""learning_rate"": 0.0132034424949, ""max_cat_to_onehot"": 25, ""min_data_in_leaf"": 15, ""min_data_per_group"": 7, ""n_estimators"": 335, ""num_leaves"": 35}",7ae6364f,r3,0.6133718276932388,,66.974451929,3.103333164999981,,,,0.4991193170366701,0.5880217683705801,0.0016093396252148,0.6133718276932388,,,,,,,,,,,
lightgbm,rel-amazon,item-churn,BINARY_CLASSIFICATION,0,30,roc_auc,cpu,False,"{""bagging_fraction"": 0.9256403562964, ""bagging_freq"": 1, ""cat_l2"": 0.173468569422, ""cat_smooth"": 0.1622096133057, ""extra_trees"": true, ""feature_fraction"": 0.8672172375647, ""lambda_l1"": 0.2728946202342, ""lambda_l2"": 1.5996117895528, ""learning_rate"": 0.0885567275464, ""max_cat_to_onehot"": 31, ""min_data_in_leaf"": 54, ""min_data_per_group"": 63, ""n_estimators"": 395, ""num_leaves"": 6}",a691dd6f,r30,0.5724275188440345,,18.77405130599982,0.9359039900000424,,,,0.4719448994341608,0.5880893020952338,0.0020724258289703,0.5724275188440345,,,,,,,,,,,
lightgbm,rel-amazon,item-churn,BINARY_CLASSIFICATION,0,30,roc_auc,cpu,False,"{""bagging_fraction"": 0.8634649548991, ""bagging_freq"": 1, ""cat_l2"": 1.6087120636028, ""cat_smooth"": 42.4603130176821, ""extra_trees"": false, ""feature_fraction"": 0.6841648271642, ""lambda_l1"": 0.5820615900959, ""lambda_l2"": 0.3727460534192, ""learning_rate"": 0.0078289135266, ""max_cat_to_onehot"": 37, ""min_data_in_leaf"": 2, ""min_data_per_group"": 2, ""n_estimators"": 987, ""num_leaves"": 9}",1d48d1c9,r4,0.604840369530999,,48.02084706899995,5.159131467999998,,,,0.4911008294511438,0.5891191913962035,0.0148695875106259,0.604840369530999,,,,,,,,,,,
lightgbm,rel-amazon,item-churn,BINARY_CLASSIFICATION,0,30,roc_auc,cpu,False,"{""bagging_fraction"": 0.8270964398017, ""bagging_freq"": 1, ""cat_l2"": 0.0497402357678, ""cat_smooth"": 0.0022655846367, ""extra_trees"": true, ""feature_fraction"": 0.8805464511878, ""lambda_l1"": 0.5374194921261, ""lambda_l2"": 1.4738626624402, ""learning_rate"": 0.009732329389, ""max_cat_to_onehot"": 78, ""min_data_in_leaf"": 4, ""min_data_per_group"": 24, ""n_estimators"": 285, ""num_leaves"": 44}",4f68409e,r5,0.5574873755324341,,19.353477011999985,0.8483443049999551,,,,0.4624005551024044,0.5878079115758432,0.0,0.5574873755324341,,,,,,,,,,,
lightgbm,rel-amazon,item-churn,BINARY_CLASSIFICATION,0,30,roc_auc,cpu,False,"{""bagging_fraction"": 0.7951605226208, ""bagging_freq"": 1, ""cat_l2"": 0.2087627025057, ""cat_smooth"": 0.0018992120999, ""extra_trees"": true, ""feature_fraction"": 0.5907899076364, ""lambda_l1"": 0.2654629519904, ""lambda_l2"": 0.6372060480074, ""learning_rate"": 0.0086558049456, ""max_cat_to_onehot"": 44, ""min_data_in_leaf"": 11, ""min_data_per_group"": 11, ""n_estimators"": 164, ""num_leaves"": 56}",3c57d7d3,r6,0.5688149427210292,,18.623476595,1.141012862000025,,,,0.4692004683228767,0.5878079115758432,0.0,0.5688149427210292,,,,,,,,,,,
lightgbm,rel-amazon,item-churn,BINARY_CLASSIFICATION,0,30,roc_auc,cpu,False,"{""bagging_fraction"": 0.9335036446078, ""bagging_freq"": 1, ""cat_l2"": 0.2830562687557, ""cat_smooth"": 0.1802171314263, ""extra_trees"": true, ""feature_fraction"": 0.6485577967088, ""lambda_l1"": 0.5232957286614, ""lambda_l2"": 1.3348540188894, ""learning_rate"": 0.0289761662926, ""max_cat_to_onehot"": 15, ""min_data_in_leaf"": 11, ""min_data_per_group"": 55, ""n_estimators"": 701, ""num_leaves"": 20}",134c98bb,r7,0.5668100146021458,,30.459958013000005,1.5695293150000111,,,,0.4680297309322025,0.5878979565420482,0.0006005186297256,0.5668100146021458,,,,,,,,,,,
lightgbm,rel-amazon,item-churn,BINARY_CLASSIFICATION,0,30,roc_auc,cpu,False,"{""bagging_fraction"": 0.9848713160352, ""bagging_freq"": 1, ""cat_l2"": 1.6905546285477, ""cat_smooth"": 0.001258746648, ""extra_trees"": true, ""feature_fraction"": 0.4384884978093, ""lambda_l1"": 0.0940311167074, ""lambda_l2"": 0.2636825450225, ""learning_rate"": 0.0053104402291, ""max_cat_to_onehot"": 51, ""min_data_in_leaf"": 10, ""min_data_per_group"": 31, ""n_estimators"": 285, ""num_leaves"": 164}",42517afb,r8,0.5570197834533881,,16.21607093199998,0.7388565129999733,,,,0.4600560627332777,0.5878079115758432,0.0,0.5570197834533881,,,,,,,,,,,
lightgbm,rel-amazon,item-churn,BINARY_CLASSIFICATION,0,30,roc_auc,cpu,False,"{""bagging_fraction"": 0.898758060085, ""bagging_freq"": 1, ""cat_l2"": 0.964011246959, ""cat_smooth"": 0.1616421454928, ""extra_trees"": false, ""feature_fraction"": 0.815483271622, ""lambda_l1"": 0.5759889009066, ""lambda_l2"": 1.4326827755167, ""learning_rate"": 0.0599026240177, ""max_cat_to_onehot"": 91, ""min_data_in_leaf"": 2, ""min_data_per_group"": 6, ""n_estimators"": 702, ""num_leaves"": 39}",b7f5d391,r9,0.6539006458799156,,165.057923965,20.64743978599995,,,,0.5399513631294884,0.6109382122697522,0.2670794283533353,0.6539006458799156,,,,,,,,,,,
lightgbm,rel-amazon,item-ltv,REGRESSION,0,30,mae,cpu,False,{},bf21a9e8,default,53.8237461459183,58.5784365974507,18.455314902999987,0.7813404489999982,17.84980784200002,0.8076785889998064,,,,,,,,,,0.0281657090500933,53.8237461459183,445.60514063598606,0.0119151606998602,58.5784365974507,660.6408988001893,
lightgbm,rel-amazon,item-ltv,REGRESSION,0,30,mae,cpu,False,"{""bagging_fraction"": 0.8646440511782, ""bagging_freq"": 1, ""cat_l2"": 0.2396763788772, ""cat_smooth"": 9.0912832806515, ""extra_trees"": true, ""feature_fraction"": 0.9742930953718, ""lambda_l1"": 0.5205254318032, ""lambda_l2"": 1.5172553870823, ""learning_rate"": 0.0095655183906, ""max_cat_to_onehot"": 21, ""min_data_in_leaf"": 1, ""min_data_per_group"": 38, ""n_estimators"": 885, ""num_leaves"": 13}",9ddece77,r1,55.00655224504566,,71.44225365399998,3.301548642,,,,,,,,,,,,0.0093368718093748,55.00655224504566,449.9011284083515,,,,
lightgbm,rel-amazon,item-ltv,REGRESSION,0,30,mae,cpu,False,"{""bagging_fraction"": 0.7040714906836, ""bagging_freq"": 1, ""cat_l2"": 0.1059359109832, ""cat_smooth"": 79.0557829290776, ""extra_trees"": true, ""feature_fraction"": 0.7399608725239, ""lambda_l1"": 0.9293032679565, ""lambda_l2"": 0.5788832452851, ""learning_rate"": 0.0050708289337, ""max_cat_to_onehot"": 15, ""min_data_in_leaf"": 53, ""min_data_per_group"": 48, ""n_estimators"": 398, ""num_leaves"": 14}",85d4ebc9,r10,56.64973930067068,,33.36638169399998,1.9295309679999944,,,,,,,,,,,,-0.0059521694705355,56.64973930067068,453.359529219761,,,,
lightgbm,rel-amazon,item-ltv,REGRESSION,0,30,mae,cpu,False,"{""bagging_fraction"": 0.8819179642384, ""bagging_freq"": 1, ""cat_l2"": 0.2028071332361, ""cat_smooth"": 0.9002514016925, ""extra_trees"": true, ""feature_fraction"": 0.9904253448185, ""lambda_l1"": 0.3523764300344, ""lambda_l2"": 1.0166800656129, ""learning_rate"": 0.0076046378471, ""max_cat_to_onehot"": 9, ""min_data_in_leaf"": 51, ""min_data_per_group"": 4, ""n_estimators"": 309, ""num_leaves"": 50}",eb5d77d2,r11,55.39678838921514,,57.381630223,2.7874912269999186,,,,,,,,,,,,0.001343719830266,55.39678838921514,451.7124925755023,,,,
lightgbm,rel-amazon,item-ltv,REGRESSION,0,30,mae,cpu,False,"{""bagging_fraction"": 0.7057579594928, ""bagging_freq"": 1, ""cat_l2"": 0.0652607238611, ""cat_smooth"": 0.7440913299852, ""extra_trees"": true, ""feature_fraction"": 0.5562045565524, ""lambda_l1"": 0.4693022490728, ""lambda_l2"": 0.3337783413457, ""learning_rate"": 0.005523232486, ""max_cat_to_onehot"": 20, ""min_data_in_leaf"": 22, ""min_data_per_group"": 3, ""n_estimators"": 298, ""num_leaves"": 194}",97b0d170,r12,56.14784057799839,,106.28426406300002,9.713775751999949,,,,,,,,,,,,-0.0017173403696697,56.14784057799839,452.40425269891136,,,,
lightgbm,rel-amazon,item-ltv,REGRESSION,0,30,mae,cpu,False,"{""bagging_fraction"": 0.7904724450024, ""bagging_freq"": 1, ""cat_l2"": 0.0112585288934, ""cat_smooth"": 1.8450328342775, ""extra_trees"": false, ""feature_fraction"": 0.7222135128255, ""lambda_l1"": 0.8411560157726, ""lambda_l2"": 1.5581241341161, ""learning_rate"": 0.0949138303247, ""max_cat_to_onehot"": 8, ""min_data_in_leaf"": 4, ""min_data_per_group"": 12, ""n_estimators"": 523, ""num_leaves"": 6}",b0f88568,r13,54.5241558346831,,42.18080866999992,1.7493016979999538,,,,,,,,,,,,0.0274347301613817,54.5241558346831,445.77269323540736,,,,
lightgbm,rel-amazon,item-ltv,REGRESSION,0,30,mae,cpu,False,"{""bagging_fraction"": 0.8980520612478, ""bagging_freq"": 1, ""cat_l2"": 0.0298619738506, ""cat_smooth"": 1.8218656600978, ""extra_trees"": false, ""feature_fraction"": 0.6687557031224, ""lambda_l1"": 0.9046572794351, ""lambda_l2"": 1.7298800978754, ""learning_rate"": 0.0152979229147, ""max_cat_to_onehot"": 14, ""min_data_in_leaf"": 7, ""min_data_per_group"": 61, ""n_estimators"": 223, ""num_leaves"": 45}",c9bdab03,r14,54.12475539078957,,40.588311052,2.586896340000066,,,,,,,,,,,,0.0125529823456631,54.12475539078957,449.1702502894487,,,,
lightgbm,rel-amazon,item-ltv,REGRESSION,0,30,mae,cpu,False,"{""bagging_fraction"": 0.7870232821631, ""bagging_freq"": 1, ""cat_l2"": 0.1520732736224, ""cat_smooth"": 0.143579414226, ""extra_trees"": false, ""feature_fraction"": 0.4597414534665, ""lambda_l1"": 0.0376556278898, ""lambda_l2"": 0.8228523078385, ""learning_rate"": 0.0175995134195, ""max_cat_to_onehot"": 55, ""min_data_in_leaf"": 4, ""min_data_per_group"": 81, ""n_estimators"": 58, ""num_leaves"": 107}",5c4e94f9,r15,57.40320410291215,,26.83131933200002,2.4743620770000234,,,,,,,,,,,,-0.0059734797675292,57.40320410291215,453.36433122493577,,,,
lightgbm,rel-amazon,item-ltv,REGRESSION,0,30,mae,cpu,False,"{""bagging_fraction"": 0.9252532736885, ""bagging_freq"": 1, ""cat_l2"": 0.0185425303217, ""cat_smooth"": 0.0026697944708, ""extra_trees"": true, ""feature_fraction"": 0.4403497788779, ""lambda_l1"": 0.990339913502, ""lambda_l2"": 1.5167814698069, ""learning_rate"": 0.032907451476, ""max_cat_to_onehot"": 89, ""min_data_in_leaf"": 2, ""min_data_per_group"": 10, ""n_estimators"": 665, ""num_leaves"": 12}",66abad1a,r16,54.88293530343488,,61.65517643300018,3.824711246000106,,,,,,,,,,,,0.0205190293853259,54.88293530343488,447.3547822322203,,,,
lightgbm,rel-amazon,item-ltv,REGRESSION,0,30,mae,cpu,False,"{""bagging_fraction"": 0.9893469303368, ""bagging_freq"": 1, ""cat_l2"": 0.1517170923124, ""cat_smooth"": 0.0019146599966, ""extra_trees"": true, ""feature_fraction"": 0.8076356640991, ""lambda_l1"": 0.2169752947, ""lambda_l2"": 0.6401022999299, ""learning_rate"": 0.0682833284969, ""max_cat_to_onehot"": 45, ""min_data_in_leaf"": 2, ""min_data_per_group"": 8, ""n_estimators"": 71, ""num_leaves"": 27}",e3bf995d,r17,55.11395626983967,,14.935716313000055,0.8264381810001851,,,,,,,,,,,,0.0110764291004815,55.11395626983967,449.50595237291833,,,,
lightgbm,rel-amazon,item-ltv,REGRESSION,0,30,mae,cpu,False,"{""bagging_fraction"": 0.8662727305253, ""bagging_freq"": 1, ""cat_l2"": 0.0750558998512, ""cat_smooth"": 0.2749087238468, ""extra_trees"": true, ""feature_fraction"": 0.6722181067336, ""lambda_l1"": 0.6631118952798, ""lambda_l2"": 0.7669894419544, ""learning_rate"": 0.011346355764, ""max_cat_to_onehot"": 13, ""min_data_in_leaf"": 8, ""min_data_per_group"": 12, ""n_estimators"": 235, ""num_leaves"": 4}",d16f6217,r18,57.10274079950878,,18.624601632999884,0.6980705739999848,,,,,,,,,,,,-0.0083473129976001,57.10274079950878,453.8989264157597,,,,
lightgbm,rel-amazon,item-ltv,REGRESSION,0,30,mae,cpu,False,"{""bagging_fraction"": 0.7637171496671, ""bagging_freq"": 1, ""cat_l2"": 1.6733394870119, ""cat_smooth"": 25.4110617183616, ""extra_trees"": true, ""feature_fraction"": 0.7219475266652, ""lambda_l1"": 0.2633960444995, ""lambda_l2"": 1.1766753953959, ""learning_rate"": 0.0546075727721, ""max_cat_to_onehot"": 88, ""min_data_in_leaf"": 1, ""min_data_per_group"": 5, ""n_estimators"": 74, ""num_leaves"": 3}",3c940a82,r19,56.85970286579211,,9.69142757999998,0.5729231630000413,,,,,,,,,,,,-0.0073888750372927,56.85970286579211,453.68315880269216,,,,
lightgbm,rel-amazon,item-ltv,REGRESSION,0,30,mae,cpu,False,"{""bagging_fraction"": 0.9145568099117, ""bagging_freq"": 1, ""cat_l2"": 0.0688015432043, ""cat_smooth"": 0.4410365667971, ""extra_trees"": false, ""feature_fraction"": 0.4842104682476, ""lambda_l1"": 0.6789116421659, ""lambda_l2"": 0.2119046236149, ""learning_rate"": 0.007497093098, ""max_cat_to_onehot"": 78, ""min_data_in_leaf"": 57, ""min_data_per_group"": 21, ""n_estimators"": 353, ""num_leaves"": 17}",a3464b9d,r2,56.61192043739496,,44.697678053,2.9578252839999664,,,,,,,,,,,,-0.0016633040402662,56.61192043739496,452.3920503570298,,,,
lightgbm,rel-amazon,item-ltv,REGRESSION,0,30,mae,cpu,False,"{""bagging_fraction"": 0.766732967316, ""bagging_freq"": 1, ""cat_l2"": 0.2949769749976, ""cat_smooth"": 76.211749790676, ""extra_trees"": false, ""feature_fraction"": 0.9380027758242, ""lambda_l1"": 0.0207489343658, ""lambda_l2"": 1.6621138056269, ""learning_rate"": 0.0087194268009, ""max_cat_to_onehot"": 51, ""min_data_in_leaf"": 2, ""min_data_per_group"": 20, ""n_estimators"": 428, ""num_leaves"": 19}",8d3659ac,r20,55.455453341750655,,33.885359763,1.480972565000002,,,,,,,,,,,,0.0055144106834463,55.455453341750655,450.76826165928907,,,,
lightgbm,rel-amazon,item-ltv,REGRESSION,0,30,mae,cpu,False,"{""bagging_fraction"": 0.806683821355, ""bagging_freq"": 1, ""cat_l2"": 0.0082421437739, ""cat_smooth"": 0.0160008811562, ""extra_trees"": false, ""feature_fraction"": 0.5089787202952, ""lambda_l1"": 0.2184810145264, ""lambda_l2"": 0.9723705046664, ""learning_rate"": 0.0507096180332, ""max_cat_to_onehot"": 54, ""min_data_in_leaf"": 3, ""min_data_per_group"": 18, ""n_estimators"": 165, ""num_leaves"": 161}",a6d8d71e,r21,52.38309017725,,62.91643912399991,4.738639762000048,,,,,,,,,,,,0.0689999777296987,52.38309017725,436.1430221007296,,,,
lightgbm,rel-amazon,item-ltv,REGRESSION,0,30,mae,cpu,False,"{""bagging_fraction"": 0.9821295835758, ""bagging_freq"": 1, ""cat_l2"": 0.1367124095637, ""cat_smooth"": 0.0031729973642, ""extra_trees"": true, ""feature_fraction"": 0.7074360779775, ""lambda_l1"": 0.4552232983118, ""lambda_l2"": 1.417125445225, ""learning_rate"": 0.0925784167972, ""max_cat_to_onehot"": 8, ""min_data_in_leaf"": 5, ""min_data_per_group"": 7, ""n_estimators"": 123, ""num_leaves"": 2}",38aedfa8,r22,56.73916327253051,,12.662070749000122,0.6075042869999834,,,,,,,,,,,,-0.0041270819216201,56.73916327253051,452.948080001318,,,,
lightgbm,rel-amazon,item-ltv,REGRESSION,0,30,mae,cpu,False,"{""bagging_fraction"": 0.9295975761421, ""bagging_freq"": 1, ""cat_l2"": 0.1658867884192, ""cat_smooth"": 0.0012082259188, ""extra_trees"": false, ""feature_fraction"": 0.7482682823129, ""lambda_l1"": 0.8788818548033, ""lambda_l2"": 0.9963306369924, ""learning_rate"": 0.0662004421712, ""max_cat_to_onehot"": 15, ""min_data_in_leaf"": 1, ""min_data_per_group"": 44, ""n_estimators"": 510, ""num_leaves"": 23}",3e9b950f,r23,53.14937464579752,,68.73663291000003,5.281366574999993,,,,,,,,,,,,0.0625640097908966,53.14937464579752,437.6479458173252,,,,
lightgbm,rel-amazon,item-ltv,REGRESSION,0,30,mae,cpu,False,"{""bagging_fraction"": 0.9245990859552, ""bagging_freq"": 1, ""cat_l2"": 1.592158021275, ""cat_smooth"": 44.4269586841343, ""extra_trees"": false, ""feature_fraction"": 0.872525293573, ""lambda_l1"": 0.492319014681, ""lambda_l2"": 1.6891157039359, ""learning_rate"": 0.0517998481756, ""max_cat_to_onehot"": 22, ""min_data_in_leaf"": 59, ""min_data_per_group"": 10, ""n_estimators"": 802, ""num_leaves"": 8}",0d0b00fe,r24,55.08507142121787,,60.887451760999966,3.136473322000029,,,,,,,,,,,,0.0164856872034938,55.08507142121787,448.2749028334378,,,,
lightgbm,rel-amazon,item-ltv,REGRESSION,0,30,mae,cpu,True,"{""bagging_fraction"": 0.9711159219238, ""bagging_freq"": 1, ""cat_l2"": 0.0287842816393, ""cat_smooth"": 2.2365712242177, ""extra_trees"": false, ""feature_fraction"": 0.7638852760411, ""lambda_l1"": 0.7155896013433, ""lambda_l2"": 0.3887650116637, ""learning_rate"": 0.0956151137114, ""max_cat_to_onehot"": 23, ""min_data_in_leaf"": 5, ""min_data_per_group"": 8, ""n_estimators"": 132, ""num_leaves"": 117}",311db951,r25,51.64569918117943,55.75075029485173,42.17315698099992,2.661582681000027,42.150501536999855,2.245776565999904,,,,,,,,,,0.0874717248961267,51.64569918117943,431.7946409269873,0.0375031295885244,55.75075029485173,652.0306356753877,
lightgbm,rel-amazon,item-ltv,REGRESSION,0,30,mae,cpu,False,"{""bagging_fraction"": 0.7751868160582, ""bagging_freq"": 1, ""cat_l2"": 0.7205179793324, ""cat_smooth"": 0.2412048314858, ""extra_trees"": false, ""feature_fraction"": 0.5086905770421, ""lambda_l1"": 0.7774298210926, ""lambda_l2"": 0.7417685131559, ""learning_rate"": 0.006296404929, ""max_cat_to_onehot"": 41, ""min_data_in_leaf"": 17, ""min_data_per_group"": 4, ""n_estimators"": 197, ""num_leaves"": 50}",e3b85f93,r26,56.22099658748325,,39.17147027200008,2.636366339999995,,,,,,,,,,,,-0.0061230115789059,56.22099658748325,453.39802489180727,,,,
lightgbm,rel-amazon,item-ltv,REGRESSION,0,30,mae,cpu,False,"{""bagging_fraction"": 0.9032235488416, ""bagging_freq"": 1, ""cat_l2"": 0.0484438463597, ""cat_smooth"": 0.2752154717585, ""extra_trees"": false, ""feature_fraction"": 0.8731273073839, ""lambda_l1"": 0.2594966220889, ""lambda_l2"": 0.3941888549433, ""learning_rate"": 0.0236586574252, ""max_cat_to_onehot"": 8, ""min_data_in_leaf"": 3, ""min_data_per_group"": 69, ""n_estimators"": 438, ""num_leaves"": 9}",d90cbc4e,r27,55.13040158048973,,37.844079084999976,1.0846184279998852,,,,,,,,,,,,0.0084348363234009,55.13040158048973,450.1059076281546,,,,
lightgbm,rel-amazon,item-ltv,REGRESSION,0,30,mae,cpu,False,"{""bagging_fraction"": 0.943127227378, ""bagging_freq"": 1, ""cat_l2"": 0.0089165711882, ""cat_smooth"": 0.196142976357, ""extra_trees"": false, ""feature_fraction"": 0.4341088458599, ""lambda_l1"": 0.3738757566188, ""lambda_l2"": 0.9197657819236, ""learning_rate"": 0.0125354274243, ""max_cat_to_onehot"": 23, ""min_data_in_leaf"": 1, ""min_data_per_group"": 16, ""n_estimators"": 165, ""num_leaves"": 65}",10f688c8,r28,56.257700820073225,,47.214064017000055,4.925564770999927,,,,,,,,,,,,0.0014369938899829,56.257700820073225,451.6913972083113,,,,
lightgbm,rel-amazon,item-ltv,REGRESSION,0,30,mae,cpu,False,"{""bagging_fraction"": 0.8296444149774, ""bagging_freq"": 1, ""cat_l2"": 0.0231985345244, ""cat_smooth"": 0.419723324168, ""extra_trees"": true, ""feature_fraction"": 0.818198345035, ""lambda_l1"": 0.5876408752329, ""lambda_l2"": 0.0893201412781, ""learning_rate"": 0.0282078967013, ""max_cat_to_onehot"": 29, ""min_data_in_leaf"": 5, ""min_data_per_group"": 12, ""n_estimators"": 750, ""num_leaves"": 37}",fb774425,r29,53.42426175412987,,93.25904325300009,7.099916471000142,,,,,,,,,,,,0.0636378247325831,53.42426175412987,437.3972153322732,,,,
lightgbm,rel-amazon,item-ltv,REGRESSION,0,30,mae,cpu,False,"{""bagging_fraction"": 0.8808290128215, ""bagging_freq"": 1, ""cat_l2"": 1.0457234595842, ""cat_smooth"": 0.6921859910209, ""extra_trees"": true, ""feature_fraction"": 0.9220523550151, ""lambda_l1"": 0.7206605914604, ""lambda_l2"": 0.9472534786514, ""learning_rate"": 0.0132034424949, ""max_cat_to_onehot"": 25, ""min_data_in_leaf"": 15, ""min_data_per_group"": 7, ""n_estimators"": 335, ""num_leaves"": 35}",7ae6364f,r3,54.640152234042326,,54.65607789999996,2.494544093999991,,,,,,,,,,,,0.0109951202326112,54.640152234042326,449.52443108549926,,,,
lightgbm,rel-amazon,item-ltv,REGRESSION,0,30,mae,cpu,False,"{""bagging_fraction"": 0.9256403562964, ""bagging_freq"": 1, ""cat_l2"": 0.173468569422, ""cat_smooth"": 0.1622096133057, ""extra_trees"": true, ""feature_fraction"": 0.8672172375647, ""lambda_l1"": 0.2728946202342, ""lambda_l2"": 1.5996117895528, ""learning_rate"": 0.0885567275464, ""max_cat_to_onehot"": 31, ""min_data_in_leaf"": 54, ""min_data_per_group"": 63, ""n_estimators"": 395, ""num_leaves"": 6}",a691dd6f,r30,55.65051815089981,,27.20394046499996,0.9219394749998172,,,,,,,,,,,,0.0078806878818201,55.65051815089981,450.2316636840851,,,,
lightgbm,rel-amazon,item-ltv,REGRESSION,0,30,mae,cpu,False,"{""bagging_fraction"": 0.8634649548991, ""bagging_freq"": 1, ""cat_l2"": 1.6087120636028, ""cat_smooth"": 42.4603130176821, ""extra_trees"": false, ""feature_fraction"": 0.6841648271642, ""lambda_l1"": 0.5820615900959, ""lambda_l2"": 0.3727460534192, ""learning_rate"": 0.0078289135266, ""max_cat_to_onehot"": 37, ""min_data_in_leaf"": 2, ""min_data_per_group"": 2, ""n_estimators"": 987, ""num_leaves"": 9}",1d48d1c9,r4,55.09195661858363,,71.47919820100003,3.35628921700004,,,,,,,,,,,,0.0078693400300793,55.09195661858363,450.2342385495758,,,,
lightgbm,rel-amazon,item-ltv,REGRESSION,0,30,mae,cpu,False,"{""bagging_fraction"": 0.8270964398017, ""bagging_freq"": 1, ""cat_l2"": 0.0497402357678, ""cat_smooth"": 0.0022655846367, ""extra_trees"": true, ""feature_fraction"": 0.8805464511878, ""lambda_l1"": 0.5374194921261, ""lambda_l2"": 1.4738626624402, ""learning_rate"": 0.009732329389, ""max_cat_to_onehot"": 78, ""min_data_in_leaf"": 4, ""min_data_per_group"": 24, ""n_estimators"": 285, ""num_leaves"": 44}",4f68409e,r5,56.04314497949449,,37.99406175600001,1.70985299299997,,,,,,,,,,,,-0.0009202381598036,56.04314497949449,452.22421977862416,,,,
lightgbm,rel-amazon,item-ltv,REGRESSION,0,30,mae,cpu,False,"{""bagging_fraction"": 0.7951605226208, ""bagging_freq"": 1, ""cat_l2"": 0.2087627025057, ""cat_smooth"": 0.0018992120999, ""extra_trees"": true, ""feature_fraction"": 0.5907899076364, ""lambda_l1"": 0.2654629519904, ""lambda_l2"": 0.6372060480074, ""learning_rate"": 0.0086558049456, ""max_cat_to_onehot"": 44, ""min_data_in_leaf"": 11, ""min_data_per_group"": 11, ""n_estimators"": 164, ""num_leaves"": 56}",3c57d7d3,r6,56.71580452720815,,37.64386195900005,2.6600929840000163,,,,,,,,,,,,-0.0050688859516516,56.71580452720815,453.1604477154613,,,,
lightgbm,rel-amazon,item-ltv,REGRESSION,0,30,mae,cpu,False,"{""bagging_fraction"": 0.9335036446078, ""bagging_freq"": 1, ""cat_l2"": 0.2830562687557, ""cat_smooth"": 0.1802171314263, ""extra_trees"": true, ""feature_fraction"": 0.6485577967088, ""lambda_l1"": 0.5232957286614, ""lambda_l2"": 1.3348540188894, ""learning_rate"": 0.0289761662926, ""max_cat_to_onehot"": 15, ""min_data_in_leaf"": 11, ""min_data_per_group"": 55, ""n_estimators"": 701, ""num_leaves"": 20}",134c98bb,r7,55.73133515315598,,46.35796541100001,1.5986012729999857,,,,,,,,,,,,0.0060762067616401,55.73133515315598,450.640921646066,,,,
lightgbm,rel-amazon,item-ltv,REGRESSION,0,30,mae,cpu,False,"{""bagging_fraction"": 0.9848713160352, ""bagging_freq"": 1, ""cat_l2"": 1.6905546285477, ""cat_smooth"": 0.001258746648, ""extra_trees"": true, ""feature_fraction"": 0.4384884978093, ""lambda_l1"": 0.0940311167074, ""lambda_l2"": 0.2636825450225, ""learning_rate"": 0.0053104402291, ""max_cat_to_onehot"": 51, ""min_data_in_leaf"": 10, ""min_data_per_group"": 31, ""n_estimators"": 285, ""num_leaves"": 164}",42517afb,r8,58.177767193976926,,30.21360732200003,1.247300365000001,,,,,,,,,,,,-0.0088516551360553,58.177767193976926,454.0124248774456,,,,
lightgbm,rel-amazon,item-ltv,REGRESSION,0,30,mae,cpu,False,"{""bagging_fraction"": 0.898758060085, ""bagging_freq"": 1, ""cat_l2"": 0.964011246959, ""cat_smooth"": 0.1616421454928, ""extra_trees"": false, ""feature_fraction"": 0.815483271622, ""lambda_l1"": 0.5759889009066, ""lambda_l2"": 1.4326827755167, ""learning_rate"": 0.0599026240177, ""max_cat_to_onehot"": 91, ""min_data_in_leaf"": 2, ""min_data_per_group"": 6, ""n_estimators"": 702, ""num_leaves"": 39}",b7f5d391,r9,52.58795383850372,,129.25509966000004,12.63893934300006,,,,,,,,,,,,0.080634698798098,52.58795383850372,433.4092112256063,,,,
lightgbm,rel-amazon,user-churn,BINARY_CLASSIFICATION,0,30,roc_auc,cpu,False,{},bf21a9e8,default,0.5139363210866048,0.5170021084707017,20.069410939,3.907865893000008,19.12916859300003,3.173247794999952,,0.6496548755762026,0.6421550445103857,0.7811228495434152,0.5139363210866048,0.6159486199956169,0.6070278642170027,0.754655183732273,0.5170021084707017,,,,,,,
lightgbm,rel-amazon,user-churn,BINARY_CLASSIFICATION,0,30,roc_auc,cpu,False,"{""bagging_fraction"": 0.8646440511782, ""bagging_freq"": 1, ""cat_l2"": 0.2396763788772, ""cat_smooth"": 9.0912832806515, ""extra_trees"": true, ""feature_fraction"": 0.9742930953718, ""lambda_l1"": 0.5205254318032, ""lambda_l2"": 1.5172553870823, ""learning_rate"": 0.0095655183906, ""max_cat_to_onehot"": 21, ""min_data_in_leaf"": 1, ""min_data_per_group"": 38, ""n_estimators"": 885, ""num_leaves"": 13}",9ddece77,r1,0.5118366291797938,,66.45516869200003,8.558012624000014,,,,0.6481356732711511,0.6424942409807902,0.7820742241480615,0.5118366291797938,,,,,,,,,,,
lightgbm,rel-amazon,user-churn,BINARY_CLASSIFICATION,0,30,roc_auc,cpu,False,"{""bagging_fraction"": 0.7040714906836, ""bagging_freq"": 1, ""cat_l2"": 0.1059359109832, ""cat_smooth"": 79.0557829290776, ""extra_trees"": true, ""feature_fraction"": 0.7399608725239, ""lambda_l1"": 0.9293032679565, ""lambda_l2"": 0.5788832452851, ""learning_rate"": 0.0050708289337, ""max_cat_to_onehot"": 15, ""min_data_in_leaf"": 53, ""min_data_per_group"": 48, ""n_estimators"": 398, ""num_leaves"": 14}",85d4ebc9,r10,0.5108785757995644,,35.005417717,4.86002934499993,,,,0.6474460863487541,0.6420281508667812,0.7819940852145224,0.5108785757995644,,,,,,,,,,,
lightgbm,rel-amazon,user-churn,BINARY_CLASSIFICATION,0,30,roc_auc,cpu,False,"{""bagging_fraction"": 0.8819179642384, ""bagging_freq"": 1, ""cat_l2"": 0.2028071332361, ""cat_smooth"": 0.9002514016925, ""extra_trees"": true, ""feature_fraction"": 0.9904253448185, ""lambda_l1"": 0.3523764300344, ""lambda_l2"": 1.0166800656129, ""learning_rate"": 0.0076046378471, ""max_cat_to_onehot"": 9, ""min_data_in_leaf"": 51, ""min_data_per_group"": 4, ""n_estimators"": 309, ""num_leaves"": 50}",eb5d77d2,r11,0.5029063139761406,,40.01263111999992,5.297178207000002,,,,0.6435620638363688,0.642662619084804,0.7822218917311125,0.5029063139761406,,,,,,,,,,,
lightgbm,rel-amazon,user-churn,BINARY_CLASSIFICATION,0,30,roc_auc,cpu,False,"{""bagging_fraction"": 0.7057579594928, ""bagging_freq"": 1, ""cat_l2"": 0.0652607238611, ""cat_smooth"": 0.7440913299852, ""extra_trees"": true, ""feature_fraction"": 0.5562045565524, ""lambda_l1"": 0.4693022490728, ""lambda_l2"": 0.3337783413457, ""learning_rate"": 0.005523232486, ""max_cat_to_onehot"": 20, ""min_data_in_leaf"": 22, ""min_data_per_group"": 3, ""n_estimators"": 298, ""num_leaves"": 194}",97b0d170,r12,0.5131644983837509,,60.434617323,14.267894894000053,,,,0.649105258332749,0.642672380134312,0.782223306255633,0.5131644983837509,,,,,,,,,,,
lightgbm,rel-amazon,user-churn,BINARY_CLASSIFICATION,0,30,roc_auc,cpu,False,"{""bagging_fraction"": 0.7904724450024, ""bagging_freq"": 1, ""cat_l2"": 0.0112585288934, ""cat_smooth"": 1.8450328342775, ""extra_trees"": false, ""feature_fraction"": 0.7222135128255, ""lambda_l1"": 0.8411560157726, ""lambda_l2"": 1.5581241341161, ""learning_rate"": 0.0949138303247, ""max_cat_to_onehot"": 8, ""min_data_in_leaf"": 4, ""min_data_per_group"": 12, ""n_estimators"": 523, ""num_leaves"": 6}",b0f88568,r13,0.5056541303835587,,37.58988783999996,3.489836874000048,,,,0.6452722093294526,0.642430794158988,0.7814992596303968,0.5056541303835587,,,,,,,,,,,
lightgbm,rel-amazon,user-churn,BINARY_CLASSIFICATION,0,30,roc_auc,cpu,False,"{""bagging_fraction"": 0.8980520612478, ""bagging_freq"": 1, ""cat_l2"": 0.0298619738506, ""cat_smooth"": 1.8218656600978, ""extra_trees"": false, ""feature_fraction"": 0.6687557031224, ""lambda_l1"": 0.9046572794351, ""lambda_l2"": 1.7298800978754, ""learning_rate"": 0.0152979229147, ""max_cat_to_onehot"": 14, ""min_data_in_leaf"": 7, ""min_data_per_group"": 61, ""n_estimators"": 223, ""num_leaves"": 45}",c9bdab03,r14,0.5121059967655499,,44.37725033299989,9.964963601000022,,,,0.6482421194454688,0.6425942917382477,0.7818688192541403,0.5121059967655499,,,,,,,,,,,
lightgbm,rel-amazon,user-churn,BINARY_CLASSIFICATION,0,30,roc_auc,cpu,False,"{""bagging_fraction"": 0.7870232821631, ""bagging_freq"": 1, ""cat_l2"": 0.1520732736224, ""cat_smooth"": 0.143579414226, ""extra_trees"": false, ""feature_fraction"": 0.4597414534665, ""lambda_l1"": 0.0376556278898, ""lambda_l2"": 0.8228523078385, ""learning_rate"": 0.0175995134195, ""max_cat_to_onehot"": 55, ""min_data_in_leaf"": 4, ""min_data_per_group"": 81, ""n_estimators"": 58, ""num_leaves"": 107}",5c4e94f9,r15,0.5137427345405885,,23.83981682800004,5.701316117000033,,,,0.6493833901527584,0.6426967827580822,0.7821759789584555,0.5137427345405885,,,,,,,,,,,
lightgbm,rel-amazon,user-churn,BINARY_CLASSIFICATION,0,30,roc_auc,cpu,False,"{""bagging_fraction"": 0.9252532736885, ""bagging_freq"": 1, ""cat_l2"": 0.0185425303217, ""cat_smooth"": 0.0026697944708, ""extra_trees"": true, ""feature_fraction"": 0.4403497788779, ""lambda_l1"": 0.990339913502, ""lambda_l2"": 1.5167814698069, ""learning_rate"": 0.032907451476, ""max_cat_to_onehot"": 89, ""min_data_in_leaf"": 2, ""min_data_per_group"": 10, ""n_estimators"": 665, ""num_leaves"": 12}",66abad1a,r16,0.5017006926531997,,43.73066216500001,4.420912057999885,,,,0.6428854855311795,0.6426943424957051,0.7821761115383986,0.5017006926531997,,,,,,,,,,,
lightgbm,rel-amazon,user-churn,BINARY_CLASSIFICATION,0,30,roc_auc,cpu,False,"{""bagging_fraction"": 0.9893469303368, ""bagging_freq"": 1, ""cat_l2"": 0.1517170923124, ""cat_smooth"": 0.0019146599966, ""extra_trees"": true, ""feature_fraction"": 0.8076356640991, ""lambda_l1"": 0.2169752947, ""lambda_l2"": 0.6401022999299, ""learning_rate"": 0.0682833284969, ""max_cat_to_onehot"": 45, ""min_data_in_leaf"": 2, ""min_data_per_group"": 8, ""n_estimators"": 71, ""num_leaves"": 27}",e3bf995d,r17,0.5014792254401671,,10.572219529999984,1.2120972459999848,,,,0.6426975490366627,0.6426919022333282,0.7822144746118675,0.5014792254401671,,,,,,,,,,,
lightgbm,rel-amazon,user-churn,BINARY_CLASSIFICATION,0,30,roc_auc,cpu,False,"{""bagging_fraction"": 0.8662727305253, ""bagging_freq"": 1, ""cat_l2"": 0.0750558998512, ""cat_smooth"": 0.2749087238468, ""extra_trees"": true, ""feature_fraction"": 0.6722181067336, ""lambda_l1"": 0.6631118952798, ""lambda_l2"": 0.7669894419544, ""learning_rate"": 0.011346355764, ""max_cat_to_onehot"": 13, ""min_data_in_leaf"": 8, ""min_data_per_group"": 12, ""n_estimators"": 235, ""num_leaves"": 4}",d16f6217,r18,0.5009225801034356,,16.09266849400001,0.919041376999985,,,,0.6424465957570356,0.642211170545057,0.7820741297843468,0.5009225801034356,,,,,,,,,,,
lightgbm,rel-amazon,user-churn,BINARY_CLASSIFICATION,0,30,roc_auc,cpu,False,"{""bagging_fraction"": 0.7637171496671, ""bagging_freq"": 1, ""cat_l2"": 1.6733394870119, ""cat_smooth"": 25.4110617183616, ""extra_trees"": true, ""feature_fraction"": 0.7219475266652, ""lambda_l1"": 0.2633960444995, ""lambda_l2"": 1.1766753953959, ""learning_rate"": 0.0546075727721, ""max_cat_to_onehot"": 88, ""min_data_in_leaf"": 1, ""min_data_per_group"": 5, ""n_estimators"": 74, ""num_leaves"": 3}",3c940a82,r19,0.5010521184947133,,7.399590195999963,0.5800235449999036,,,,0.6425311512092522,0.6421965289707949,0.7820554935393296,0.5010521184947133,,,,,,,,,,,
lightgbm,rel-amazon,user-churn,BINARY_CLASSIFICATION,0,30,roc_auc,cpu,False,"{""bagging_fraction"": 0.9145568099117, ""bagging_freq"": 1, ""cat_l2"": 0.0688015432043, ""cat_smooth"": 0.4410365667971, ""extra_trees"": false, ""feature_fraction"": 0.4842104682476, ""lambda_l1"": 0.6789116421659, ""lambda_l2"": 0.2119046236149, ""learning_rate"": 0.007497093098, ""max_cat_to_onehot"": 78, ""min_data_in_leaf"": 57, ""min_data_per_group"": 21, ""n_estimators"": 353, ""num_leaves"": 17}",a3464b9d,r2,0.5019031096669089,,40.185695399,6.541531030000044,,,,0.6429584606449933,0.6427065438075902,0.7822104414516527,0.5019031096669089,,,,,,,,,,,
lightgbm,rel-amazon,user-churn,BINARY_CLASSIFICATION,0,30,roc_auc,cpu,False,"{""bagging_fraction"": 0.766732967316, ""bagging_freq"": 1, ""cat_l2"": 0.2949769749976, ""cat_smooth"": 76.211749790676, ""extra_trees"": false, ""feature_fraction"": 0.9380027758242, ""lambda_l1"": 0.0207489343658, ""lambda_l2"": 1.6621138056269, ""learning_rate"": 0.0087194268009, ""max_cat_to_onehot"": 51, ""min_data_in_leaf"": 2, ""min_data_per_group"": 20, ""n_estimators"": 428, ""num_leaves"": 19}",8d3659ac,r20,0.5129873232297222,,44.764286546,7.878148397999894,,,,0.6487648345441357,0.6418914961736686,0.7817032354034957,0.5129873232297222,,,,,,,,,,,
lightgbm,rel-amazon,user-churn,BINARY_CLASSIFICATION,0,30,roc_auc,cpu,True,"{""bagging_fraction"": 0.806683821355, ""bagging_freq"": 1, ""cat_l2"": 0.0082421437739, ""cat_smooth"": 0.0160008811562, ""extra_trees"": false, ""feature_fraction"": 0.5089787202952, ""lambda_l1"": 0.2184810145264, ""lambda_l2"": 0.9723705046664, ""learning_rate"": 0.0507096180332, ""max_cat_to_onehot"": 54, ""min_data_in_leaf"": 3, ""min_data_per_group"": 18, ""n_estimators"": 165, ""num_leaves"": 161}",a6d8d71e,r21,0.5165234118846933,0.5170564379754283,83.48202588799995,24.65875648700012,88.90064163700004,21.040507701000024,,0.651185948127841,0.6420427924410432,0.7809122681243839,0.5165234118846933,0.6161320064373239,0.6071955326313995,0.7547959737591848,0.5170564379754283,,,,,,,
lightgbm,rel-amazon,user-churn,BINARY_CLASSIFICATION,0,30,roc_auc,cpu,False,"{""bagging_fraction"": 0.9821295835758, ""bagging_freq"": 1, ""cat_l2"": 0.1367124095637, ""cat_smooth"": 0.0031729973642, ""extra_trees"": true, ""feature_fraction"": 0.7074360779775, ""lambda_l1"": 0.4552232983118, ""lambda_l2"": 1.417125445225, ""learning_rate"": 0.0925784167972, ""max_cat_to_onehot"": 8, ""min_data_in_leaf"": 5, ""min_data_per_group"": 7, ""n_estimators"": 123, ""num_leaves"": 2}",38aedfa8,r22,0.5008516733996753,,8.8564799090002,0.6270028849999107,,,,0.642421365948602,0.6424503162580041,0.7821660444793326,0.5008516733996753,,,,,,,,,,,
lightgbm,rel-amazon,user-churn,BINARY_CLASSIFICATION,0,30,roc_auc,cpu,False,"{""bagging_fraction"": 0.9295975761421, ""bagging_freq"": 1, ""cat_l2"": 0.1658867884192, ""cat_smooth"": 0.0012082259188, ""extra_trees"": false, ""feature_fraction"": 0.7482682823129, ""lambda_l1"": 0.8788818548033, ""lambda_l2"": 0.9963306369924, ""learning_rate"": 0.0662004421712, ""max_cat_to_onehot"": 15, ""min_data_in_leaf"": 1, ""min_data_per_group"": 44, ""n_estimators"": 510, ""num_leaves"": 23}",3e9b950f,r23,0.5088506543505776,,63.24955528500004,12.009766510999953,,,,0.6480901830850613,0.6425991722630017,0.7819029806294823,0.5088506543505776,,,,,,,,,,,
lightgbm,rel-amazon,user-churn,BINARY_CLASSIFICATION,0,30,roc_auc,cpu,False,"{""bagging_fraction"": 0.9245990859552, ""bagging_freq"": 1, ""cat_l2"": 1.592158021275, ""cat_smooth"": 44.4269586841343, ""extra_trees"": false, ""feature_fraction"": 0.872525293573, ""lambda_l1"": 0.492319014681, ""lambda_l2"": 1.6891157039359, ""learning_rate"": 0.0517998481756, ""max_cat_to_onehot"": 22, ""min_data_in_leaf"": 59, ""min_data_per_group"": 10, ""n_estimators"": 802, ""num_leaves"": 8}",0d0b00fe,r24,0.5142598863541206,,59.185747107,10.422920427999998,,,,0.649951695044373,0.6416938349211307,0.7811181190865548,0.5142598863541206,,,,,,,,,,,
lightgbm,rel-amazon,user-churn,BINARY_CLASSIFICATION,0,30,roc_auc,cpu,False,"{""bagging_fraction"": 0.9711159219238, ""bagging_freq"": 1, ""cat_l2"": 0.0287842816393, ""cat_smooth"": 2.2365712242177, ""extra_trees"": false, ""feature_fraction"": 0.7638852760411, ""lambda_l1"": 0.7155896013433, ""lambda_l2"": 0.3887650116637, ""learning_rate"": 0.0956151137114, ""max_cat_to_onehot"": 23, ""min_data_in_leaf"": 5, ""min_data_per_group"": 8, ""n_estimators"": 132, ""num_leaves"": 117}",311db951,r25,0.513631793996098,,47.91959106900004,10.948146449000204,,,,0.6498926423995368,0.6411740590348274,0.7798465675324442,0.513631793996098,,,,,,,,,,,
lightgbm,rel-amazon,user-churn,BINARY_CLASSIFICATION,0,30,roc_auc,cpu,False,"{""bagging_fraction"": 0.7751868160582, ""bagging_freq"": 1, ""cat_l2"": 0.7205179793324, ""cat_smooth"": 0.2412048314858, ""extra_trees"": false, ""feature_fraction"": 0.5086905770421, ""lambda_l1"": 0.7774298210926, ""lambda_l2"": 0.7417685131559, ""learning_rate"": 0.006296404929, ""max_cat_to_onehot"": 41, ""min_data_in_leaf"": 17, ""min_data_per_group"": 4, ""n_estimators"": 197, ""num_leaves"": 50}",e3b85f93,r26,0.5112391069375318,,43.82430922200001,10.050660017999917,,,,0.6476510721890862,0.642677260659066,0.7821368525985329,0.5112391069375318,,,,,,,,,,,
lightgbm,rel-amazon,user-churn,BINARY_CLASSIFICATION,0,30,roc_auc,cpu,False,"{""bagging_fraction"": 0.9032235488416, ""bagging_freq"": 1, ""cat_l2"": 0.0484438463597, ""cat_smooth"": 0.2752154717585, ""extra_trees"": false, ""feature_fraction"": 0.8731273073839, ""lambda_l1"": 0.2594966220889, ""lambda_l2"": 0.3941888549433, ""learning_rate"": 0.0236586574252, ""max_cat_to_onehot"": 8, ""min_data_in_leaf"": 3, ""min_data_per_group"": 69, ""n_estimators"": 438, ""num_leaves"": 9}",d90cbc4e,r27,0.5038063213809847,,37.92408395899997,5.64713478900012,,,,0.6440781220156788,0.6427016632828362,0.7821264463596972,0.5038063213809847,,,,,,,,,,,
lightgbm,rel-amazon,user-churn,BINARY_CLASSIFICATION,0,30,roc_auc,cpu,False,"{""bagging_fraction"": 0.943127227378, ""bagging_freq"": 1, ""cat_l2"": 0.0089165711882, ""cat_smooth"": 0.196142976357, ""extra_trees"": false, ""feature_fraction"": 0.4341088458599, ""lambda_l1"": 0.3738757566188, ""lambda_l2"": 0.9197657819236, ""learning_rate"": 0.0125354274243, ""max_cat_to_onehot"": 23, ""min_data_in_leaf"": 1, ""min_data_per_group"": 16, ""n_estimators"": 165, ""num_leaves"": 65}",10f688c8,r28,0.5127757148716054,,41.36104652499989,10.80370862399991,,,,0.648677332194288,0.6426235748867718,0.781921119327641,0.5127757148716054,,,,,,,,,,,
lightgbm,rel-amazon,user-churn,BINARY_CLASSIFICATION,0,30,roc_auc,cpu,False,"{""bagging_fraction"": 0.8296444149774, ""bagging_freq"": 1, ""cat_l2"": 0.0231985345244, ""cat_smooth"": 0.419723324168, ""extra_trees"": true, ""feature_fraction"": 0.818198345035, ""lambda_l1"": 0.5876408752329, ""lambda_l2"": 0.0893201412781, ""learning_rate"": 0.0282078967013, ""max_cat_to_onehot"": 29, ""min_data_in_leaf"": 5, ""min_data_per_group"": 12, ""n_estimators"": 750, ""num_leaves"": 37}",fb774425,r29,0.5037139027794667,,59.600554987999885,7.409646868999971,,,,0.6440535914616384,0.6426748203966891,0.7821065115524664,0.5037139027794667,,,,,,,,,,,
lightgbm,rel-amazon,user-churn,BINARY_CLASSIFICATION,0,30,roc_auc,cpu,False,"{""bagging_fraction"": 0.8808290128215, ""bagging_freq"": 1, ""cat_l2"": 1.0457234595842, ""cat_smooth"": 0.6921859910209, ""extra_trees"": true, ""feature_fraction"": 0.9220523550151, ""lambda_l1"": 0.7206605914604, ""lambda_l2"": 0.9472534786514, ""learning_rate"": 0.0132034424949, ""max_cat_to_onehot"": 25, ""min_data_in_leaf"": 15, ""min_data_per_group"": 7, ""n_estimators"": 335, ""num_leaves"": 35}",7ae6364f,r3,0.5030921980144343,,53.707845534,6.490093969999975,,,,0.6436235829145136,0.6427114243323442,0.782177127809929,0.5030921980144343,,,,,,,,,,,
lightgbm,rel-amazon,user-churn,BINARY_CLASSIFICATION,0,30,roc_auc,cpu,False,"{""bagging_fraction"": 0.9256403562964, ""bagging_freq"": 1, ""cat_l2"": 0.173468569422, ""cat_smooth"": 0.1622096133057, ""extra_trees"": true, ""feature_fraction"": 0.8672172375647, ""lambda_l1"": 0.2728946202342, ""lambda_l2"": 1.5996117895528, ""learning_rate"": 0.0885567275464, ""max_cat_to_onehot"": 31, ""min_data_in_leaf"": 54, ""min_data_per_group"": 63, ""n_estimators"": 395, ""num_leaves"": 6}",a691dd6f,r30,0.5012237528257054,,22.16644439799984,0.9885542419999638,,,,0.6426380272865072,0.6425918514758707,0.7822114762654628,0.5012237528257054,,,,,,,,,,,
lightgbm,rel-amazon,user-churn,BINARY_CLASSIFICATION,0,30,roc_auc,cpu,False,"{""bagging_fraction"": 0.8634649548991, ""bagging_freq"": 1, ""cat_l2"": 1.6087120636028, ""cat_smooth"": 42.4603130176821, ""extra_trees"": false, ""feature_fraction"": 0.6841648271642, ""lambda_l1"": 0.5820615900959, ""lambda_l2"": 0.3727460534192, ""learning_rate"": 0.0078289135266, ""max_cat_to_onehot"": 37, ""min_data_in_leaf"": 2, ""min_data_per_group"": 2, ""n_estimators"": 987, ""num_leaves"": 9}",1d48d1c9,r4,0.512154591634214,,75.35582197299999,11.242186199999992,,,,0.6484953632530902,0.6419378611588318,0.7816532219062542,0.512154591634214,,,,,,,,,,,
lightgbm,rel-amazon,user-churn,BINARY_CLASSIFICATION,0,30,roc_auc,cpu,False,"{""bagging_fraction"": 0.8270964398017, ""bagging_freq"": 1, ""cat_l2"": 0.0497402357678, ""cat_smooth"": 0.0022655846367, ""extra_trees"": true, ""feature_fraction"": 0.8805464511878, ""lambda_l1"": 0.5374194921261, ""lambda_l2"": 1.4738626624402, ""learning_rate"": 0.009732329389, ""max_cat_to_onehot"": 78, ""min_data_in_leaf"": 4, ""min_data_per_group"": 24, ""n_estimators"": 285, ""num_leaves"": 44}",4f68409e,r5,0.501326469148437,,18.22661422900001,0.8778344300000072,,,,0.6426421274432481,0.6420281508667812,0.7819940852145224,0.501326469148437,,,,,,,,,,,
lightgbm,rel-amazon,user-churn,BINARY_CLASSIFICATION,0,30,roc_auc,cpu,False,"{""bagging_fraction"": 0.7951605226208, ""bagging_freq"": 1, ""cat_l2"": 0.2087627025057, ""cat_smooth"": 0.0018992120999, ""extra_trees"": true, ""feature_fraction"": 0.5907899076364, ""lambda_l1"": 0.2654629519904, ""lambda_l2"": 0.6372060480074, ""learning_rate"": 0.0086558049456, ""max_cat_to_onehot"": 44, ""min_data_in_leaf"": 11, ""min_data_per_group"": 11, ""n_estimators"": 164, ""num_leaves"": 56}",3c57d7d3,r6,0.5012139279649199,,14.646517662000008,1.333174965000012,,,,0.6426141387035432,0.6422868186787444,0.7821075757260455,0.5012139279649199,,,,,,,,,,,
lightgbm,rel-amazon,user-churn,BINARY_CLASSIFICATION,0,30,roc_auc,cpu,False,"{""bagging_fraction"": 0.9335036446078, ""bagging_freq"": 1, ""cat_l2"": 0.2830562687557, ""cat_smooth"": 0.1802171314263, ""extra_trees"": true, ""feature_fraction"": 0.6485577967088, ""lambda_l1"": 0.5232957286614, ""lambda_l2"": 1.3348540188894, ""learning_rate"": 0.0289761662926, ""max_cat_to_onehot"": 15, ""min_data_in_leaf"": 11, ""min_data_per_group"": 55, ""n_estimators"": 701, ""num_leaves"": 20}",134c98bb,r7,0.5010325482136943,,35.76228280500004,1.108863618999976,,,,0.642545411167299,0.6423600265500546,0.7821256124827554,0.5010325482136943,,,,,,,,,,,
lightgbm,rel-amazon,user-churn,BINARY_CLASSIFICATION,0,30,roc_auc,cpu,False,"{""bagging_fraction"": 0.9848713160352, ""bagging_freq"": 1, ""cat_l2"": 1.6905546285477, ""cat_smooth"": 0.001258746648, ""extra_trees"": true, ""feature_fraction"": 0.4384884978093, ""lambda_l1"": 0.0940311167074, ""lambda_l2"": 0.2636825450225, ""learning_rate"": 0.0053104402291, ""max_cat_to_onehot"": 51, ""min_data_in_leaf"": 10, ""min_data_per_group"": 31, ""n_estimators"": 285, ""num_leaves"": 164}",42517afb,r8,0.5007767323543821,,17.706125341000075,0.962224945999992,,,,0.6424030525228329,0.6420281508667812,0.7819940852145224,0.5007767323543821,,,,,,,,,,,
lightgbm,rel-amazon,user-churn,BINARY_CLASSIFICATION,0,30,roc_auc,cpu,False,"{""bagging_fraction"": 0.898758060085, ""bagging_freq"": 1, ""cat_l2"": 0.964011246959, ""cat_smooth"": 0.1616421454928, ""extra_trees"": false, ""feature_fraction"": 0.815483271622, ""lambda_l1"": 0.5759889009066, ""lambda_l2"": 1.4326827755167, ""learning_rate"": 0.0599026240177, ""max_cat_to_onehot"": 91, ""min_data_in_leaf"": 2, ""min_data_per_group"": 6, ""n_estimators"": 702, ""num_leaves"": 39}",b7f5d391,r9,0.516068684254773,,165.13499162699998,47.62862613000004,,,,0.6511010773519048,0.64199642745588,0.7808730901992063,0.516068684254773,,,,,,,,,,,
lightgbm,rel-amazon,user-ltv,REGRESSION,0,30,mae,cpu,False,{},bf21a9e8,default,14.15127230956888,16.78298070930293,15.38023990900001,1.0763501469999994,15.48980538700016,0.7414298139999573,,,,,,,,,,-0.0821407074193554,14.15127230956888,50.89325754382413,-0.0916344191952918,16.78298070930293,57.92664266280376,
lightgbm,rel-amazon,user-ltv,REGRESSION,0,30,mae,cpu,False,"{""bagging_fraction"": 0.8646440511782, ""bagging_freq"": 1, ""cat_l2"": 0.2396763788772, ""cat_smooth"": 9.0912832806515, ""extra_trees"": true, ""feature_fraction"": 0.9742930953718, ""lambda_l1"": 0.5205254318032, ""lambda_l2"": 1.5172553870823, ""learning_rate"": 0.0095655183906, ""max_cat_to_onehot"": 21, ""min_data_in_leaf"": 1, ""min_data_per_group"": 38, ""n_estimators"": 885, ""num_leaves"": 13}",9ddece77,r1,14.137619930924735,,71.669469526,7.609522888000015,,,,,,,,,,,,-0.0822927166293268,14.137619930924735,50.89683192752442,,,,
lightgbm,rel-amazon,user-ltv,REGRESSION,0,30,mae,cpu,False,"{""bagging_fraction"": 0.7040714906836, ""bagging_freq"": 1, ""cat_l2"": 0.1059359109832, ""cat_smooth"": 79.0557829290776, ""extra_trees"": true, ""feature_fraction"": 0.7399608725239, ""lambda_l1"": 0.9293032679565, ""lambda_l2"": 0.5788832452851, ""learning_rate"": 0.0050708289337, ""max_cat_to_onehot"": 15, ""min_data_in_leaf"": 53, ""min_data_per_group"": 48, ""n_estimators"": 398, ""num_leaves"": 14}",85d4ebc9,r10,14.140723379554183,,34.04476472199997,4.206915869,,,,,,,,,,,,-0.0835385330444604,14.140723379554183,50.92611692182532,,,,
lightgbm,rel-amazon,user-ltv,REGRESSION,0,30,mae,cpu,False,"{""bagging_fraction"": 0.8819179642384, ""bagging_freq"": 1, ""cat_l2"": 0.2028071332361, ""cat_smooth"": 0.9002514016925, ""extra_trees"": true, ""feature_fraction"": 0.9904253448185, ""lambda_l1"": 0.3523764300344, ""lambda_l2"": 1.0166800656129, ""learning_rate"": 0.0076046378471, ""max_cat_to_onehot"": 9, ""min_data_in_leaf"": 51, ""min_data_per_group"": 4, ""n_estimators"": 309, ""num_leaves"": 50}",eb5d77d2,r11,14.120617793573338,,35.009400454,3.74542450599995,,,,,,,,,,,,-0.0799070318474228,14.120617793573338,50.840705344293866,,,,
lightgbm,rel-amazon,user-ltv,REGRESSION,0,30,mae,cpu,False,"{""bagging_fraction"": 0.7057579594928, ""bagging_freq"": 1, ""cat_l2"": 0.0652607238611, ""cat_smooth"": 0.7440913299852, ""extra_trees"": true, ""feature_fraction"": 0.5562045565524, ""lambda_l1"": 0.4693022490728, ""lambda_l2"": 0.3337783413457, ""learning_rate"": 0.005523232486, ""max_cat_to_onehot"": 20, ""min_data_in_leaf"": 22, ""min_data_per_group"": 3, ""n_estimators"": 298, ""num_leaves"": 194}",97b0d170,r12,14.1275897080059,,64.59727341899998,14.326884962999998,,,,,,,,,,,,-0.081214906474162,14.1275897080059,50.871482599307306,,,,
lightgbm,rel-amazon,user-ltv,REGRESSION,0,30,mae,cpu,False,"{""bagging_fraction"": 0.7904724450024, ""bagging_freq"": 1, ""cat_l2"": 0.0112585288934, ""cat_smooth"": 1.8450328342775, ""extra_trees"": false, ""feature_fraction"": 0.7222135128255, ""lambda_l1"": 0.8411560157726, ""lambda_l2"": 1.5581241341161, ""learning_rate"": 0.0949138303247, ""max_cat_to_onehot"": 8, ""min_data_in_leaf"": 4, ""min_data_per_group"": 12, ""n_estimators"": 523, ""num_leaves"": 6}",b0f88568,r13,14.119251249309992,,39.347173623,3.552619105000076,,,,,,,,,,,,-0.078156679814612,14.119251249309992,50.79948641628896,,,,
lightgbm,rel-amazon,user-ltv,REGRESSION,0,30,mae,cpu,False,"{""bagging_fraction"": 0.8980520612478, ""bagging_freq"": 1, ""cat_l2"": 0.0298619738506, ""cat_smooth"": 1.8218656600978, ""extra_trees"": false, ""feature_fraction"": 0.6687557031224, ""lambda_l1"": 0.9046572794351, ""lambda_l2"": 1.7298800978754, ""learning_rate"": 0.0152979229147, ""max_cat_to_onehot"": 14, ""min_data_in_leaf"": 7, ""min_data_per_group"": 61, ""n_estimators"": 223, ""num_leaves"": 45}",c9bdab03,r14,14.123263095545816,,46.19314260099998,9.92275206499994,,,,,,,,,,,,-0.0789162110719281,14.123263095545816,50.81737667547005,,,,
lightgbm,rel-amazon,user-ltv,REGRESSION,0,30,mae,cpu,False,"{""bagging_fraction"": 0.7870232821631, ""bagging_freq"": 1, ""cat_l2"": 0.1520732736224, ""cat_smooth"": 0.143579414226, ""extra_trees"": false, ""feature_fraction"": 0.4597414534665, ""lambda_l1"": 0.0376556278898, ""lambda_l2"": 0.8228523078385, ""learning_rate"": 0.0175995134195, ""max_cat_to_onehot"": 55, ""min_data_in_leaf"": 4, ""min_data_per_group"": 81, ""n_estimators"": 58, ""num_leaves"": 107}",5c4e94f9,r15,14.128583754691164,,25.23313733399993,5.459573313999954,,,,,,,,,,,,-0.0812620816024451,14.128583754691164,50.87259238910314,,,,
lightgbm,rel-amazon,user-ltv,REGRESSION,0,30,mae,cpu,False,"{""bagging_fraction"": 0.9252532736885, ""bagging_freq"": 1, ""cat_l2"": 0.0185425303217, ""cat_smooth"": 0.0026697944708, ""extra_trees"": true, ""feature_fraction"": 0.4403497788779, ""lambda_l1"": 0.990339913502, ""lambda_l2"": 1.5167814698069, ""learning_rate"": 0.032907451476, ""max_cat_to_onehot"": 89, ""min_data_in_leaf"": 2, ""min_data_per_group"": 10, ""n_estimators"": 665, ""num_leaves"": 12}",66abad1a,r16,14.117795692613514,,51.79111730500006,5.88015551400008,,,,,,,,,,,,-0.0764931753207134,14.117795692613514,50.76028163428588,,,,
lightgbm,rel-amazon,user-ltv,REGRESSION,0,30,mae,cpu,False,"{""bagging_fraction"": 0.9893469303368, ""bagging_freq"": 1, ""cat_l2"": 0.1517170923124, ""cat_smooth"": 0.0019146599966, ""extra_trees"": true, ""feature_fraction"": 0.8076356640991, ""lambda_l1"": 0.2169752947, ""lambda_l2"": 0.6401022999299, ""learning_rate"": 0.0682833284969, ""max_cat_to_onehot"": 45, ""min_data_in_leaf"": 2, ""min_data_per_group"": 8, ""n_estimators"": 71, ""num_leaves"": 27}",e3bf995d,r17,14.113574781454252,,11.529305164999982,1.1721729500000038,,,,,,,,,,,,-0.0768811904798605,14.113574781454252,50.76942892138674,,,,
lightgbm,rel-amazon,user-ltv,REGRESSION,0,30,mae,cpu,False,"{""bagging_fraction"": 0.8662727305253, ""bagging_freq"": 1, ""cat_l2"": 0.0750558998512, ""cat_smooth"": 0.2749087238468, ""extra_trees"": true, ""feature_fraction"": 0.6722181067336, ""lambda_l1"": 0.6631118952798, ""lambda_l2"": 0.7669894419544, ""learning_rate"": 0.011346355764, ""max_cat_to_onehot"": 13, ""min_data_in_leaf"": 8, ""min_data_per_group"": 12, ""n_estimators"": 235, ""num_leaves"": 4}",d16f6217,r18,14.132280676321844,,17.152690440000015,0.8497757869999987,,,,,,,,,,,,-0.0821777788269286,14.132280676321844,50.89412927359192,,,,
lightgbm,rel-amazon,user-ltv,REGRESSION,0,30,mae,cpu,False,"{""bagging_fraction"": 0.7637171496671, ""bagging_freq"": 1, ""cat_l2"": 1.6733394870119, ""cat_smooth"": 25.4110617183616, ""extra_trees"": true, ""feature_fraction"": 0.7219475266652, ""lambda_l1"": 0.2633960444995, ""lambda_l2"": 1.1766753953959, ""learning_rate"": 0.0546075727721, ""max_cat_to_onehot"": 88, ""min_data_in_leaf"": 1, ""min_data_per_group"": 5, ""n_estimators"": 74, ""num_leaves"": 3}",3c940a82,r19,14.13972884625674,,7.753089646000035,0.5866871270000047,,,,,,,,,,,,-0.0833918948649043,14.13972884625674,50.922670821145445,,,,
lightgbm,rel-amazon,user-ltv,REGRESSION,0,30,mae,cpu,False,"{""bagging_fraction"": 0.9145568099117, ""bagging_freq"": 1, ""cat_l2"": 0.0688015432043, ""cat_smooth"": 0.4410365667971, ""extra_trees"": false, ""feature_fraction"": 0.4842104682476, ""lambda_l1"": 0.6789116421659, ""lambda_l2"": 0.2119046236149, ""learning_rate"": 0.007497093098, ""max_cat_to_onehot"": 78, ""min_data_in_leaf"": 57, ""min_data_per_group"": 21, ""n_estimators"": 353, ""num_leaves"": 17}",a3464b9d,r2,14.122965609667764,,43.69425057199999,6.501194464999969,,,,,,,,,,,,-0.0798330257952915,14.122965609667764,50.83896325713138,,,,
lightgbm,rel-amazon,user-ltv,REGRESSION,0,30,mae,cpu,False,"{""bagging_fraction"": 0.766732967316, ""bagging_freq"": 1, ""cat_l2"": 0.2949769749976, ""cat_smooth"": 76.211749790676, ""extra_trees"": false, ""feature_fraction"": 0.9380027758242, ""lambda_l1"": 0.0207489343658, ""lambda_l2"": 1.6621138056269, ""learning_rate"": 0.0087194268009, ""max_cat_to_onehot"": 51, ""min_data_in_leaf"": 2, ""min_data_per_group"": 20, ""n_estimators"": 428, ""num_leaves"": 19}",8d3659ac,r20,14.14785041385398,,41.09492807499987,3.881204948000004,,,,,,,,,,,,-0.0825586736835617,14.14785041385398,50.90308510644447,,,,
lightgbm,rel-amazon,user-ltv,REGRESSION,0,30,mae,cpu,False,"{""bagging_fraction"": 0.806683821355, ""bagging_freq"": 1, ""cat_l2"": 0.0082421437739, ""cat_smooth"": 0.0160008811562, ""extra_trees"": false, ""feature_fraction"": 0.5089787202952, ""lambda_l1"": 0.2184810145264, ""lambda_l2"": 0.9723705046664, ""learning_rate"": 0.0507096180332, ""max_cat_to_onehot"": 54, ""min_data_in_leaf"": 3, ""min_data_per_group"": 18, ""n_estimators"": 165, ""num_leaves"": 161}",a6d8d71e,r21,14.12443081060972,,82.13746527399985,22.40893865399994,,,,,,,,,,,,-0.0761369554130526,14.12443081060972,50.75188245473118,,,,
lightgbm,rel-amazon,user-ltv,REGRESSION,0,30,mae,cpu,False,"{""bagging_fraction"": 0.9821295835758, ""bagging_freq"": 1, ""cat_l2"": 0.1367124095637, ""cat_smooth"": 0.0031729973642, ""extra_trees"": true, ""feature_fraction"": 0.7074360779775, ""lambda_l1"": 0.4552232983118, ""lambda_l2"": 1.417125445225, ""learning_rate"": 0.0925784167972, ""max_cat_to_onehot"": 8, ""min_data_in_leaf"": 5, ""min_data_per_group"": 7, ""n_estimators"": 123, ""num_leaves"": 2}",38aedfa8,r22,14.127076431605785,,9.961912052000116,0.6284722240000065,,,,,,,,,,,,-0.0811589860622874,14.127076431605785,50.870167046300125,,,,
lightgbm,rel-amazon,user-ltv,REGRESSION,0,30,mae,cpu,False,"{""bagging_fraction"": 0.9295975761421, ""bagging_freq"": 1, ""cat_l2"": 0.1658867884192, ""cat_smooth"": 0.0012082259188, ""extra_trees"": false, ""feature_fraction"": 0.7482682823129, ""lambda_l1"": 0.8788818548033, ""lambda_l2"": 0.9963306369924, ""learning_rate"": 0.0662004421712, ""max_cat_to_onehot"": 15, ""min_data_in_leaf"": 1, ""min_data_per_group"": 44, ""n_estimators"": 510, ""num_leaves"": 23}",3e9b950f,r23,14.12231301046974,,72.05227301600007,11.715540525000051,,,,,,,,,,,,-0.0777994365252194,14.12231301046974,50.79106960660093,,,,
lightgbm,rel-amazon,user-ltv,REGRESSION,0,30,mae,cpu,False,"{""bagging_fraction"": 0.9245990859552, ""bagging_freq"": 1, ""cat_l2"": 1.592158021275, ""cat_smooth"": 44.4269586841343, ""extra_trees"": false, ""feature_fraction"": 0.872525293573, ""lambda_l1"": 0.492319014681, ""lambda_l2"": 1.6891157039359, ""learning_rate"": 0.0517998481756, ""max_cat_to_onehot"": 22, ""min_data_in_leaf"": 59, ""min_data_per_group"": 10, ""n_estimators"": 802, ""num_leaves"": 8}",0d0b00fe,r24,14.151672529765442,,59.29538156700005,8.070189925000022,,,,,,,,,,,,-0.0821344561929493,14.151672529765442,50.89311054550278,,,,
lightgbm,rel-amazon,user-ltv,REGRESSION,0,30,mae,cpu,False,"{""bagging_fraction"": 0.9711159219238, ""bagging_freq"": 1, ""cat_l2"": 0.0287842816393, ""cat_smooth"": 2.2365712242177, ""extra_trees"": false, ""feature_fraction"": 0.7638852760411, ""lambda_l1"": 0.7155896013433, ""lambda_l2"": 0.3887650116637, ""learning_rate"": 0.0956151137114, ""max_cat_to_onehot"": 23, ""min_data_in_leaf"": 5, ""min_data_per_group"": 8, ""n_estimators"": 132, ""num_leaves"": 117}",311db951,r25,14.123280815504382,,47.50799856000003,6.656177277999859,,,,,,,,,,,,-0.0759317397918315,14.123280815504382,50.74704311917496,,,,
lightgbm,rel-amazon,user-ltv,REGRESSION,0,30,mae,cpu,False,"{""bagging_fraction"": 0.7751868160582, ""bagging_freq"": 1, ""cat_l2"": 0.7205179793324, ""cat_smooth"": 0.2412048314858, ""extra_trees"": false, ""feature_fraction"": 0.5086905770421, ""lambda_l1"": 0.7774298210926, ""lambda_l2"": 0.7417685131559, ""learning_rate"": 0.006296404929, ""max_cat_to_onehot"": 41, ""min_data_in_leaf"": 17, ""min_data_per_group"": 4, ""n_estimators"": 197, ""num_leaves"": 50}",e3b85f93,r26,14.127906638224362,,46.73347777899994,9.303257791000078,,,,,,,,,,,,-0.0811080375666051,14.127906638224362,50.86896843025303,,,,
lightgbm,rel-amazon,user-ltv,REGRESSION,0,30,mae,cpu,False,"{""bagging_fraction"": 0.9032235488416, ""bagging_freq"": 1, ""cat_l2"": 0.0484438463597, ""cat_smooth"": 0.2752154717585, ""extra_trees"": false, ""feature_fraction"": 0.8731273073839, ""lambda_l1"": 0.2594966220889, ""lambda_l2"": 0.3941888549433, ""learning_rate"": 0.0236586574252, ""max_cat_to_onehot"": 8, ""min_data_in_leaf"": 3, ""min_data_per_group"": 69, ""n_estimators"": 438, ""num_leaves"": 9}",d90cbc4e,r27,14.140208363313585,,33.4657730670001,1.027090660999875,,,,,,,,,,,,-0.0834723040854052,14.140208363313585,50.92456052343721,,,,
lightgbm,rel-amazon,user-ltv,REGRESSION,0,30,mae,cpu,False,"{""bagging_fraction"": 0.943127227378, ""bagging_freq"": 1, ""cat_l2"": 0.0089165711882, ""cat_smooth"": 0.196142976357, ""extra_trees"": false, ""feature_fraction"": 0.4341088458599, ""lambda_l1"": 0.3738757566188, ""lambda_l2"": 0.9197657819236, ""learning_rate"": 0.0125354274243, ""max_cat_to_onehot"": 23, ""min_data_in_leaf"": 1, ""min_data_per_group"": 16, ""n_estimators"": 165, ""num_leaves"": 65}",10f688c8,r28,14.123716608798512,,45.89903394199996,9.908569552000015,,,,,,,,,,,,-0.0796991635338624,14.123716608798512,50.835812015527154,,,,
lightgbm,rel-amazon,user-ltv,REGRESSION,0,30,mae,cpu,False,"{""bagging_fraction"": 0.8296444149774, ""bagging_freq"": 1, ""cat_l2"": 0.0231985345244, ""cat_smooth"": 0.419723324168, ""extra_trees"": true, ""feature_fraction"": 0.818198345035, ""lambda_l1"": 0.5876408752329, ""lambda_l2"": 0.0893201412781, ""learning_rate"": 0.0282078967013, ""max_cat_to_onehot"": 29, ""min_data_in_leaf"": 5, ""min_data_per_group"": 12, ""n_estimators"": 750, ""num_leaves"": 37}",fb774425,r29,14.111370420482212,,56.45411085900014,5.257868059999964,,,,,,,,,,,,-0.0755756181079514,14.111370420482212,50.73864406492015,,,,
lightgbm,rel-amazon,user-ltv,REGRESSION,0,30,mae,cpu,False,"{""bagging_fraction"": 0.8808290128215, ""bagging_freq"": 1, ""cat_l2"": 1.0457234595842, ""cat_smooth"": 0.6921859910209, ""extra_trees"": true, ""feature_fraction"": 0.9220523550151, ""lambda_l1"": 0.7206605914604, ""lambda_l2"": 0.9472534786514, ""learning_rate"": 0.0132034424949, ""max_cat_to_onehot"": 25, ""min_data_in_leaf"": 15, ""min_data_per_group"": 7, ""n_estimators"": 335, ""num_leaves"": 35}",7ae6364f,r3,14.113969332667857,,45.96804695499998,6.781715835999989,,,,,,,,,,,,-0.0776004237135441,14.113969332667857,50.78638017187023,,,,
lightgbm,rel-amazon,user-ltv,REGRESSION,0,30,mae,cpu,False,"{""bagging_fraction"": 0.9256403562964, ""bagging_freq"": 1, ""cat_l2"": 0.173468569422, ""cat_smooth"": 0.1622096133057, ""extra_trees"": true, ""feature_fraction"": 0.8672172375647, ""lambda_l1"": 0.2728946202342, ""lambda_l2"": 1.5996117895528, ""learning_rate"": 0.0885567275464, ""max_cat_to_onehot"": 31, ""min_data_in_leaf"": 54, ""min_data_per_group"": 63, ""n_estimators"": 395, ""num_leaves"": 6}",a691dd6f,r30,14.13178083356746,,23.62087278300009,0.8278794889999972,,,,,,,,,,,,-0.0819771721871305,14.13178083356746,50.88941185393426,,,,
lightgbm,rel-amazon,user-ltv,REGRESSION,0,30,mae,cpu,False,"{""bagging_fraction"": 0.8634649548991, ""bagging_freq"": 1, ""cat_l2"": 1.6087120636028, ""cat_smooth"": 42.4603130176821, ""extra_trees"": false, ""feature_fraction"": 0.6841648271642, ""lambda_l1"": 0.5820615900959, ""lambda_l2"": 0.3727460534192, ""learning_rate"": 0.0078289135266, ""max_cat_to_onehot"": 37, ""min_data_in_leaf"": 2, ""min_data_per_group"": 2, ""n_estimators"": 987, ""num_leaves"": 9}",1d48d1c9,r4,14.1407152409027,,80.16879044899997,10.76803808599999,,,,,,,,,,,,-0.0835422154812146,14.1407152409027,50.92620345868564,,,,
lightgbm,rel-amazon,user-ltv,REGRESSION,0,30,mae,cpu,False,"{""bagging_fraction"": 0.8270964398017, ""bagging_freq"": 1, ""cat_l2"": 0.0497402357678, ""cat_smooth"": 0.0022655846367, ""extra_trees"": true, ""feature_fraction"": 0.8805464511878, ""lambda_l1"": 0.5374194921261, ""lambda_l2"": 1.4738626624402, ""learning_rate"": 0.009732329389, ""max_cat_to_onehot"": 78, ""min_data_in_leaf"": 4, ""min_data_per_group"": 24, ""n_estimators"": 285, ""num_leaves"": 44}",4f68409e,r5,14.135367439488912,,20.341658054999986,0.8850673379999989,,,,,,,,,,,,-0.0827192180127569,14.135367439488912,50.90685945091533,,,,
lightgbm,rel-amazon,user-ltv,REGRESSION,0,30,mae,cpu,False,"{""bagging_fraction"": 0.7951605226208, ""bagging_freq"": 1, ""cat_l2"": 0.2087627025057, ""cat_smooth"": 0.0018992120999, ""extra_trees"": true, ""feature_fraction"": 0.5907899076364, ""lambda_l1"": 0.2654629519904, ""lambda_l2"": 0.6372060480074, ""learning_rate"": 0.0086558049456, ""max_cat_to_onehot"": 44, ""min_data_in_leaf"": 11, ""min_data_per_group"": 11, ""n_estimators"": 164, ""num_leaves"": 56}",3c57d7d3,r6,14.13076076930168,,17.948810658000014,1.684357325999997,,,,,,,,,,,,-0.0819644463011999,14.13076076930168,50.88911258017357,,,,
lightgbm,rel-amazon,user-ltv,REGRESSION,0,30,mae,cpu,False,"{""bagging_fraction"": 0.9335036446078, ""bagging_freq"": 1, ""cat_l2"": 0.2830562687557, ""cat_smooth"": 0.1802171314263, ""extra_trees"": true, ""feature_fraction"": 0.6485577967088, ""lambda_l1"": 0.5232957286614, ""lambda_l2"": 1.3348540188894, ""learning_rate"": 0.0289761662926, ""max_cat_to_onehot"": 15, ""min_data_in_leaf"": 11, ""min_data_per_group"": 55, ""n_estimators"": 701, ""num_leaves"": 20}",134c98bb,r7,14.128713543353028,,33.574611577999974,1.051967451999985,,,,,,,,,,,,-0.0814896955155775,14.128713543353028,50.877946641648734,,,,
lightgbm,rel-amazon,user-ltv,REGRESSION,0,30,mae,cpu,False,"{""bagging_fraction"": 0.9848713160352, ""bagging_freq"": 1, ""cat_l2"": 1.6905546285477, ""cat_smooth"": 0.001258746648, ""extra_trees"": true, ""feature_fraction"": 0.4384884978093, ""lambda_l1"": 0.0940311167074, ""lambda_l2"": 0.2636825450225, ""learning_rate"": 0.0053104402291, ""max_cat_to_onehot"": 51, ""min_data_in_leaf"": 10, ""min_data_per_group"": 31, ""n_estimators"": 285, ""num_leaves"": 164}",42517afb,r8,14.13788615984439,,19.060546154000008,0.834968076999985,,,,,,,,,,,,-0.0830441244494166,14.13788615984439,50.91449703846941,,,,
lightgbm,rel-amazon,user-ltv,REGRESSION,0,30,mae,cpu,True,"{""bagging_fraction"": 0.898758060085, ""bagging_freq"": 1, ""cat_l2"": 0.964011246959, ""cat_smooth"": 0.1616421454928, ""extra_trees"": false, ""feature_fraction"": 0.815483271622, ""lambda_l1"": 0.5759889009066, ""lambda_l2"": 1.4326827755167, ""learning_rate"": 0.0599026240177, ""max_cat_to_onehot"": 91, ""min_data_in_leaf"": 2, ""min_data_per_group"": 6, ""n_estimators"": 702, ""num_leaves"": 39}",b7f5d391,r9,14.109042610085933,16.784681884371857,102.28948202599996,6.943291101,105.29419293500018,1.2728587589999734,,,,,,,,,,-0.0771829542671453,14.109042610085933,50.77654173112193,-0.0914868689728416,16.784681884371857,57.9227277176098,
lightgbm,rel-avito,ad-ctr,REGRESSION,0,30,mae,cpu,False,{},bf21a9e8,default,0.0397018876243084,0.0428170120671685,1.2638159500000086,0.8850459579999921,0.9638707539999984,0.9069439639999928,,,,,,,,,,-0.0840971636155956,0.0397018876243084,0.103288203525021,-0.0915208523548471,0.0428170120671685,0.1146654278301412,
lightgbm,rel-avito,ad-ctr,REGRESSION,0,30,mae,cpu,False,"{""bagging_fraction"": 0.8646440511782, ""bagging_freq"": 1, ""cat_l2"": 0.2396763788772, ""cat_smooth"": 9.0912832806515, ""extra_trees"": true, ""feature_fraction"": 0.9742930953718, ""lambda_l1"": 0.5205254318032, ""lambda_l2"": 1.5172553870823, ""learning_rate"": 0.0095655183906, ""max_cat_to_onehot"": 21, ""min_data_in_leaf"": 1, ""min_data_per_group"": 38, ""n_estimators"": 885, ""num_leaves"": 13}",9ddece77,r1,0.0397878368342197,,1.059922223000001,0.9037526900000046,,,,,,,,,,,,-0.0900792040647213,0.0397878368342197,0.1035727832745602,,,,
lightgbm,rel-avito,ad-ctr,REGRESSION,0,30,mae,cpu,False,"{""bagging_fraction"": 0.7040714906836, ""bagging_freq"": 1, ""cat_l2"": 0.1059359109832, ""cat_smooth"": 79.0557829290776, ""extra_trees"": true, ""feature_fraction"": 0.7399608725239, ""lambda_l1"": 0.9293032679565, ""lambda_l2"": 0.5788832452851, ""learning_rate"": 0.0050708289337, ""max_cat_to_onehot"": 15, ""min_data_in_leaf"": 53, ""min_data_per_group"": 48, ""n_estimators"": 398, ""num_leaves"": 14}",85d4ebc9,r10,0.0398220529367002,,0.954634415000001,0.9005089089999956,,,,,,,,,,,,-0.0922002516560502,0.0398220529367002,0.1036734989116673,,,,
lightgbm,rel-avito,ad-ctr,REGRESSION,0,30,mae,cpu,False,"{""bagging_fraction"": 0.8819179642384, ""bagging_freq"": 1, ""cat_l2"": 0.2028071332361, ""cat_smooth"": 0.9002514016925, ""extra_trees"": true, ""feature_fraction"": 0.9904253448185, ""lambda_l1"": 0.3523764300344, ""lambda_l2"": 1.0166800656129, ""learning_rate"": 0.0076046378471, ""max_cat_to_onehot"": 9, ""min_data_in_leaf"": 51, ""min_data_per_group"": 4, ""n_estimators"": 309, ""num_leaves"": 50}",eb5d77d2,r11,0.0394757351085673,,0.9881827459999926,0.8968353289999982,,,,,,,,,,,,-0.0894820271449028,0.0394757351085673,0.1035444093046858,,,,
lightgbm,rel-avito,ad-ctr,REGRESSION,0,30,mae,cpu,False,"{""bagging_fraction"": 0.7057579594928, ""bagging_freq"": 1, ""cat_l2"": 0.0652607238611, ""cat_smooth"": 0.7440913299852, ""extra_trees"": true, ""feature_fraction"": 0.5562045565524, ""lambda_l1"": 0.4693022490728, ""lambda_l2"": 0.3337783413457, ""learning_rate"": 0.005523232486, ""max_cat_to_onehot"": 20, ""min_data_in_leaf"": 22, ""min_data_per_group"": 3, ""n_estimators"": 298, ""num_leaves"": 194}",97b0d170,r12,0.0394348441796489,,1.003287403999991,0.8902182779999919,,,,,,,,,,,,-0.0874099524989036,0.0394348441796489,0.1034458974199231,,,,
lightgbm,rel-avito,ad-ctr,REGRESSION,0,30,mae,cpu,True,"{""bagging_fraction"": 0.7904724450024, ""bagging_freq"": 1, ""cat_l2"": 0.0112585288934, ""cat_smooth"": 1.8450328342775, ""extra_trees"": false, ""feature_fraction"": 0.7222135128255, ""lambda_l1"": 0.8411560157726, ""lambda_l2"": 1.5581241341161, ""learning_rate"": 0.0949138303247, ""max_cat_to_onehot"": 8, ""min_data_in_leaf"": 4, ""min_data_per_group"": 12, ""n_estimators"": 523, ""num_leaves"": 6}",b0f88568,r13,0.0381936679628344,0.0412497467545319,1.0559345550000216,0.9063786719999882,1.122652560000006,0.9014947610000092,,,,,,,,,,-0.0551496652040495,0.0381936679628344,0.1018998752996107,-0.053847226497721,0.0412497467545319,0.1126692246870838,
lightgbm,rel-avito,ad-ctr,REGRESSION,0,30,mae,cpu,False,"{""bagging_fraction"": 0.8980520612478, ""bagging_freq"": 1, ""cat_l2"": 0.0298619738506, ""cat_smooth"": 1.8218656600978, ""extra_trees"": false, ""feature_fraction"": 0.6687557031224, ""lambda_l1"": 0.9046572794351, ""lambda_l2"": 1.7298800978754, ""learning_rate"": 0.0152979229147, ""max_cat_to_onehot"": 14, ""min_data_in_leaf"": 7, ""min_data_per_group"": 61, ""n_estimators"": 223, ""num_leaves"": 45}",c9bdab03,r14,0.0383183038761332,,1.089989327000012,0.9059372410000036,,,,,,,,,,,,-0.0621039224676669,0.0383183038761332,0.1022351235513118,,,,
lightgbm,rel-avito,ad-ctr,REGRESSION,0,30,mae,cpu,False,"{""bagging_fraction"": 0.7870232821631, ""bagging_freq"": 1, ""cat_l2"": 0.1520732736224, ""cat_smooth"": 0.143579414226, ""extra_trees"": false, ""feature_fraction"": 0.4597414534665, ""lambda_l1"": 0.0376556278898, ""lambda_l2"": 0.8228523078385, ""learning_rate"": 0.0175995134195, ""max_cat_to_onehot"": 55, ""min_data_in_leaf"": 4, ""min_data_per_group"": 81, ""n_estimators"": 58, ""num_leaves"": 107}",5c4e94f9,r15,0.0393642250980466,,0.954072674999992,0.892738874999992,,,,,,,,,,,,-0.0853767740167279,0.0393642250980466,0.1033491434876797,,,,
lightgbm,rel-avito,ad-ctr,REGRESSION,0,30,mae,cpu,False,"{""bagging_fraction"": 0.9252532736885, ""bagging_freq"": 1, ""cat_l2"": 0.0185425303217, ""cat_smooth"": 0.0026697944708, ""extra_trees"": true, ""feature_fraction"": 0.4403497788779, ""lambda_l1"": 0.990339913502, ""lambda_l2"": 1.5167814698069, ""learning_rate"": 0.032907451476, ""max_cat_to_onehot"": 89, ""min_data_in_leaf"": 2, ""min_data_per_group"": 10, ""n_estimators"": 665, ""num_leaves"": 12}",66abad1a,r16,0.0393363461685588,,1.0044079380000142,0.8846397799999863,,,,,,,,,,,,-0.0889654662980741,0.0393363461685588,0.103519859414036,,,,
lightgbm,rel-avito,ad-ctr,REGRESSION,0,30,mae,cpu,False,"{""bagging_fraction"": 0.9893469303368, ""bagging_freq"": 1, ""cat_l2"": 0.1517170923124, ""cat_smooth"": 0.0019146599966, ""extra_trees"": true, ""feature_fraction"": 0.8076356640991, ""lambda_l1"": 0.2169752947, ""lambda_l2"": 0.6401022999299, ""learning_rate"": 0.0682833284969, ""max_cat_to_onehot"": 45, ""min_data_in_leaf"": 2, ""min_data_per_group"": 8, ""n_estimators"": 71, ""num_leaves"": 27}",e3bf995d,r17,0.0394169927935958,,0.9173497299999838,0.9089680250000072,,,,,,,,,,,,-0.0893691395191991,0.0394169927935958,0.1035390447438055,,,,
lightgbm,rel-avito,ad-ctr,REGRESSION,0,30,mae,cpu,False,"{""bagging_fraction"": 0.8662727305253, ""bagging_freq"": 1, ""cat_l2"": 0.0750558998512, ""cat_smooth"": 0.2749087238468, ""extra_trees"": true, ""feature_fraction"": 0.6722181067336, ""lambda_l1"": 0.6631118952798, ""lambda_l2"": 0.7669894419544, ""learning_rate"": 0.011346355764, ""max_cat_to_onehot"": 13, ""min_data_in_leaf"": 8, ""min_data_per_group"": 12, ""n_estimators"": 235, ""num_leaves"": 4}",d16f6217,r18,0.039662799325868,,0.9556037449999906,0.9049827759999972,,,,,,,,,,,,-0.0905909159531785,0.039662799325868,0.103597090318467,,,,
lightgbm,rel-avito,ad-ctr,REGRESSION,0,30,mae,cpu,False,"{""bagging_fraction"": 0.7637171496671, ""bagging_freq"": 1, ""cat_l2"": 1.6733394870119, ""cat_smooth"": 25.4110617183616, ""extra_trees"": true, ""feature_fraction"": 0.7219475266652, ""lambda_l1"": 0.2633960444995, ""lambda_l2"": 1.1766753953959, ""learning_rate"": 0.0546075727721, ""max_cat_to_onehot"": 88, ""min_data_in_leaf"": 1, ""min_data_per_group"": 5, ""n_estimators"": 74, ""num_leaves"": 3}",3c940a82,r19,0.0398151565847064,,0.9134296449999796,0.8969709870000031,,,,,,,,,,,,-0.0914137751028574,0.0398151565847064,0.1036361653459642,,,,
lightgbm,rel-avito,ad-ctr,REGRESSION,0,30,mae,cpu,False,"{""bagging_fraction"": 0.9145568099117, ""bagging_freq"": 1, ""cat_l2"": 0.0688015432043, ""cat_smooth"": 0.4410365667971, ""extra_trees"": false, ""feature_fraction"": 0.4842104682476, ""lambda_l1"": 0.6789116421659, ""lambda_l2"": 0.2119046236149, ""learning_rate"": 0.007497093098, ""max_cat_to_onehot"": 78, ""min_data_in_leaf"": 57, ""min_data_per_group"": 21, ""n_estimators"": 353, ""num_leaves"": 17}",a3464b9d,r2,0.0386954158888807,,1.0502744709999945,0.8977530880000018,,,,,,,,,,,,-0.0749596753281482,0.0386954158888807,0.102851991744866,,,,
lightgbm,rel-avito,ad-ctr,REGRESSION,0,30,mae,cpu,False,"{""bagging_fraction"": 0.766732967316, ""bagging_freq"": 1, ""cat_l2"": 0.2949769749976, ""cat_smooth"": 76.211749790676, ""extra_trees"": false, ""feature_fraction"": 0.9380027758242, ""lambda_l1"": 0.0207489343658, ""lambda_l2"": 1.6621138056269, ""learning_rate"": 0.0087194268009, ""max_cat_to_onehot"": 51, ""min_data_in_leaf"": 2, ""min_data_per_group"": 20, ""n_estimators"": 428, ""num_leaves"": 19}",8d3659ac,r20,0.039727821469419,,1.055080828999991,0.8996073849999959,,,,,,,,,,,,-0.0876218951567844,0.039727821469419,0.1034559780386406,,,,
lightgbm,rel-avito,ad-ctr,REGRESSION,0,30,mae,cpu,False,"{""bagging_fraction"": 0.806683821355, ""bagging_freq"": 1, ""cat_l2"": 0.0082421437739, ""cat_smooth"": 0.0160008811562, ""extra_trees"": false, ""feature_fraction"": 0.5089787202952, ""lambda_l1"": 0.2184810145264, ""lambda_l2"": 0.9723705046664, ""learning_rate"": 0.0507096180332, ""max_cat_to_onehot"": 54, ""min_data_in_leaf"": 3, ""min_data_per_group"": 18, ""n_estimators"": 165, ""num_leaves"": 161}",a6d8d71e,r21,0.0386697195108643,,1.1390182659999937,0.902464024000011,,,,,,,,,,,,-0.0520045791598895,0.0386697195108643,0.1017478954148848,,,,
lightgbm,rel-avito,ad-ctr,REGRESSION,0,30,mae,cpu,False,"{""bagging_fraction"": 0.9821295835758, ""bagging_freq"": 1, ""cat_l2"": 0.1367124095637, ""cat_smooth"": 0.0031729973642, ""extra_trees"": true, ""feature_fraction"": 0.7074360779775, ""lambda_l1"": 0.4552232983118, ""lambda_l2"": 1.417125445225, ""learning_rate"": 0.0925784167972, ""max_cat_to_onehot"": 8, ""min_data_in_leaf"": 5, ""min_data_per_group"": 7, ""n_estimators"": 123, ""num_leaves"": 2}",38aedfa8,r22,0.0394814850476573,,0.9218344500000056,0.8848560320000161,,,,,,,,,,,,-0.0899005932496586,0.0394814850476573,0.1035642976631422,,,,
lightgbm,rel-avito,ad-ctr,REGRESSION,0,30,mae,cpu,False,"{""bagging_fraction"": 0.9295975761421, ""bagging_freq"": 1, ""cat_l2"": 0.1658867884192, ""cat_smooth"": 0.0012082259188, ""extra_trees"": false, ""feature_fraction"": 0.7482682823129, ""lambda_l1"": 0.8788818548033, ""lambda_l2"": 0.9963306369924, ""learning_rate"": 0.0662004421712, ""max_cat_to_onehot"": 15, ""min_data_in_leaf"": 1, ""min_data_per_group"": 44, ""n_estimators"": 510, ""num_leaves"": 23}",3e9b950f,r23,0.03824802847771,,1.2306800639999835,0.9060930029999952,,,,,,,,,,,,-0.0526476136737099,0.03824802847771,0.101778987206088,,,,
lightgbm,rel-avito,ad-ctr,REGRESSION,0,30,mae,cpu,False,"{""bagging_fraction"": 0.9245990859552, ""bagging_freq"": 1, ""cat_l2"": 1.592158021275, ""cat_smooth"": 44.4269586841343, ""extra_trees"": false, ""feature_fraction"": 0.872525293573, ""lambda_l1"": 0.492319014681, ""lambda_l2"": 1.6891157039359, ""learning_rate"": 0.0517998481756, ""max_cat_to_onehot"": 22, ""min_data_in_leaf"": 59, ""min_data_per_group"": 10, ""n_estimators"": 802, ""num_leaves"": 8}",0d0b00fe,r24,0.0396580915984493,,1.0939326219999828,0.9022435100000052,,,,,,,,,,,,-0.0854236755980779,0.0396580915984493,0.1033513764384913,,,,
lightgbm,rel-avito,ad-ctr,REGRESSION,0,30,mae,cpu,False,"{""bagging_fraction"": 0.9711159219238, ""bagging_freq"": 1, ""cat_l2"": 0.0287842816393, ""cat_smooth"": 2.2365712242177, ""extra_trees"": false, ""feature_fraction"": 0.7638852760411, ""lambda_l1"": 0.7155896013433, ""lambda_l2"": 0.3887650116637, ""learning_rate"": 0.0956151137114, ""max_cat_to_onehot"": 23, ""min_data_in_leaf"": 5, ""min_data_per_group"": 8, ""n_estimators"": 132, ""num_leaves"": 117}",311db951,r25,0.0385366802150733,,1.0466113490000168,0.8946232250000037,,,,,,,,,,,,-0.0547779893342394,0.0385366802150733,0.1018819266322929,,,,
lightgbm,rel-avito,ad-ctr,REGRESSION,0,30,mae,cpu,False,"{""bagging_fraction"": 0.7751868160582, ""bagging_freq"": 1, ""cat_l2"": 0.7205179793324, ""cat_smooth"": 0.2412048314858, ""extra_trees"": false, ""feature_fraction"": 0.5086905770421, ""lambda_l1"": 0.7774298210926, ""lambda_l2"": 0.7417685131559, ""learning_rate"": 0.006296404929, ""max_cat_to_onehot"": 41, ""min_data_in_leaf"": 17, ""min_data_per_group"": 4, ""n_estimators"": 197, ""num_leaves"": 50}",e3b85f93,r26,0.0387429081341758,,1.076920763000004,0.8951988750000055,,,,,,,,,,,,-0.0730612468760263,0.0387429081341758,0.1027611309263333,,,,
lightgbm,rel-avito,ad-ctr,REGRESSION,0,30,mae,cpu,False,"{""bagging_fraction"": 0.9032235488416, ""bagging_freq"": 1, ""cat_l2"": 0.0484438463597, ""cat_smooth"": 0.2752154717585, ""extra_trees"": false, ""feature_fraction"": 0.8731273073839, ""lambda_l1"": 0.2594966220889, ""lambda_l2"": 0.3941888549433, ""learning_rate"": 0.0236586574252, ""max_cat_to_onehot"": 8, ""min_data_in_leaf"": 3, ""min_data_per_group"": 69, ""n_estimators"": 438, ""num_leaves"": 9}",d90cbc4e,r27,0.0383278256831249,,1.1054919309999889,0.8907665579999957,,,,,,,,,,,,-0.0694220124308875,0.0383278256831249,0.1025867282703909,,,,
lightgbm,rel-avito,ad-ctr,REGRESSION,0,30,mae,cpu,False,"{""bagging_fraction"": 0.943127227378, ""bagging_freq"": 1, ""cat_l2"": 0.0089165711882, ""cat_smooth"": 0.196142976357, ""extra_trees"": false, ""feature_fraction"": 0.4341088458599, ""lambda_l1"": 0.3738757566188, ""lambda_l2"": 0.9197657819236, ""learning_rate"": 0.0125354274243, ""max_cat_to_onehot"": 23, ""min_data_in_leaf"": 1, ""min_data_per_group"": 16, ""n_estimators"": 165, ""num_leaves"": 65}",10f688c8,r28,0.0387179619440341,,1.014698478999975,0.8932423090000157,,,,,,,,,,,,-0.0743802969133624,0.0387179619440341,0.102824270586154,,,,
lightgbm,rel-avito,ad-ctr,REGRESSION,0,30,mae,cpu,False,"{""bagging_fraction"": 0.8296444149774, ""bagging_freq"": 1, ""cat_l2"": 0.0231985345244, ""cat_smooth"": 0.419723324168, ""extra_trees"": true, ""feature_fraction"": 0.818198345035, ""lambda_l1"": 0.5876408752329, ""lambda_l2"": 0.0893201412781, ""learning_rate"": 0.0282078967013, ""max_cat_to_onehot"": 29, ""min_data_in_leaf"": 5, ""min_data_per_group"": 12, ""n_estimators"": 750, ""num_leaves"": 37}",fb774425,r29,0.0391478289439451,,1.0366524709999965,0.9008534409999812,,,,,,,,,,,,-0.0872742521114413,0.0391478289439451,0.1034394425928802,,,,
lightgbm,rel-avito,ad-ctr,REGRESSION,0,30,mae,cpu,False,"{""bagging_fraction"": 0.8808290128215, ""bagging_freq"": 1, ""cat_l2"": 1.0457234595842, ""cat_smooth"": 0.6921859910209, ""extra_trees"": true, ""feature_fraction"": 0.9220523550151, ""lambda_l1"": 0.7206605914604, ""lambda_l2"": 0.9472534786514, ""learning_rate"": 0.0132034424949, ""max_cat_to_onehot"": 25, ""min_data_in_leaf"": 15, ""min_data_per_group"": 7, ""n_estimators"": 335, ""num_leaves"": 35}",7ae6364f,r3,0.0393811870845299,,0.9987072179999928,0.8973057510000046,,,,,,,,,,,,-0.0888105363649109,0.0393811870845299,0.1035124951330324,,,,
lightgbm,rel-avito,ad-ctr,REGRESSION,0,30,mae,cpu,False,"{""bagging_fraction"": 0.9256403562964, ""bagging_freq"": 1, ""cat_l2"": 0.173468569422, ""cat_smooth"": 0.1622096133057, ""extra_trees"": true, ""feature_fraction"": 0.8672172375647, ""lambda_l1"": 0.2728946202342, ""lambda_l2"": 1.5996117895528, ""learning_rate"": 0.0885567275464, ""max_cat_to_onehot"": 31, ""min_data_in_leaf"": 54, ""min_data_per_group"": 63, ""n_estimators"": 395, ""num_leaves"": 6}",a691dd6f,r30,0.0394368164908201,,1.344267678000023,0.8947633470000085,,,,,,,,,,,,-0.0900528065256007,0.0394368164908201,0.1035715291991038,,,,
lightgbm,rel-avito,ad-ctr,REGRESSION,0,30,mae,cpu,False,"{""bagging_fraction"": 0.8634649548991, ""bagging_freq"": 1, ""cat_l2"": 1.6087120636028, ""cat_smooth"": 42.4603130176821, ""extra_trees"": false, ""feature_fraction"": 0.6841648271642, ""lambda_l1"": 0.5820615900959, ""lambda_l2"": 0.3727460534192, ""learning_rate"": 0.0078289135266, ""max_cat_to_onehot"": 37, ""min_data_in_leaf"": 2, ""min_data_per_group"": 2, ""n_estimators"": 987, ""num_leaves"": 9}",1d48d1c9,r4,0.0397403181821495,,1.0900785299999995,0.9029782530000006,,,,,,,,,,,,-0.0901609129441143,0.0397403181821495,0.1035766649454722,,,,
lightgbm,rel-avito,ad-ctr,REGRESSION,0,30,mae,cpu,False,"{""bagging_fraction"": 0.8270964398017, ""bagging_freq"": 1, ""cat_l2"": 0.0497402357678, ""cat_smooth"": 0.0022655846367, ""extra_trees"": true, ""feature_fraction"": 0.8805464511878, ""lambda_l1"": 0.5374194921261, ""lambda_l2"": 1.4738626624402, ""learning_rate"": 0.009732329389, ""max_cat_to_onehot"": 78, ""min_data_in_leaf"": 4, ""min_data_per_group"": 24, ""n_estimators"": 285, ""num_leaves"": 44}",4f68409e,r5,0.0396689603173562,,0.9684251569999986,0.8904337799999951,,,,,,,,,,,,-0.090629941601356,0.0396689603173562,0.1035989438583106,,,,
lightgbm,rel-avito,ad-ctr,REGRESSION,0,30,mae,cpu,False,"{""bagging_fraction"": 0.7951605226208, ""bagging_freq"": 1, ""cat_l2"": 0.2087627025057, ""cat_smooth"": 0.0018992120999, ""extra_trees"": true, ""feature_fraction"": 0.5907899076364, ""lambda_l1"": 0.2654629519904, ""lambda_l2"": 0.6372060480074, ""learning_rate"": 0.0086558049456, ""max_cat_to_onehot"": 44, ""min_data_in_leaf"": 11, ""min_data_per_group"": 11, ""n_estimators"": 164, ""num_leaves"": 56}",3c57d7d3,r6,0.0397460592110315,,0.9313976390000108,0.9007119689999996,,,,,,,,,,,,-0.0921309503022975,0.0397460592110315,0.1036702097585174,,,,
lightgbm,rel-avito,ad-ctr,REGRESSION,0,30,mae,cpu,False,"{""bagging_fraction"": 0.9335036446078, ""bagging_freq"": 1, ""cat_l2"": 0.2830562687557, ""cat_smooth"": 0.1802171314263, ""extra_trees"": true, ""feature_fraction"": 0.6485577967088, ""lambda_l1"": 0.5232957286614, ""lambda_l2"": 1.3348540188894, ""learning_rate"": 0.0289761662926, ""max_cat_to_onehot"": 15, ""min_data_in_leaf"": 11, ""min_data_per_group"": 55, ""n_estimators"": 701, ""num_leaves"": 20}",134c98bb,r7,0.039617067622734,,1.0098599140000033,0.8955804990000047,,,,,,,,,,,,-0.0898794073419628,0.039617067622734,0.1035632910968888,,,,
lightgbm,rel-avito,ad-ctr,REGRESSION,0,30,mae,cpu,False,"{""bagging_fraction"": 0.9848713160352, ""bagging_freq"": 1, ""cat_l2"": 1.6905546285477, ""cat_smooth"": 0.001258746648, ""extra_trees"": true, ""feature_fraction"": 0.4384884978093, ""lambda_l1"": 0.0940311167074, ""lambda_l2"": 0.2636825450225, ""learning_rate"": 0.0053104402291, ""max_cat_to_onehot"": 51, ""min_data_in_leaf"": 10, ""min_data_per_group"": 31, ""n_estimators"": 285, ""num_leaves"": 164}",42517afb,r8,0.0398106734924672,,0.9427711639999928,0.8859259430000037,,,,,,,,,,,,-0.0933890220555326,0.0398106734924672,0.1037299036183705,,,,
lightgbm,rel-avito,ad-ctr,REGRESSION,0,30,mae,cpu,False,"{""bagging_fraction"": 0.898758060085, ""bagging_freq"": 1, ""cat_l2"": 0.964011246959, ""cat_smooth"": 0.1616421454928, ""extra_trees"": false, ""feature_fraction"": 0.815483271622, ""lambda_l1"": 0.5759889009066, ""lambda_l2"": 1.4326827755167, ""learning_rate"": 0.0599026240177, ""max_cat_to_onehot"": 91, ""min_data_in_leaf"": 2, ""min_data_per_group"": 6, ""n_estimators"": 702, ""num_leaves"": 39}",b7f5d391,r9,0.0383930277856682,,1.491274408999999,0.9216785250000044,,,,,,,,,,,,-0.0514479105469805,0.0383930277856682,0.1017209718844825,,,,
lightgbm,rel-avito,user-clicks,BINARY_CLASSIFICATION,0,30,roc_auc,cpu,True,{},bf21a9e8,default,0.5603258110467999,0.5641630377838478,0.4917572110000066,0.0249729800000011,0.1573166299999968,0.0425587039999868,,0.0462998252999586,0.9647358731057925,0.0,0.5603258110467999,0.0189135215230683,0.9845612134344528,0.0,0.5641630377838478,,,,,,,
lightgbm,rel-avito,user-clicks,BINARY_CLASSIFICATION,0,30,roc_auc,cpu,False,"{""bagging_fraction"": 0.8646440511782, ""bagging_freq"": 1, ""cat_l2"": 0.2396763788772, ""cat_smooth"": 9.0912832806515, ""extra_trees"": true, ""feature_fraction"": 0.9742930953718, ""lambda_l1"": 0.5205254318032, ""lambda_l2"": 1.5172553870823, ""learning_rate"": 0.0095655183906, ""max_cat_to_onehot"": 21, ""min_data_in_leaf"": 1, ""min_data_per_group"": 38, ""n_estimators"": 885, ""num_leaves"": 13}",9ddece77,r1,0.5476237512568705,,0.887792489000006,0.2461202630000087,,,,0.0423476588364647,0.9648302884388424,0.0,0.5476237512568705,,,,,,,,,,,
lightgbm,rel-avito,user-clicks,BINARY_CLASSIFICATION,0,30,roc_auc,cpu,False,"{""bagging_fraction"": 0.7040714906836, ""bagging_freq"": 1, ""cat_l2"": 0.1059359109832, ""cat_smooth"": 79.0557829290776, ""extra_trees"": true, ""feature_fraction"": 0.7399608725239, ""lambda_l1"": 0.9293032679565, ""lambda_l2"": 0.5788832452851, ""learning_rate"": 0.0050708289337, ""max_cat_to_onehot"": 15, ""min_data_in_leaf"": 53, ""min_data_per_group"": 48, ""n_estimators"": 398, ""num_leaves"": 14}",85d4ebc9,r10,0.5405830434294323,,0.3830313050000029,0.0901385199999964,,,,0.0399693862080857,0.9648302884388424,0.0,0.5405830434294323,,,,,,,,,,,
lightgbm,rel-avito,user-clicks,BINARY_CLASSIFICATION,0,30,roc_auc,cpu,False,"{""bagging_fraction"": 0.8819179642384, ""bagging_freq"": 1, ""cat_l2"": 0.2028071332361, ""cat_smooth"": 0.9002514016925, ""extra_trees"": true, ""feature_fraction"": 0.9904253448185, ""lambda_l1"": 0.3523764300344, ""lambda_l2"": 1.0166800656129, ""learning_rate"": 0.0076046378471, ""max_cat_to_onehot"": 9, ""min_data_in_leaf"": 51, ""min_data_per_group"": 4, ""n_estimators"": 309, ""num_leaves"": 50}",eb5d77d2,r11,0.5415189891707184,,0.3316740550000077,0.0873501970000063,,,,0.040929055267828,0.9648302884388424,0.0,0.5415189891707184,,,,,,,,,,,
lightgbm,rel-avito,user-clicks,BINARY_CLASSIFICATION,0,30,roc_auc,cpu,False,"{""bagging_fraction"": 0.7057579594928, ""bagging_freq"": 1, ""cat_l2"": 0.0652607238611, ""cat_smooth"": 0.7440913299852, ""extra_trees"": true, ""feature_fraction"": 0.5562045565524, ""lambda_l1"": 0.4693022490728, ""lambda_l2"": 0.3337783413457, ""learning_rate"": 0.005523232486, ""max_cat_to_onehot"": 20, ""min_data_in_leaf"": 22, ""min_data_per_group"": 3, ""n_estimators"": 298, ""num_leaves"": 194}",97b0d170,r12,0.5404000706671543,,0.2936647049999976,0.0695973849999944,,,,0.0398739151602714,0.9648302884388424,0.0,0.5404000706671543,,,,,,,,,,,
lightgbm,rel-avito,user-clicks,BINARY_CLASSIFICATION,0,30,roc_auc,cpu,False,"{""bagging_fraction"": 0.7904724450024, ""bagging_freq"": 1, ""cat_l2"": 0.0112585288934, ""cat_smooth"": 1.8450328342775, ""extra_trees"": false, ""feature_fraction"": 0.7222135128255, ""lambda_l1"": 0.8411560157726, ""lambda_l2"": 1.5581241341161, ""learning_rate"": 0.0949138303247, ""max_cat_to_onehot"": 8, ""min_data_in_leaf"": 4, ""min_data_per_group"": 12, ""n_estimators"": 523, ""num_leaves"": 6}",b0f88568,r13,0.5533984924778229,,0.4154487169999896,0.0931543779999941,,,,0.0437424380835762,0.9648302884388424,0.0,0.5533984924778229,,,,,,,,,,,
lightgbm,rel-avito,user-clicks,BINARY_CLASSIFICATION,0,30,roc_auc,cpu,False,"{""bagging_fraction"": 0.8980520612478, ""bagging_freq"": 1, ""cat_l2"": 0.0298619738506, ""cat_smooth"": 1.8218656600978, ""extra_trees"": false, ""feature_fraction"": 0.6687557031224, ""lambda_l1"": 0.9046572794351, ""lambda_l2"": 1.7298800978754, ""learning_rate"": 0.0152979229147, ""max_cat_to_onehot"": 14, ""min_data_in_leaf"": 7, ""min_data_per_group"": 61, ""n_estimators"": 223, ""num_leaves"": 45}",c9bdab03,r14,0.5557948708518348,,0.4129233919999961,0.1028160059999976,,,,0.0443175089215625,0.9648302884388424,0.0,0.5557948708518348,,,,,,,,,,,
lightgbm,rel-avito,user-clicks,BINARY_CLASSIFICATION,0,30,roc_auc,cpu,False,"{""bagging_fraction"": 0.7870232821631, ""bagging_freq"": 1, ""cat_l2"": 0.1520732736224, ""cat_smooth"": 0.143579414226, ""extra_trees"": false, ""feature_fraction"": 0.4597414534665, ""lambda_l1"": 0.0376556278898, ""lambda_l2"": 0.8228523078385, ""learning_rate"": 0.0175995134195, ""max_cat_to_onehot"": 55, ""min_data_in_leaf"": 4, ""min_data_per_group"": 81, ""n_estimators"": 58, ""num_leaves"": 107}",5c4e94f9,r15,0.5541011906364708,,0.1333542670000014,0.0277099679999963,,,,0.0449489843287204,0.9648302884388424,0.0,0.5541011906364708,,,,,,,,,,,
lightgbm,rel-avito,user-clicks,BINARY_CLASSIFICATION,0,30,roc_auc,cpu,False,"{""bagging_fraction"": 0.9252532736885, ""bagging_freq"": 1, ""cat_l2"": 0.0185425303217, ""cat_smooth"": 0.0026697944708, ""extra_trees"": true, ""feature_fraction"": 0.4403497788779, ""lambda_l1"": 0.990339913502, ""lambda_l2"": 1.5167814698069, ""learning_rate"": 0.032907451476, ""max_cat_to_onehot"": 89, ""min_data_in_leaf"": 2, ""min_data_per_group"": 10, ""n_estimators"": 665, ""num_leaves"": 12}",66abad1a,r16,0.5429673702952325,,0.4447900810000078,0.1081424650000002,,,,0.041181805297049,0.9648302884388424,0.0,0.5429673702952325,,,,,,,,,,,
lightgbm,rel-avito,user-clicks,BINARY_CLASSIFICATION,0,30,roc_auc,cpu,False,"{""bagging_fraction"": 0.9893469303368, ""bagging_freq"": 1, ""cat_l2"": 0.1517170923124, ""cat_smooth"": 0.0019146599966, ""extra_trees"": true, ""feature_fraction"": 0.8076356640991, ""lambda_l1"": 0.2169752947, ""lambda_l2"": 0.6401022999299, ""learning_rate"": 0.0682833284969, ""max_cat_to_onehot"": 45, ""min_data_in_leaf"": 2, ""min_data_per_group"": 8, ""n_estimators"": 71, ""num_leaves"": 27}",e3bf995d,r17,0.5479649698449591,,0.095396552000011,0.0217036920000026,,,,0.0423007488214199,0.9648302884388424,0.0,0.5479649698449591,,,,,,,,,,,
lightgbm,rel-avito,user-clicks,BINARY_CLASSIFICATION,0,30,roc_auc,cpu,False,"{""bagging_fraction"": 0.8662727305253, ""bagging_freq"": 1, ""cat_l2"": 0.0750558998512, ""cat_smooth"": 0.2749087238468, ""extra_trees"": true, ""feature_fraction"": 0.6722181067336, ""lambda_l1"": 0.6631118952798, ""lambda_l2"": 0.7669894419544, ""learning_rate"": 0.011346355764, ""max_cat_to_onehot"": 13, ""min_data_in_leaf"": 8, ""min_data_per_group"": 12, ""n_estimators"": 235, ""num_leaves"": 4}",d16f6217,r18,0.5384082551846114,,0.1801398110000036,0.0361434550000012,,,,0.0394160769345039,0.9648302884388424,0.0,0.5384082551846114,,,,,,,,,,,
lightgbm,rel-avito,user-clicks,BINARY_CLASSIFICATION,0,30,roc_auc,cpu,False,"{""bagging_fraction"": 0.7637171496671, ""bagging_freq"": 1, ""cat_l2"": 1.6733394870119, ""cat_smooth"": 25.4110617183616, ""extra_trees"": true, ""feature_fraction"": 0.7219475266652, ""lambda_l1"": 0.2633960444995, ""lambda_l2"": 1.1766753953959, ""learning_rate"": 0.0546075727721, ""max_cat_to_onehot"": 88, ""min_data_in_leaf"": 1, ""min_data_per_group"": 5, ""n_estimators"": 74, ""num_leaves"": 3}",3c940a82,r19,0.5398881935281759,,0.0708903010000057,0.0138367149999965,,,,0.0391537351620119,0.9648302884388424,0.0,0.5398881935281759,,,,,,,,,,,
lightgbm,rel-avito,user-clicks,BINARY_CLASSIFICATION,0,30,roc_auc,cpu,False,"{""bagging_fraction"": 0.9145568099117, ""bagging_freq"": 1, ""cat_l2"": 0.0688015432043, ""cat_smooth"": 0.4410365667971, ""extra_trees"": false, ""feature_fraction"": 0.4842104682476, ""lambda_l1"": 0.6789116421659, ""lambda_l2"": 0.2119046236149, ""learning_rate"": 0.007497093098, ""max_cat_to_onehot"": 78, ""min_data_in_leaf"": 57, ""min_data_per_group"": 21, ""n_estimators"": 353, ""num_leaves"": 17}",a3464b9d,r2,0.5487288121678857,,0.3836464780000028,0.1043646060000043,,,,0.0433824215624575,0.9648302884388424,0.0,0.5487288121678857,,,,,,,,,,,
lightgbm,rel-avito,user-clicks,BINARY_CLASSIFICATION,0,30,roc_auc,cpu,False,"{""bagging_fraction"": 0.766732967316, ""bagging_freq"": 1, ""cat_l2"": 0.2949769749976, ""cat_smooth"": 76.211749790676, ""extra_trees"": false, ""feature_fraction"": 0.9380027758242, ""lambda_l1"": 0.0207489343658, ""lambda_l2"": 1.6621138056269, ""learning_rate"": 0.0087194268009, ""max_cat_to_onehot"": 51, ""min_data_in_leaf"": 2, ""min_data_per_group"": 20, ""n_estimators"": 428, ""num_leaves"": 19}",8d3659ac,r20,0.5504021000491912,,0.5066063579999991,0.1340403000000094,,,,0.042894061947409,0.9648302884388424,0.0,0.5504021000491912,,,,,,,,,,,
lightgbm,rel-avito,user-clicks,BINARY_CLASSIFICATION,0,30,roc_auc,cpu,False,"{""bagging_fraction"": 0.806683821355, ""bagging_freq"": 1, ""cat_l2"": 0.0082421437739, ""cat_smooth"": 0.0160008811562, ""extra_trees"": false, ""feature_fraction"": 0.5089787202952, ""lambda_l1"": 0.2184810145264, ""lambda_l2"": 0.9723705046664, ""learning_rate"": 0.0507096180332, ""max_cat_to_onehot"": 54, ""min_data_in_leaf"": 3, ""min_data_per_group"": 18, ""n_estimators"": 165, ""num_leaves"": 161}",a6d8d71e,r21,0.5539625818730868,,0.5808838720000011,0.1140284490000027,,,,0.0478045029723655,0.9648302884388424,0.0053404539385847,0.5539625818730868,,,,,,,,,,,
lightgbm,rel-avito,user-clicks,BINARY_CLASSIFICATION,0,30,roc_auc,cpu,False,"{""bagging_fraction"": 0.9821295835758, ""bagging_freq"": 1, ""cat_l2"": 0.1367124095637, ""cat_smooth"": 0.0031729973642, ""extra_trees"": true, ""feature_fraction"": 0.7074360779775, ""lambda_l1"": 0.4552232983118, ""lambda_l2"": 1.417125445225, ""learning_rate"": 0.0925784167972, ""max_cat_to_onehot"": 8, ""min_data_in_leaf"": 5, ""min_data_per_group"": 7, ""n_estimators"": 123, ""num_leaves"": 2}",38aedfa8,r22,0.5390256733246598,,0.0854614960000077,0.0139236750000009,,,,0.0402451013717444,0.9648302884388424,0.0,0.5390256733246598,,,,,,,,,,,
lightgbm,rel-avito,user-clicks,BINARY_CLASSIFICATION,0,30,roc_auc,cpu,False,"{""bagging_fraction"": 0.9295975761421, ""bagging_freq"": 1, ""cat_l2"": 0.1658867884192, ""cat_smooth"": 0.0012082259188, ""extra_trees"": false, ""feature_fraction"": 0.7482682823129, ""lambda_l1"": 0.8788818548033, ""lambda_l2"": 0.9963306369924, ""learning_rate"": 0.0662004421712, ""max_cat_to_onehot"": 15, ""min_data_in_leaf"": 1, ""min_data_per_group"": 44, ""n_estimators"": 510, ""num_leaves"": 23}",3e9b950f,r23,0.5564230926600076,,0.6115129429999939,0.1617926159999996,,,,0.0466908895614223,0.9647830807723174,0.0026737967914438,0.5564230926600076,,,,,,,,,,,
lightgbm,rel-avito,user-clicks,BINARY_CLASSIFICATION,0,30,roc_auc,cpu,False,"{""bagging_fraction"": 0.9245990859552, ""bagging_freq"": 1, ""cat_l2"": 1.592158021275, ""cat_smooth"": 44.4269586841343, ""extra_trees"": false, ""feature_fraction"": 0.872525293573, ""lambda_l1"": 0.492319014681, ""lambda_l2"": 1.6891157039359, ""learning_rate"": 0.0517998481756, ""max_cat_to_onehot"": 22, ""min_data_in_leaf"": 59, ""min_data_per_group"": 10, ""n_estimators"": 802, ""num_leaves"": 8}",0d0b00fe,r24,0.5545493950930986,,0.6228761990000038,0.1561371489999885,,,,0.0439773968945319,0.9648302884388424,0.0,0.5545493950930986,,,,,,,,,,,
lightgbm,rel-avito,user-clicks,BINARY_CLASSIFICATION,0,30,roc_auc,cpu,False,"{""bagging_fraction"": 0.9711159219238, ""bagging_freq"": 1, ""cat_l2"": 0.0287842816393, ""cat_smooth"": 2.2365712242177, ""extra_trees"": false, ""feature_fraction"": 0.7638852760411, ""lambda_l1"": 0.7155896013433, ""lambda_l2"": 0.3887650116637, ""learning_rate"": 0.0956151137114, ""max_cat_to_onehot"": 23, ""min_data_in_leaf"": 5, ""min_data_per_group"": 8, ""n_estimators"": 132, ""num_leaves"": 117}",311db951,r25,0.5540880883155538,,0.4049684280000036,0.0817559790000075,,,,0.048752900121892,0.9647830807723174,0.0079787234042553,0.5540880883155538,,,,,,,,,,,
lightgbm,rel-avito,user-clicks,BINARY_CLASSIFICATION,0,30,roc_auc,cpu,False,"{""bagging_fraction"": 0.7751868160582, ""bagging_freq"": 1, ""cat_l2"": 0.7205179793324, ""cat_smooth"": 0.2412048314858, ""extra_trees"": false, ""feature_fraction"": 0.5086905770421, ""lambda_l1"": 0.7774298210926, ""lambda_l2"": 0.7417685131559, ""learning_rate"": 0.006296404929, ""max_cat_to_onehot"": 41, ""min_data_in_leaf"": 17, ""min_data_per_group"": 4, ""n_estimators"": 197, ""num_leaves"": 50}",e3b85f93,r26,0.5529901860660922,,0.3870230389999989,0.0927510749999953,,,,0.0436832994908584,0.9648302884388424,0.0,0.5529901860660922,,,,,,,,,,,
lightgbm,rel-avito,user-clicks,BINARY_CLASSIFICATION,0,30,roc_auc,cpu,False,"{""bagging_fraction"": 0.9032235488416, ""bagging_freq"": 1, ""cat_l2"": 0.0484438463597, ""cat_smooth"": 0.2752154717585, ""extra_trees"": false, ""feature_fraction"": 0.8731273073839, ""lambda_l1"": 0.2594966220889, ""lambda_l2"": 0.3941888549433, ""learning_rate"": 0.0236586574252, ""max_cat_to_onehot"": 8, ""min_data_in_leaf"": 3, ""min_data_per_group"": 69, ""n_estimators"": 438, ""num_leaves"": 9}",d90cbc4e,r27,0.5563808631244209,,0.3598106040000033,0.0747257219999966,,,,0.045607363422467,0.9648302884388424,0.0,0.5563808631244209,,,,,,,,,,,
lightgbm,rel-avito,user-clicks,BINARY_CLASSIFICATION,0,30,roc_auc,cpu,False,"{""bagging_fraction"": 0.943127227378, ""bagging_freq"": 1, ""cat_l2"": 0.0089165711882, ""cat_smooth"": 0.196142976357, ""extra_trees"": false, ""feature_fraction"": 0.4341088458599, ""lambda_l1"": 0.3738757566188, ""lambda_l2"": 0.9197657819236, ""learning_rate"": 0.0125354274243, ""max_cat_to_onehot"": 23, ""min_data_in_leaf"": 1, ""min_data_per_group"": 16, ""n_estimators"": 165, ""num_leaves"": 65}",10f688c8,r28,0.5537365914656933,,1.5352981529999994,0.0893957960000051,,,,0.0441017982595295,0.9648302884388424,0.0,0.5537365914656933,,,,,,,,,,,
lightgbm,rel-avito,user-clicks,BINARY_CLASSIFICATION,0,30,roc_auc,cpu,False,"{""bagging_fraction"": 0.8296444149774, ""bagging_freq"": 1, ""cat_l2"": 0.0231985345244, ""cat_smooth"": 0.419723324168, ""extra_trees"": true, ""feature_fraction"": 0.818198345035, ""lambda_l1"": 0.5876408752329, ""lambda_l2"": 0.0893201412781, ""learning_rate"": 0.0282078967013, ""max_cat_to_onehot"": 29, ""min_data_in_leaf"": 5, ""min_data_per_group"": 12, ""n_estimators"": 750, ""num_leaves"": 37}",fb774425,r29,0.5491693325566076,,0.8314121969999917,0.1928864550000071,,,,0.0449430617370579,0.9648302884388424,0.0,0.5491693325566076,,,,,,,,,,,
lightgbm,rel-avito,user-clicks,BINARY_CLASSIFICATION,0,30,roc_auc,cpu,False,"{""bagging_fraction"": 0.8808290128215, ""bagging_freq"": 1, ""cat_l2"": 1.0457234595842, ""cat_smooth"": 0.6921859910209, ""extra_trees"": true, ""feature_fraction"": 0.9220523550151, ""lambda_l1"": 0.7206605914604, ""lambda_l2"": 0.9472534786514, ""learning_rate"": 0.0132034424949, ""max_cat_to_onehot"": 25, ""min_data_in_leaf"": 15, ""min_data_per_group"": 7, ""n_estimators"": 335, ""num_leaves"": 35}",7ae6364f,r3,0.5419532375211066,,0.3463059679999958,0.0936345470000077,,,,0.0414823410911069,0.9648302884388424,0.0,0.5419532375211066,,,,,,,,,,,
lightgbm,rel-avito,user-clicks,BINARY_CLASSIFICATION,0,30,roc_auc,cpu,False,"{""bagging_fraction"": 0.9256403562964, ""bagging_freq"": 1, ""cat_l2"": 0.173468569422, ""cat_smooth"": 0.1622096133057, ""extra_trees"": true, ""feature_fraction"": 0.8672172375647, ""lambda_l1"": 0.2728946202342, ""lambda_l2"": 1.5996117895528, ""learning_rate"": 0.0885567275464, ""max_cat_to_onehot"": 31, ""min_data_in_leaf"": 54, ""min_data_per_group"": 63, ""n_estimators"": 395, ""num_leaves"": 6}",a691dd6f,r30,0.549101850678201,,0.3132155640000036,0.0758707969999932,,,,0.0439673089571403,0.9648302884388424,0.0,0.549101850678201,,,,,,,,,,,
lightgbm,rel-avito,user-clicks,BINARY_CLASSIFICATION,0,30,roc_auc,cpu,False,"{""bagging_fraction"": 0.8634649548991, ""bagging_freq"": 1, ""cat_l2"": 1.6087120636028, ""cat_smooth"": 42.4603130176821, ""extra_trees"": false, ""feature_fraction"": 0.6841648271642, ""lambda_l1"": 0.5820615900959, ""lambda_l2"": 0.3727460534192, ""learning_rate"": 0.0078289135266, ""max_cat_to_onehot"": 37, ""min_data_in_leaf"": 2, ""min_data_per_group"": 2, ""n_estimators"": 987, ""num_leaves"": 9}",1d48d1c9,r4,0.5529113751132086,,0.8339030209999976,0.2146965350000016,,,,0.0439804732941323,0.9648302884388424,0.0,0.5529113751132086,,,,,,,,,,,
lightgbm,rel-avito,user-clicks,BINARY_CLASSIFICATION,0,30,roc_auc,cpu,False,"{""bagging_fraction"": 0.8270964398017, ""bagging_freq"": 1, ""cat_l2"": 0.0497402357678, ""cat_smooth"": 0.0022655846367, ""extra_trees"": true, ""feature_fraction"": 0.8805464511878, ""lambda_l1"": 0.5374194921261, ""lambda_l2"": 1.4738626624402, ""learning_rate"": 0.009732329389, ""max_cat_to_onehot"": 78, ""min_data_in_leaf"": 4, ""min_data_per_group"": 24, ""n_estimators"": 285, ""num_leaves"": 44}",4f68409e,r5,0.5420433775484671,,0.3017825769999973,0.0761327969999996,,,,0.0403238489366448,0.9648302884388424,0.0,0.5420433775484671,,,,,,,,,,,
lightgbm,rel-avito,user-clicks,BINARY_CLASSIFICATION,0,30,roc_auc,cpu,False,"{""bagging_fraction"": 0.7951605226208, ""bagging_freq"": 1, ""cat_l2"": 0.2087627025057, ""cat_smooth"": 0.0018992120999, ""extra_trees"": true, ""feature_fraction"": 0.5907899076364, ""lambda_l1"": 0.2654629519904, ""lambda_l2"": 0.6372060480074, ""learning_rate"": 0.0086558049456, ""max_cat_to_onehot"": 44, ""min_data_in_leaf"": 11, ""min_data_per_group"": 11, ""n_estimators"": 164, ""num_leaves"": 56}",3c57d7d3,r6,0.5397877424011465,,0.1772181150000022,0.042172433999994,,,,0.040725607612793,0.9648302884388424,0.0,0.5397877424011465,,,,,,,,,,,
lightgbm,rel-avito,user-clicks,BINARY_CLASSIFICATION,0,30,roc_auc,cpu,False,"{""bagging_fraction"": 0.9335036446078, ""bagging_freq"": 1, ""cat_l2"": 0.2830562687557, ""cat_smooth"": 0.1802171314263, ""extra_trees"": true, ""feature_fraction"": 0.6485577967088, ""lambda_l1"": 0.5232957286614, ""lambda_l2"": 1.3348540188894, ""learning_rate"": 0.0289761662926, ""max_cat_to_onehot"": 15, ""min_data_in_leaf"": 11, ""min_data_per_group"": 55, ""n_estimators"": 701, ""num_leaves"": 20}",134c98bb,r7,0.5456038593723627,,0.5846269110000009,0.1625138530000072,,,,0.0428295090544729,0.9648302884388424,0.0,0.5456038593723627,,,,,,,,,,,
lightgbm,rel-avito,user-clicks,BINARY_CLASSIFICATION,0,30,roc_auc,cpu,False,"{""bagging_fraction"": 0.9848713160352, ""bagging_freq"": 1, ""cat_l2"": 1.6905546285477, ""cat_smooth"": 0.001258746648, ""extra_trees"": true, ""feature_fraction"": 0.4384884978093, ""lambda_l1"": 0.0940311167074, ""lambda_l2"": 0.2636825450225, ""learning_rate"": 0.0053104402291, ""max_cat_to_onehot"": 51, ""min_data_in_leaf"": 10, ""min_data_per_group"": 31, ""n_estimators"": 285, ""num_leaves"": 164}",42517afb,r8,0.542004628829966,,0.2240424359999906,0.0540369410000067,,,,0.04028904876077,0.9648302884388424,0.0,0.542004628829966,,,,,,,,,,,
lightgbm,rel-avito,user-clicks,BINARY_CLASSIFICATION,0,30,roc_auc,cpu,False,"{""bagging_fraction"": 0.898758060085, ""bagging_freq"": 1, ""cat_l2"": 0.964011246959, ""cat_smooth"": 0.1616421454928, ""extra_trees"": false, ""feature_fraction"": 0.815483271622, ""lambda_l1"": 0.5759889009066, ""lambda_l2"": 1.4326827755167, ""learning_rate"": 0.0599026240177, ""max_cat_to_onehot"": 91, ""min_data_in_leaf"": 2, ""min_data_per_group"": 6, ""n_estimators"": 702, ""num_leaves"": 39}",b7f5d391,r9,0.553367427827228,,1.140240281000004,0.3027692400000035,,,,0.0466896970576611,0.9647830807723174,0.0079787234042553,0.553367427827228,,,,,,,,,,,
lightgbm,rel-avito,user-visits,BINARY_CLASSIFICATION,0,30,roc_auc,cpu,False,{},bf21a9e8,default,0.5304225069594998,0.5297446610574068,0.498385319999997,0.0314867630000037,0.2071372070000166,0.0360152739999932,,0.9116616436489056,0.9034991160479002,0.9493016490545536,0.5304225069594998,0.861466460363034,0.8503418306623488,0.9191137971786318,0.5297446610574068,,,,,,,
lightgbm,rel-avito,user-visits,BINARY_CLASSIFICATION,0,30,roc_auc,cpu,False,"{""bagging_fraction"": 0.8646440511782, ""bagging_freq"": 1, ""cat_l2"": 0.2396763788772, ""cat_smooth"": 9.0912832806515, ""extra_trees"": true, ""feature_fraction"": 0.9742930953718, ""lambda_l1"": 0.5205254318032, ""lambda_l2"": 1.5172553870823, ""learning_rate"": 0.0095655183906, ""max_cat_to_onehot"": 21, ""min_data_in_leaf"": 1, ""min_data_per_group"": 38, ""n_estimators"": 885, ""num_leaves"": 13}",9ddece77,r1,0.5297038922943624,,1.2003380470000025,0.3560496009999951,,,,0.9110177177569108,0.9034991160479002,0.949303425917813,0.5297038922943624,,,,,,,,,,,
lightgbm,rel-avito,user-visits,BINARY_CLASSIFICATION,0,30,roc_auc,cpu,False,"{""bagging_fraction"": 0.7040714906836, ""bagging_freq"": 1, ""cat_l2"": 0.1059359109832, ""cat_smooth"": 79.0557829290776, ""extra_trees"": true, ""feature_fraction"": 0.7399608725239, ""lambda_l1"": 0.9293032679565, ""lambda_l2"": 0.5788832452851, ""learning_rate"": 0.0050708289337, ""max_cat_to_onehot"": 15, ""min_data_in_leaf"": 53, ""min_data_per_group"": 48, ""n_estimators"": 398, ""num_leaves"": 14}",85d4ebc9,r10,0.5249176880216051,,0.5474286009999929,0.1389810329999932,,,,0.9095211784754298,0.9034991160479002,0.949303425917813,0.5249176880216051,,,,,,,,,,,
lightgbm,rel-avito,user-visits,BINARY_CLASSIFICATION,0,30,roc_auc,cpu,False,"{""bagging_fraction"": 0.8819179642384, ""bagging_freq"": 1, ""cat_l2"": 0.2028071332361, ""cat_smooth"": 0.9002514016925, ""extra_trees"": true, ""feature_fraction"": 0.9904253448185, ""lambda_l1"": 0.3523764300344, ""lambda_l2"": 1.0166800656129, ""learning_rate"": 0.0076046378471, ""max_cat_to_onehot"": 9, ""min_data_in_leaf"": 51, ""min_data_per_group"": 4, ""n_estimators"": 309, ""num_leaves"": 50}",eb5d77d2,r11,0.5277680845986866,,0.4758799949999996,0.1347720229999964,,,,0.9103808221822338,0.9034991160479002,0.949303425917813,0.5277680845986866,,,,,,,,,,,
lightgbm,rel-avito,user-visits,BINARY_CLASSIFICATION,0,30,roc_auc,cpu,False,"{""bagging_fraction"": 0.7057579594928, ""bagging_freq"": 1, ""cat_l2"": 0.0652607238611, ""cat_smooth"": 0.7440913299852, ""extra_trees"": true, ""feature_fraction"": 0.5562045565524, ""lambda_l1"": 0.4693022490728, ""lambda_l2"": 0.3337783413457, ""learning_rate"": 0.005523232486, ""max_cat_to_onehot"": 20, ""min_data_in_leaf"": 22, ""min_data_per_group"": 3, ""n_estimators"": 298, ""num_leaves"": 194}",97b0d170,r12,0.5242760898898693,,0.4081678260000103,0.0978861269999953,,,,0.909342701702158,0.9034991160479002,0.949303425917813,0.5242760898898693,,,,,,,,,,,
lightgbm,rel-avito,user-visits,BINARY_CLASSIFICATION,0,30,roc_auc,cpu,False,"{""bagging_fraction"": 0.7904724450024, ""bagging_freq"": 1, ""cat_l2"": 0.0112585288934, ""cat_smooth"": 1.8450328342775, ""extra_trees"": false, ""feature_fraction"": 0.7222135128255, ""lambda_l1"": 0.8411560157726, ""lambda_l2"": 1.5581241341161, ""learning_rate"": 0.0949138303247, ""max_cat_to_onehot"": 8, ""min_data_in_leaf"": 4, ""min_data_per_group"": 12, ""n_estimators"": 523, ""num_leaves"": 6}",b0f88568,r13,0.5319532344889404,,0.5467748180000029,0.1134642720000016,,,,0.9107571811353125,0.9034991160479002,0.949303425917813,0.5319532344889404,,,,,,,,,,,
lightgbm,rel-avito,user-visits,BINARY_CLASSIFICATION,0,30,roc_auc,cpu,True,"{""bagging_fraction"": 0.8980520612478, ""bagging_freq"": 1, ""cat_l2"": 0.0298619738506, ""cat_smooth"": 1.8218656600978, ""extra_trees"": false, ""feature_fraction"": 0.6687557031224, ""lambda_l1"": 0.9046572794351, ""lambda_l2"": 1.7298800978754, ""learning_rate"": 0.0152979229147, ""max_cat_to_onehot"": 14, ""min_data_in_leaf"": 7, ""min_data_per_group"": 61, ""n_estimators"": 223, ""num_leaves"": 45}",c9bdab03,r14,0.5350172865427755,0.5292822499517711,0.5212808069999966,0.1337715880000018,0.6452201010000067,0.1540617059999931,,0.9113393985220104,0.9034991160479002,0.949303425917813,0.5350172865427755,0.8613810236638689,0.8505909380276232,0.9192641340113672,0.5292822499517711,,,,,,,
lightgbm,rel-avito,user-visits,BINARY_CLASSIFICATION,0,30,roc_auc,cpu,False,"{""bagging_fraction"": 0.7870232821631, ""bagging_freq"": 1, ""cat_l2"": 0.1520732736224, ""cat_smooth"": 0.143579414226, ""extra_trees"": false, ""feature_fraction"": 0.4597414534665, ""lambda_l1"": 0.0376556278898, ""lambda_l2"": 0.8228523078385, ""learning_rate"": 0.0175995134195, ""max_cat_to_onehot"": 55, ""min_data_in_leaf"": 4, ""min_data_per_group"": 81, ""n_estimators"": 58, ""num_leaves"": 107}",5c4e94f9,r15,0.5307387533081696,,0.1893208589999915,0.0362224459999964,,,,0.9105392519500995,0.9034991160479002,0.949303425917813,0.5307387533081696,,,,,,,,,,,
lightgbm,rel-avito,user-visits,BINARY_CLASSIFICATION,0,30,roc_auc,cpu,False,"{""bagging_fraction"": 0.9252532736885, ""bagging_freq"": 1, ""cat_l2"": 0.0185425303217, ""cat_smooth"": 0.0026697944708, ""extra_trees"": true, ""feature_fraction"": 0.4403497788779, ""lambda_l1"": 0.990339913502, ""lambda_l2"": 1.5167814698069, ""learning_rate"": 0.032907451476, ""max_cat_to_onehot"": 89, ""min_data_in_leaf"": 2, ""min_data_per_group"": 10, ""n_estimators"": 665, ""num_leaves"": 12}",66abad1a,r16,0.5258037163393402,,0.642891714000001,0.1619892240000098,,,,0.9096585244710416,0.9034991160479002,0.949303425917813,0.5258037163393402,,,,,,,,,,,
lightgbm,rel-avito,user-visits,BINARY_CLASSIFICATION,0,30,roc_auc,cpu,False,"{""bagging_fraction"": 0.9893469303368, ""bagging_freq"": 1, ""cat_l2"": 0.1517170923124, ""cat_smooth"": 0.0019146599966, ""extra_trees"": true, ""feature_fraction"": 0.8076356640991, ""lambda_l1"": 0.2169752947, ""lambda_l2"": 0.6401022999299, ""learning_rate"": 0.0682833284969, ""max_cat_to_onehot"": 45, ""min_data_in_leaf"": 2, ""min_data_per_group"": 8, ""n_estimators"": 71, ""num_leaves"": 27}",e3bf995d,r17,0.5300011046480748,,0.1491592999999937,0.0322952349999923,,,,0.911050610192112,0.9034991160479002,0.949303425917813,0.5300011046480748,,,,,,,,,,,
lightgbm,rel-avito,user-visits,BINARY_CLASSIFICATION,0,30,roc_auc,cpu,False,"{""bagging_fraction"": 0.8662727305253, ""bagging_freq"": 1, ""cat_l2"": 0.0750558998512, ""cat_smooth"": 0.2749087238468, ""extra_trees"": true, ""feature_fraction"": 0.6722181067336, ""lambda_l1"": 0.6631118952798, ""lambda_l2"": 0.7669894419544, ""learning_rate"": 0.011346355764, ""max_cat_to_onehot"": 13, ""min_data_in_leaf"": 8, ""min_data_per_group"": 12, ""n_estimators"": 235, ""num_leaves"": 4}",d16f6217,r18,0.5229185825619408,,0.2491744999999952,0.0471129950000062,,,,0.909148792744056,0.9034991160479002,0.949303425917813,0.5229185825619408,,,,,,,,,,,
lightgbm,rel-avito,user-visits,BINARY_CLASSIFICATION,0,30,roc_auc,cpu,False,"{""bagging_fraction"": 0.7637171496671, ""bagging_freq"": 1, ""cat_l2"": 1.6733394870119, ""cat_smooth"": 25.4110617183616, ""extra_trees"": true, ""feature_fraction"": 0.7219475266652, ""lambda_l1"": 0.2633960444995, ""lambda_l2"": 1.1766753953959, ""learning_rate"": 0.0546075727721, ""max_cat_to_onehot"": 88, ""min_data_in_leaf"": 1, ""min_data_per_group"": 5, ""n_estimators"": 74, ""num_leaves"": 3}",3c940a82,r19,0.5216516063504911,,0.0952252160000028,0.0149344490000089,,,,0.908870574612846,0.9034991160479002,0.949303425917813,0.5216516063504911,,,,,,,,,,,
lightgbm,rel-avito,user-visits,BINARY_CLASSIFICATION,0,30,roc_auc,cpu,False,"{""bagging_fraction"": 0.9145568099117, ""bagging_freq"": 1, ""cat_l2"": 0.0688015432043, ""cat_smooth"": 0.4410365667971, ""extra_trees"": false, ""feature_fraction"": 0.4842104682476, ""lambda_l1"": 0.6789116421659, ""lambda_l2"": 0.2119046236149, ""learning_rate"": 0.007497093098, ""max_cat_to_onehot"": 78, ""min_data_in_leaf"": 57, ""min_data_per_group"": 21, ""n_estimators"": 353, ""num_leaves"": 17}",a3464b9d,r2,0.5296810106631464,,0.5585824740000049,0.1449495109999929,,,,0.9104771100385544,0.9034991160479002,0.949303425917813,0.5296810106631464,,,,,,,,,,,
lightgbm,rel-avito,user-visits,BINARY_CLASSIFICATION,0,30,roc_auc,cpu,False,"{""bagging_fraction"": 0.766732967316, ""bagging_freq"": 1, ""cat_l2"": 0.2949769749976, ""cat_smooth"": 76.211749790676, ""extra_trees"": false, ""feature_fraction"": 0.9380027758242, ""lambda_l1"": 0.0207489343658, ""lambda_l2"": 1.6621138056269, ""learning_rate"": 0.0087194268009, ""max_cat_to_onehot"": 51, ""min_data_in_leaf"": 2, ""min_data_per_group"": 20, ""n_estimators"": 428, ""num_leaves"": 19}",8d3659ac,r20,0.5326856062084284,,0.6697137410000096,0.1796411870000014,,,,0.9113232376922864,0.9034991160479002,0.949303425917813,0.5326856062084284,,,,,,,,,,,
lightgbm,rel-avito,user-visits,BINARY_CLASSIFICATION,0,30,roc_auc,cpu,False,"{""bagging_fraction"": 0.806683821355, ""bagging_freq"": 1, ""cat_l2"": 0.0082421437739, ""cat_smooth"": 0.0160008811562, ""extra_trees"": false, ""feature_fraction"": 0.5089787202952, ""lambda_l1"": 0.2184810145264, ""lambda_l2"": 0.9723705046664, ""learning_rate"": 0.0507096180332, ""max_cat_to_onehot"": 54, ""min_data_in_leaf"": 3, ""min_data_per_group"": 18, ""n_estimators"": 165, ""num_leaves"": 161}",a6d8d71e,r21,0.5286688589983348,,0.7173693410000084,0.1523856719999941,,,,0.9110357200430332,0.903332332632843,0.9492095762206876,0.5286688589983348,,,,,,,,,,,
lightgbm,rel-avito,user-visits,BINARY_CLASSIFICATION,0,30,roc_auc,cpu,False,"{""bagging_fraction"": 0.9821295835758, ""bagging_freq"": 1, ""cat_l2"": 0.1367124095637, ""cat_smooth"": 0.0031729973642, ""extra_trees"": true, ""feature_fraction"": 0.7074360779775, ""lambda_l1"": 0.4552232983118, ""lambda_l2"": 1.417125445225, ""learning_rate"": 0.0925784167972, ""max_cat_to_onehot"": 8, ""min_data_in_leaf"": 5, ""min_data_per_group"": 7, ""n_estimators"": 123, ""num_leaves"": 2}",38aedfa8,r22,0.5185190816852285,,0.120539131000001,0.0190855310000017,,,,0.9085634397815596,0.9034991160479002,0.949303425917813,0.5185190816852285,,,,,,,,,,,
lightgbm,rel-avito,user-visits,BINARY_CLASSIFICATION,0,30,roc_auc,cpu,False,"{""bagging_fraction"": 0.9295975761421, ""bagging_freq"": 1, ""cat_l2"": 0.1658867884192, ""cat_smooth"": 0.0012082259188, ""extra_trees"": false, ""feature_fraction"": 0.7482682823129, ""lambda_l1"": 0.8788818548033, ""lambda_l2"": 0.9963306369924, ""learning_rate"": 0.0662004421712, ""max_cat_to_onehot"": 15, ""min_data_in_leaf"": 1, ""min_data_per_group"": 44, ""n_estimators"": 510, ""num_leaves"": 23}",3e9b950f,r23,0.5310970237570036,,0.7469428679999908,0.190684736999998,,,,0.9110838968762324,0.9034324026818772,0.9492648218573106,0.5310970237570036,,,,,,,,,,,
lightgbm,rel-avito,user-visits,BINARY_CLASSIFICATION,0,30,roc_auc,cpu,False,"{""bagging_fraction"": 0.9245990859552, ""bagging_freq"": 1, ""cat_l2"": 1.592158021275, ""cat_smooth"": 44.4269586841343, ""extra_trees"": false, ""feature_fraction"": 0.872525293573, ""lambda_l1"": 0.492319014681, ""lambda_l2"": 1.6891157039359, ""learning_rate"": 0.0517998481756, ""max_cat_to_onehot"": 22, ""min_data_in_leaf"": 59, ""min_data_per_group"": 10, ""n_estimators"": 802, ""num_leaves"": 8}",0d0b00fe,r24,0.5314144122729871,,0.837770295999988,0.1979050329999978,,,,0.9108060177851204,0.9034991160479002,0.949303425917813,0.5314144122729871,,,,,,,,,,,
lightgbm,rel-avito,user-visits,BINARY_CLASSIFICATION,0,30,roc_auc,cpu,False,"{""bagging_fraction"": 0.9711159219238, ""bagging_freq"": 1, ""cat_l2"": 0.0287842816393, ""cat_smooth"": 2.2365712242177, ""extra_trees"": false, ""feature_fraction"": 0.7638852760411, ""lambda_l1"": 0.7155896013433, ""lambda_l2"": 0.3887650116637, ""learning_rate"": 0.0956151137114, ""max_cat_to_onehot"": 23, ""min_data_in_leaf"": 5, ""min_data_per_group"": 8, ""n_estimators"": 132, ""num_leaves"": 117}",311db951,r25,0.5305963078159033,,0.4564923110000052,0.0901284950000018,,,,0.9111610367574982,0.90303212248574,0.9490348708778203,0.5305963078159033,,,,,,,,,,,
lightgbm,rel-avito,user-visits,BINARY_CLASSIFICATION,0,30,roc_auc,cpu,False,"{""bagging_fraction"": 0.7751868160582, ""bagging_freq"": 1, ""cat_l2"": 0.7205179793324, ""cat_smooth"": 0.2412048314858, ""extra_trees"": false, ""feature_fraction"": 0.5086905770421, ""lambda_l1"": 0.7774298210926, ""lambda_l2"": 0.7417685131559, ""learning_rate"": 0.006296404929, ""max_cat_to_onehot"": 41, ""min_data_in_leaf"": 17, ""min_data_per_group"": 4, ""n_estimators"": 197, ""num_leaves"": 50}",e3b85f93,r26,0.5349442325004462,,0.5075418240000005,0.123001809999991,,,,0.9113859983095682,0.9034991160479002,0.949303425917813,0.5349442325004462,,,,,,,,,,,
lightgbm,rel-avito,user-visits,BINARY_CLASSIFICATION,0,30,roc_auc,cpu,False,"{""bagging_fraction"": 0.9032235488416, ""bagging_freq"": 1, ""cat_l2"": 0.0484438463597, ""cat_smooth"": 0.2752154717585, ""extra_trees"": false, ""feature_fraction"": 0.8731273073839, ""lambda_l1"": 0.2594966220889, ""lambda_l2"": 0.3941888549433, ""learning_rate"": 0.0236586574252, ""max_cat_to_onehot"": 8, ""min_data_in_leaf"": 3, ""min_data_per_group"": 69, ""n_estimators"": 438, ""num_leaves"": 9}",d90cbc4e,r27,0.5312521032787757,,0.4900283850000022,0.105424567,,,,0.9109538735277518,0.9034991160479002,0.949303425917813,0.5312521032787757,,,,,,,,,,,
lightgbm,rel-avito,user-visits,BINARY_CLASSIFICATION,0,30,roc_auc,cpu,False,"{""bagging_fraction"": 0.943127227378, ""bagging_freq"": 1, ""cat_l2"": 0.0089165711882, ""cat_smooth"": 0.196142976357, ""extra_trees"": false, ""feature_fraction"": 0.4341088458599, ""lambda_l1"": 0.3738757566188, ""lambda_l2"": 0.9197657819236, ""learning_rate"": 0.0125354274243, ""max_cat_to_onehot"": 23, ""min_data_in_leaf"": 1, ""min_data_per_group"": 16, ""n_estimators"": 165, ""num_leaves"": 65}",10f688c8,r28,0.5306824616878161,,0.3917901299999897,0.0927415470000028,,,,0.9103279299304644,0.9034991160479002,0.949303425917813,0.5306824616878161,,,,,,,,,,,
lightgbm,rel-avito,user-visits,BINARY_CLASSIFICATION,0,30,roc_auc,cpu,False,"{""bagging_fraction"": 0.8296444149774, ""bagging_freq"": 1, ""cat_l2"": 0.0231985345244, ""cat_smooth"": 0.419723324168, ""extra_trees"": true, ""feature_fraction"": 0.818198345035, ""lambda_l1"": 0.5876408752329, ""lambda_l2"": 0.0893201412781, ""learning_rate"": 0.0282078967013, ""max_cat_to_onehot"": 29, ""min_data_in_leaf"": 5, ""min_data_per_group"": 12, ""n_estimators"": 750, ""num_leaves"": 37}",fb774425,r29,0.5309892516568253,,1.0338726309999942,0.3013927650000028,,,,0.911023471753164,0.9034991160479002,0.949303425917813,0.5309892516568253,,,,,,,,,,,
lightgbm,rel-avito,user-visits,BINARY_CLASSIFICATION,0,30,roc_auc,cpu,False,"{""bagging_fraction"": 0.8808290128215, ""bagging_freq"": 1, ""cat_l2"": 1.0457234595842, ""cat_smooth"": 0.6921859910209, ""extra_trees"": true, ""feature_fraction"": 0.9220523550151, ""lambda_l1"": 0.7206605914604, ""lambda_l2"": 0.9472534786514, ""learning_rate"": 0.0132034424949, ""max_cat_to_onehot"": 25, ""min_data_in_leaf"": 15, ""min_data_per_group"": 7, ""n_estimators"": 335, ""num_leaves"": 35}",7ae6364f,r3,0.5292547525454315,,0.5159759299999962,0.1456822720000019,,,,0.9109579287971884,0.9034991160479002,0.949303425917813,0.5292547525454315,,,,,,,,,,,
lightgbm,rel-avito,user-visits,BINARY_CLASSIFICATION,0,30,roc_auc,cpu,False,"{""bagging_fraction"": 0.9256403562964, ""bagging_freq"": 1, ""cat_l2"": 0.173468569422, ""cat_smooth"": 0.1622096133057, ""extra_trees"": true, ""feature_fraction"": 0.8672172375647, ""lambda_l1"": 0.2728946202342, ""lambda_l2"": 1.5996117895528, ""learning_rate"": 0.0885567275464, ""max_cat_to_onehot"": 31, ""min_data_in_leaf"": 54, ""min_data_per_group"": 63, ""n_estimators"": 395, ""num_leaves"": 6}",a691dd6f,r30,0.529241971756997,,0.4382084799999859,0.1048742059999767,,,,0.9103756842841094,0.9034991160479002,0.949303425917813,0.529241971756997,,,,,,,,,,,
lightgbm,rel-avito,user-visits,BINARY_CLASSIFICATION,0,30,roc_auc,cpu,False,"{""bagging_fraction"": 0.8634649548991, ""bagging_freq"": 1, ""cat_l2"": 1.6087120636028, ""cat_smooth"": 42.4603130176821, ""extra_trees"": false, ""feature_fraction"": 0.6841648271642, ""lambda_l1"": 0.5820615900959, ""lambda_l2"": 0.3727460534192, ""learning_rate"": 0.0078289135266, ""max_cat_to_onehot"": 37, ""min_data_in_leaf"": 2, ""min_data_per_group"": 2, ""n_estimators"": 987, ""num_leaves"": 9}",1d48d1c9,r4,0.5312487405850638,,1.1335263069999968,0.2950909869999947,,,,0.9107052968719844,0.9034991160479002,0.949303425917813,0.5312487405850638,,,,,,,,,,,
lightgbm,rel-avito,user-visits,BINARY_CLASSIFICATION,0,30,roc_auc,cpu,False,"{""bagging_fraction"": 0.8270964398017, ""bagging_freq"": 1, ""cat_l2"": 0.0497402357678, ""cat_smooth"": 0.0022655846367, ""extra_trees"": true, ""feature_fraction"": 0.8805464511878, ""lambda_l1"": 0.5374194921261, ""lambda_l2"": 1.4738626624402, ""learning_rate"": 0.009732329389, ""max_cat_to_onehot"": 78, ""min_data_in_leaf"": 4, ""min_data_per_group"": 24, ""n_estimators"": 285, ""num_leaves"": 44}",4f68409e,r5,0.5255988600174799,,0.4338889170000044,0.1186623789999998,,,,0.90944048777617,0.9034991160479002,0.949303425917813,0.5255988600174799,,,,,,,,,,,
lightgbm,rel-avito,user-visits,BINARY_CLASSIFICATION,0,30,roc_auc,cpu,False,"{""bagging_fraction"": 0.7951605226208, ""bagging_freq"": 1, ""cat_l2"": 0.2087627025057, ""cat_smooth"": 0.0018992120999, ""extra_trees"": true, ""feature_fraction"": 0.5907899076364, ""lambda_l1"": 0.2654629519904, ""lambda_l2"": 0.6372060480074, ""learning_rate"": 0.0086558049456, ""max_cat_to_onehot"": 44, ""min_data_in_leaf"": 11, ""min_data_per_group"": 11, ""n_estimators"": 164, ""num_leaves"": 56}",3c57d7d3,r6,0.5261644880707834,,0.248391631000004,0.0597203870000129,,,,0.9092443643337234,0.9034991160479002,0.949303425917813,0.5261644880707834,,,,,,,,,,,
lightgbm,rel-avito,user-visits,BINARY_CLASSIFICATION,0,30,roc_auc,cpu,False,"{""bagging_fraction"": 0.9335036446078, ""bagging_freq"": 1, ""cat_l2"": 0.2830562687557, ""cat_smooth"": 0.1802171314263, ""extra_trees"": true, ""feature_fraction"": 0.6485577967088, ""lambda_l1"": 0.5232957286614, ""lambda_l2"": 1.3348540188894, ""learning_rate"": 0.0289761662926, ""max_cat_to_onehot"": 15, ""min_data_in_leaf"": 11, ""min_data_per_group"": 55, ""n_estimators"": 701, ""num_leaves"": 20}",134c98bb,r7,0.5294564631215614,,0.8595347709999999,0.2518425610000037,,,,0.9105878241847656,0.9034991160479002,0.949303425917813,0.5294564631215614,,,,,,,,,,,
lightgbm,rel-avito,user-visits,BINARY_CLASSIFICATION,0,30,roc_auc,cpu,False,"{""bagging_fraction"": 0.9848713160352, ""bagging_freq"": 1, ""cat_l2"": 1.6905546285477, ""cat_smooth"": 0.001258746648, ""extra_trees"": true, ""feature_fraction"": 0.4384884978093, ""lambda_l1"": 0.0940311167074, ""lambda_l2"": 0.2636825450225, ""learning_rate"": 0.0053104402291, ""max_cat_to_onehot"": 51, ""min_data_in_leaf"": 10, ""min_data_per_group"": 31, ""n_estimators"": 285, ""num_leaves"": 164}",42517afb,r8,0.520924045771532,,0.311070493999992,0.0729453760000069,,,,0.9083905174394736,0.9034991160479002,0.949303425917813,0.520924045771532,,,,,,,,,,,
lightgbm,rel-avito,user-visits,BINARY_CLASSIFICATION,0,30,roc_auc,cpu,False,"{""bagging_fraction"": 0.898758060085, ""bagging_freq"": 1, ""cat_l2"": 0.964011246959, ""cat_smooth"": 0.1616421454928, ""extra_trees"": false, ""feature_fraction"": 0.815483271622, ""lambda_l1"": 0.5759889009066, ""lambda_l2"": 1.4326827755167, ""learning_rate"": 0.0599026240177, ""max_cat_to_onehot"": 91, ""min_data_in_leaf"": 2, ""min_data_per_group"": 6, ""n_estimators"": 702, ""num_leaves"": 39}",b7f5d391,r9,0.5287324119952428,,1.3057522889999973,0.3803268110000033,,,,0.91059477344132,0.9028986957536944,0.948964743421168,0.5287324119952428,,,,,,,,,,,
lightgbm,rel-event,user-attendance,REGRESSION,0,30,mae,cpu,False,{},bf21a9e8,default,0.2613526356027976,0.266505879684673,0.4303031540000006,0.0116845600000061,0.120362,0.0113096039999902,,,,,,,,,,-0.2188765232660146,0.2613526356027976,0.5777083059403473,-0.1507628467692101,0.266505879684673,0.6891228408328811,
lightgbm,rel-event,user-attendance,REGRESSION,0,30,mae,cpu,False,"{""bagging_fraction"": 0.8646440511782, ""bagging_freq"": 1, ""cat_l2"": 0.2396763788772, ""cat_smooth"": 9.0912832806515, ""extra_trees"": true, ""feature_fraction"": 0.9742930953718, ""lambda_l1"": 0.5205254318032, ""lambda_l2"": 1.5172553870823, ""learning_rate"": 0.0095655183906, ""max_cat_to_onehot"": 21, ""min_data_in_leaf"": 1, ""min_data_per_group"": 38, ""n_estimators"": 885, ""num_leaves"": 13}",9ddece77,r1,0.2579472870551968,,0.5802614100000056,0.0388980529999969,,,,,,,,,,,,-0.2369408284645757,0.2579472870551968,0.5819735110943158,,,,
lightgbm,rel-event,user-attendance,REGRESSION,0,30,mae,cpu,False,"{""bagging_fraction"": 0.7040714906836, ""bagging_freq"": 1, ""cat_l2"": 0.1059359109832, ""cat_smooth"": 79.0557829290776, ""extra_trees"": true, ""feature_fraction"": 0.7399608725239, ""lambda_l1"": 0.9293032679565, ""lambda_l2"": 0.5788832452851, ""learning_rate"": 0.0050708289337, ""max_cat_to_onehot"": 15, ""min_data_in_leaf"": 53, ""min_data_per_group"": 48, ""n_estimators"": 398, ""num_leaves"": 14}",85d4ebc9,r10,0.2575242584543262,,0.2332802829999991,0.018351937999995,,,,,,,,,,,,-0.2420752907745442,0.2575242584543262,0.5831801276654828,,,,
lightgbm,rel-event,user-attendance,REGRESSION,0,30,mae,cpu,False,"{""bagging_fraction"": 0.8819179642384, ""bagging_freq"": 1, ""cat_l2"": 0.2028071332361, ""cat_smooth"": 0.9002514016925, ""extra_trees"": true, ""feature_fraction"": 0.9904253448185, ""lambda_l1"": 0.3523764300344, ""lambda_l2"": 1.0166800656129, ""learning_rate"": 0.0076046378471, ""max_cat_to_onehot"": 9, ""min_data_in_leaf"": 51, ""min_data_per_group"": 4, ""n_estimators"": 309, ""num_leaves"": 50}",eb5d77d2,r11,0.2564798588572168,,0.238192712,0.0189029179999948,,,,,,,,,,,,-0.2291322874517025,0.2564798588572168,0.5801336661519,,,,
lightgbm,rel-event,user-attendance,REGRESSION,0,30,mae,cpu,False,"{""bagging_fraction"": 0.7057579594928, ""bagging_freq"": 1, ""cat_l2"": 0.0652607238611, ""cat_smooth"": 0.7440913299852, ""extra_trees"": true, ""feature_fraction"": 0.5562045565524, ""lambda_l1"": 0.4693022490728, ""lambda_l2"": 0.3337783413457, ""learning_rate"": 0.005523232486, ""max_cat_to_onehot"": 20, ""min_data_in_leaf"": 22, ""min_data_per_group"": 3, ""n_estimators"": 298, ""num_leaves"": 194}",97b0d170,r12,0.2575604883298169,,0.2467187220000113,0.0177894199999997,,,,,,,,,,,,-0.2305867190261334,0.2575604883298169,0.5804768006017222,,,,
lightgbm,rel-event,user-attendance,REGRESSION,0,30,mae,cpu,False,"{""bagging_fraction"": 0.7904724450024, ""bagging_freq"": 1, ""cat_l2"": 0.0112585288934, ""cat_smooth"": 1.8450328342775, ""extra_trees"": false, ""feature_fraction"": 0.7222135128255, ""lambda_l1"": 0.8411560157726, ""lambda_l2"": 1.5581241341161, ""learning_rate"": 0.0949138303247, ""max_cat_to_onehot"": 8, ""min_data_in_leaf"": 4, ""min_data_per_group"": 12, ""n_estimators"": 523, ""num_leaves"": 6}",b0f88568,r13,0.2567255231806696,,0.3054618759999954,0.0162056229999905,,,,,,,,,,,,-0.2259139659057052,0.2567255231806696,0.5793736664107124,,,,
lightgbm,rel-event,user-attendance,REGRESSION,0,30,mae,cpu,False,"{""bagging_fraction"": 0.8980520612478, ""bagging_freq"": 1, ""cat_l2"": 0.0298619738506, ""cat_smooth"": 1.8218656600978, ""extra_trees"": false, ""feature_fraction"": 0.6687557031224, ""lambda_l1"": 0.9046572794351, ""lambda_l2"": 1.7298800978754, ""learning_rate"": 0.0152979229147, ""max_cat_to_onehot"": 14, ""min_data_in_leaf"": 7, ""min_data_per_group"": 61, ""n_estimators"": 223, ""num_leaves"": 45}",c9bdab03,r14,0.257492659473583,,0.3662519939999953,0.0197970030000078,,,,,,,,,,,,-0.1668877117354867,0.257492659473583,0.565253537185435,,,,
lightgbm,rel-event,user-attendance,REGRESSION,0,30,mae,cpu,False,"{""bagging_fraction"": 0.7870232821631, ""bagging_freq"": 1, ""cat_l2"": 0.1520732736224, ""cat_smooth"": 0.143579414226, ""extra_trees"": false, ""feature_fraction"": 0.4597414534665, ""lambda_l1"": 0.0376556278898, ""lambda_l2"": 0.8228523078385, ""learning_rate"": 0.0175995134195, ""max_cat_to_onehot"": 55, ""min_data_in_leaf"": 4, ""min_data_per_group"": 81, ""n_estimators"": 58, ""num_leaves"": 107}",5c4e94f9,r15,0.2595003166719267,,0.1509202409999943,0.0110427280000067,,,,,,,,,,,,-0.1847517651308101,0.2595003166719267,0.5695638771739031,,,,
lightgbm,rel-event,user-attendance,REGRESSION,0,30,mae,cpu,False,"{""bagging_fraction"": 0.9252532736885, ""bagging_freq"": 1, ""cat_l2"": 0.0185425303217, ""cat_smooth"": 0.0026697944708, ""extra_trees"": true, ""feature_fraction"": 0.4403497788779, ""lambda_l1"": 0.990339913502, ""lambda_l2"": 1.5167814698069, ""learning_rate"": 0.032907451476, ""max_cat_to_onehot"": 89, ""min_data_in_leaf"": 2, ""min_data_per_group"": 10, ""n_estimators"": 665, ""num_leaves"": 12}",66abad1a,r16,0.2561336473961015,,0.2986160250000012,0.0209860549999945,,,,,,,,,,,,-0.2192203006765496,0.2561336473961015,0.5777897699196427,,,,
lightgbm,rel-event,user-attendance,REGRESSION,0,30,mae,cpu,False,"{""bagging_fraction"": 0.9893469303368, ""bagging_freq"": 1, ""cat_l2"": 0.1517170923124, ""cat_smooth"": 0.0019146599966, ""extra_trees"": true, ""feature_fraction"": 0.8076356640991, ""lambda_l1"": 0.2169752947, ""lambda_l2"": 0.6401022999299, ""learning_rate"": 0.0682833284969, ""max_cat_to_onehot"": 45, ""min_data_in_leaf"": 2, ""min_data_per_group"": 8, ""n_estimators"": 71, ""num_leaves"": 27}",e3bf995d,r17,0.2571446118650521,,0.075295435000001,0.0103005200000012,,,,,,,,,,,,-0.2172387179441071,0.2571446118650521,0.5773200419212977,,,,
lightgbm,rel-event,user-attendance,REGRESSION,0,30,mae,cpu,False,"{""bagging_fraction"": 0.8662727305253, ""bagging_freq"": 1, ""cat_l2"": 0.0750558998512, ""cat_smooth"": 0.2749087238468, ""extra_trees"": true, ""feature_fraction"": 0.6722181067336, ""lambda_l1"": 0.6631118952798, ""lambda_l2"": 0.7669894419544, ""learning_rate"": 0.011346355764, ""max_cat_to_onehot"": 13, ""min_data_in_leaf"": 8, ""min_data_per_group"": 12, ""n_estimators"": 235, ""num_leaves"": 4}",d16f6217,r18,0.2569738224584855,,0.117018122999994,0.0104476150000039,,,,,,,,,,,,-0.2341407125242103,0.2569738224584855,0.5813144186954924,,,,
lightgbm,rel-event,user-attendance,REGRESSION,0,30,mae,cpu,False,"{""bagging_fraction"": 0.7637171496671, ""bagging_freq"": 1, ""cat_l2"": 1.6733394870119, ""cat_smooth"": 25.4110617183616, ""extra_trees"": true, ""feature_fraction"": 0.7219475266652, ""lambda_l1"": 0.2633960444995, ""lambda_l2"": 1.1766753953959, ""learning_rate"": 0.0546075727721, ""max_cat_to_onehot"": 88, ""min_data_in_leaf"": 1, ""min_data_per_group"": 5, ""n_estimators"": 74, ""num_leaves"": 3}",3c940a82,r19,0.2575216726160122,,0.0459016260000026,0.0084879460000024,,,,,,,,,,,,-0.2420054327246545,0.2575216726160122,0.5831637275327355,,,,
lightgbm,rel-event,user-attendance,REGRESSION,0,30,mae,cpu,False,"{""bagging_fraction"": 0.9145568099117, ""bagging_freq"": 1, ""cat_l2"": 0.0688015432043, ""cat_smooth"": 0.4410365667971, ""extra_trees"": false, ""feature_fraction"": 0.4842104682476, ""lambda_l1"": 0.6789116421659, ""lambda_l2"": 0.2119046236149, ""learning_rate"": 0.007497093098, ""max_cat_to_onehot"": 78, ""min_data_in_leaf"": 57, ""min_data_per_group"": 21, ""n_estimators"": 353, ""num_leaves"": 17}",a3464b9d,r2,0.2562938545370568,,0.2929364820000018,0.0204184930000081,,,,,,,,,,,,-0.224943076326703,0.2562938545370568,0.5791441970974244,,,,
lightgbm,rel-event,user-attendance,REGRESSION,0,30,mae,cpu,True,"{""bagging_fraction"": 0.766732967316, ""bagging_freq"": 1, ""cat_l2"": 0.2949769749976, ""cat_smooth"": 76.211749790676, ""extra_trees"": false, ""feature_fraction"": 0.9380027758242, ""lambda_l1"": 0.0207489343658, ""lambda_l2"": 1.6621138056269, ""learning_rate"": 0.0087194268009, ""max_cat_to_onehot"": 51, ""min_data_in_leaf"": 2, ""min_data_per_group"": 20, ""n_estimators"": 428, ""num_leaves"": 19}",8d3659ac,r20,0.2556475795354647,0.2627977644640655,0.3021420000000034,0.0147317119999996,0.3346406479999899,0.0129597690000053,,,,,,,,,,-0.1819128199913655,0.2556475795354647,0.5688810630749778,-0.1419620846605589,0.2627977644640655,0.6864826590148704,
lightgbm,rel-event,user-attendance,REGRESSION,0,30,mae,cpu,False,"{""bagging_fraction"": 0.806683821355, ""bagging_freq"": 1, ""cat_l2"": 0.0082421437739, ""cat_smooth"": 0.0160008811562, ""extra_trees"": false, ""feature_fraction"": 0.5089787202952, ""lambda_l1"": 0.2184810145264, ""lambda_l2"": 0.9723705046664, ""learning_rate"": 0.0507096180332, ""max_cat_to_onehot"": 54, ""min_data_in_leaf"": 3, ""min_data_per_group"": 18, ""n_estimators"": 165, ""num_leaves"": 161}",a6d8d71e,r21,0.2686085357396622,,0.5806766649999986,0.0211479230000009,,,,,,,,,,,,-0.038571821667684,0.2686085357396622,0.5332698412555134,,,,
lightgbm,rel-event,user-attendance,REGRESSION,0,30,mae,cpu,False,"{""bagging_fraction"": 0.9821295835758, ""bagging_freq"": 1, ""cat_l2"": 0.1367124095637, ""cat_smooth"": 0.0031729973642, ""extra_trees"": true, ""feature_fraction"": 0.7074360779775, ""lambda_l1"": 0.4552232983118, ""lambda_l2"": 1.417125445225, ""learning_rate"": 0.0925784167972, ""max_cat_to_onehot"": 8, ""min_data_in_leaf"": 5, ""min_data_per_group"": 7, ""n_estimators"": 123, ""num_leaves"": 2}",38aedfa8,r22,0.255741342529405,,0.0645608800000019,0.0102171190000035,,,,,,,,,,,,-0.2268904251226176,0.255741342529405,0.5796043604737058,,,,
lightgbm,rel-event,user-attendance,REGRESSION,0,30,mae,cpu,False,"{""bagging_fraction"": 0.9295975761421, ""bagging_freq"": 1, ""cat_l2"": 0.1658867884192, ""cat_smooth"": 0.0012082259188, ""extra_trees"": false, ""feature_fraction"": 0.7482682823129, ""lambda_l1"": 0.8788818548033, ""lambda_l2"": 0.9963306369924, ""learning_rate"": 0.0662004421712, ""max_cat_to_onehot"": 15, ""min_data_in_leaf"": 1, ""min_data_per_group"": 44, ""n_estimators"": 510, ""num_leaves"": 23}",3e9b950f,r23,0.2606302061415352,,0.6118486310000009,0.03227665,,,,,,,,,,,,-0.1510962533895523,0.2606302061415352,0.5614157286655475,,,,
lightgbm,rel-event,user-attendance,REGRESSION,0,30,mae,cpu,False,"{""bagging_fraction"": 0.9245990859552, ""bagging_freq"": 1, ""cat_l2"": 1.592158021275, ""cat_smooth"": 44.4269586841343, ""extra_trees"": false, ""feature_fraction"": 0.872525293573, ""lambda_l1"": 0.492319014681, ""lambda_l2"": 1.6891157039359, ""learning_rate"": 0.0517998481756, ""max_cat_to_onehot"": 22, ""min_data_in_leaf"": 59, ""min_data_per_group"": 10, ""n_estimators"": 802, ""num_leaves"": 8}",0d0b00fe,r24,0.2570215286017138,,0.4142541940000086,0.0226991849999933,,,,,,,,,,,,-0.2186188648158999,0.2570215286017138,0.5776472418000725,,,,
lightgbm,rel-event,user-attendance,REGRESSION,0,30,mae,cpu,False,"{""bagging_fraction"": 0.9711159219238, ""bagging_freq"": 1, ""cat_l2"": 0.0287842816393, ""cat_smooth"": 2.2365712242177, ""extra_trees"": false, ""feature_fraction"": 0.7638852760411, ""lambda_l1"": 0.7155896013433, ""lambda_l2"": 0.3887650116637, ""learning_rate"": 0.0956151137114, ""max_cat_to_onehot"": 23, ""min_data_in_leaf"": 5, ""min_data_per_group"": 8, ""n_estimators"": 132, ""num_leaves"": 117}",311db951,r25,0.2651144410848328,,0.3909459519999956,0.0180019330000078,,,,,,,,,,,,-0.0561164822203139,0.2651144410848328,0.5377552583348219,,,,
lightgbm,rel-event,user-attendance,REGRESSION,0,30,mae,cpu,False,"{""bagging_fraction"": 0.7751868160582, ""bagging_freq"": 1, ""cat_l2"": 0.7205179793324, ""cat_smooth"": 0.2412048314858, ""extra_trees"": false, ""feature_fraction"": 0.5086905770421, ""lambda_l1"": 0.7774298210926, ""lambda_l2"": 0.7417685131559, ""learning_rate"": 0.006296404929, ""max_cat_to_onehot"": 41, ""min_data_in_leaf"": 17, ""min_data_per_group"": 4, ""n_estimators"": 197, ""num_leaves"": 50}",e3b85f93,r26,0.2582270686461302,,0.3350490300000075,0.0190386109999991,,,,,,,,,,,,-0.2119358464319913,0.2582270686461302,0.5760611288054529,,,,
lightgbm,rel-event,user-attendance,REGRESSION,0,30,mae,cpu,False,"{""bagging_fraction"": 0.9032235488416, ""bagging_freq"": 1, ""cat_l2"": 0.0484438463597, ""cat_smooth"": 0.2752154717585, ""extra_trees"": false, ""feature_fraction"": 0.8731273073839, ""lambda_l1"": 0.2594966220889, ""lambda_l2"": 0.3941888549433, ""learning_rate"": 0.0236586574252, ""max_cat_to_onehot"": 8, ""min_data_in_leaf"": 3, ""min_data_per_group"": 69, ""n_estimators"": 438, ""num_leaves"": 9}",d90cbc4e,r27,0.2557065260254122,,0.3384620799999993,0.0179495510000009,,,,,,,,,,,,-0.221519563260391,0.2557065260254122,0.5783343247700434,,,,
lightgbm,rel-event,user-attendance,REGRESSION,0,30,mae,cpu,False,"{""bagging_fraction"": 0.943127227378, ""bagging_freq"": 1, ""cat_l2"": 0.0089165711882, ""cat_smooth"": 0.196142976357, ""extra_trees"": false, ""feature_fraction"": 0.4341088458599, ""lambda_l1"": 0.3738757566188, ""lambda_l2"": 0.9197657819236, ""learning_rate"": 0.0125354274243, ""max_cat_to_onehot"": 23, ""min_data_in_leaf"": 1, ""min_data_per_group"": 16, ""n_estimators"": 165, ""num_leaves"": 65}",10f688c8,r28,0.2576460698533329,,0.3033718039999939,0.017170507000003,,,,,,,,,,,,-0.1771836583196888,0.2576460698533329,0.5677417966835339,,,,
lightgbm,rel-event,user-attendance,REGRESSION,0,30,mae,cpu,False,"{""bagging_fraction"": 0.8296444149774, ""bagging_freq"": 1, ""cat_l2"": 0.0231985345244, ""cat_smooth"": 0.419723324168, ""extra_trees"": true, ""feature_fraction"": 0.818198345035, ""lambda_l1"": 0.5876408752329, ""lambda_l2"": 0.0893201412781, ""learning_rate"": 0.0282078967013, ""max_cat_to_onehot"": 29, ""min_data_in_leaf"": 5, ""min_data_per_group"": 12, ""n_estimators"": 750, ""num_leaves"": 37}",fb774425,r29,0.2586067670975411,,0.6829536009999941,0.0424966360000098,,,,,,,,,,,,-0.2017786956984177,0.2586067670975411,0.5736420853892603,,,,
lightgbm,rel-event,user-attendance,REGRESSION,0,30,mae,cpu,False,"{""bagging_fraction"": 0.8808290128215, ""bagging_freq"": 1, ""cat_l2"": 1.0457234595842, ""cat_smooth"": 0.6921859910209, ""extra_trees"": true, ""feature_fraction"": 0.9220523550151, ""lambda_l1"": 0.7206605914604, ""lambda_l2"": 0.9472534786514, ""learning_rate"": 0.0132034424949, ""max_cat_to_onehot"": 25, ""min_data_in_leaf"": 15, ""min_data_per_group"": 7, ""n_estimators"": 335, ""num_leaves"": 35}",7ae6364f,r3,0.2565387313757132,,0.2788254789999911,0.0205721979999964,,,,,,,,,,,,-0.2220256332984838,0.2565387313757132,0.5784541130137553,,,,
lightgbm,rel-event,user-attendance,REGRESSION,0,30,mae,cpu,False,"{""bagging_fraction"": 0.9256403562964, ""bagging_freq"": 1, ""cat_l2"": 0.173468569422, ""cat_smooth"": 0.1622096133057, ""extra_trees"": true, ""feature_fraction"": 0.8672172375647, ""lambda_l1"": 0.2728946202342, ""lambda_l2"": 1.5996117895528, ""learning_rate"": 0.0885567275464, ""max_cat_to_onehot"": 31, ""min_data_in_leaf"": 54, ""min_data_per_group"": 63, ""n_estimators"": 395, ""num_leaves"": 6}",a691dd6f,r30,0.2560792481377807,,0.1867851029999911,0.0153966140000108,,,,,,,,,,,,-0.2245052966259881,0.2560792481377807,0.5790406983165286,,,,
lightgbm,rel-event,user-attendance,REGRESSION,0,30,mae,cpu,False,"{""bagging_fraction"": 0.8634649548991, ""bagging_freq"": 1, ""cat_l2"": 1.6087120636028, ""cat_smooth"": 42.4603130176821, ""extra_trees"": false, ""feature_fraction"": 0.6841648271642, ""lambda_l1"": 0.5820615900959, ""lambda_l2"": 0.3727460534192, ""learning_rate"": 0.0078289135266, ""max_cat_to_onehot"": 37, ""min_data_in_leaf"": 2, ""min_data_per_group"": 2, ""n_estimators"": 987, ""num_leaves"": 9}",1d48d1c9,r4,0.257351823572445,,0.5136234459999969,0.0310204219999974,,,,,,,,,,,,-0.2302525324038977,0.257351823572445,0.5803979761067801,,,,
lightgbm,rel-event,user-attendance,REGRESSION,0,30,mae,cpu,False,"{""bagging_fraction"": 0.8270964398017, ""bagging_freq"": 1, ""cat_l2"": 0.0497402357678, ""cat_smooth"": 0.0022655846367, ""extra_trees"": true, ""feature_fraction"": 0.8805464511878, ""lambda_l1"": 0.5374194921261, ""lambda_l2"": 1.4738626624402, ""learning_rate"": 0.009732329389, ""max_cat_to_onehot"": 78, ""min_data_in_leaf"": 4, ""min_data_per_group"": 24, ""n_estimators"": 285, ""num_leaves"": 44}",4f68409e,r5,0.2571516144112827,,0.1616536850000045,0.0137855360000003,,,,,,,,,,,,-0.2359840100691719,0.2571516144112827,0.5817483787862703,,,,
lightgbm,rel-event,user-attendance,REGRESSION,0,30,mae,cpu,False,"{""bagging_fraction"": 0.7951605226208, ""bagging_freq"": 1, ""cat_l2"": 0.2087627025057, ""cat_smooth"": 0.0018992120999, ""extra_trees"": true, ""feature_fraction"": 0.5907899076364, ""lambda_l1"": 0.2654629519904, ""lambda_l2"": 0.6372060480074, ""learning_rate"": 0.0086558049456, ""max_cat_to_onehot"": 44, ""min_data_in_leaf"": 11, ""min_data_per_group"": 11, ""n_estimators"": 164, ""num_leaves"": 56}",3c57d7d3,r6,0.257394077952907,,0.106104724000005,0.0115693199999924,,,,,,,,,,,,-0.2361753453846724,0.257394077952907,0.5817934055427867,,,,
lightgbm,rel-event,user-attendance,REGRESSION,0,30,mae,cpu,False,"{""bagging_fraction"": 0.9335036446078, ""bagging_freq"": 1, ""cat_l2"": 0.2830562687557, ""cat_smooth"": 0.1802171314263, ""extra_trees"": true, ""feature_fraction"": 0.6485577967088, ""lambda_l1"": 0.5232957286614, ""lambda_l2"": 1.3348540188894, ""learning_rate"": 0.0289761662926, ""max_cat_to_onehot"": 15, ""min_data_in_leaf"": 11, ""min_data_per_group"": 55, ""n_estimators"": 701, ""num_leaves"": 20}",134c98bb,r7,0.2566117387141194,,0.381650680000007,0.0251382019999937,,,,,,,,,,,,-0.2248431729168032,0.2566117387141194,0.5791205798122706,,,,
lightgbm,rel-event,user-attendance,REGRESSION,0,30,mae,cpu,False,"{""bagging_fraction"": 0.9848713160352, ""bagging_freq"": 1, ""cat_l2"": 1.6905546285477, ""cat_smooth"": 0.001258746648, ""extra_trees"": true, ""feature_fraction"": 0.4384884978093, ""lambda_l1"": 0.0940311167074, ""lambda_l2"": 0.2636825450225, ""learning_rate"": 0.0053104402291, ""max_cat_to_onehot"": 51, ""min_data_in_leaf"": 10, ""min_data_per_group"": 31, ""n_estimators"": 285, ""num_leaves"": 164}",42517afb,r8,0.2574144434644895,,0.1430386709999993,0.0135607039999996,,,,,,,,,,,,-0.2403675234094353,0.2574144434644895,0.5827790736518178,,,,
lightgbm,rel-event,user-attendance,REGRESSION,0,30,mae,cpu,False,"{""bagging_fraction"": 0.898758060085, ""bagging_freq"": 1, ""cat_l2"": 0.964011246959, ""cat_smooth"": 0.1616421454928, ""extra_trees"": false, ""feature_fraction"": 0.815483271622, ""lambda_l1"": 0.5759889009066, ""lambda_l2"": 1.4326827755167, ""learning_rate"": 0.0599026240177, ""max_cat_to_onehot"": 91, ""min_data_in_leaf"": 2, ""min_data_per_group"": 6, ""n_estimators"": 702, ""num_leaves"": 39}",b7f5d391,r9,0.2623393773933785,,1.0492325720000082,0.056871412999996,,,,,,,,,,,,-0.0999818735877935,0.2623393773933785,0.548809372748696,,,,
lightgbm,rel-event,user-ignore,BINARY_CLASSIFICATION,0,30,roc_auc,cpu,False,{},bf21a9e8,default,0.8211994928555761,0.7360828065812349,0.5409422849999999,0.0111288789999974,0.106429472000002,0.0101280060000021,,0.4878200059973165,0.907700152983172,0.4253968253968254,0.8211994928555761,0.4138130021787617,0.8835546475995915,0.3132530120481928,0.7360828065812349,,,,,,,
lightgbm,rel-event,user-ignore,BINARY_CLASSIFICATION,0,30,roc_auc,cpu,False,"{""bagging_fraction"": 0.8646440511782, ""bagging_freq"": 1, ""cat_l2"": 0.2396763788772, ""cat_smooth"": 9.0912832806515, ""extra_trees"": true, ""feature_fraction"": 0.9742930953718, ""lambda_l1"": 0.5205254318032, ""lambda_l2"": 1.5172553870823, ""learning_rate"": 0.0095655183906, ""max_cat_to_onehot"": 21, ""min_data_in_leaf"": 1, ""min_data_per_group"": 38, ""n_estimators"": 885, ""num_leaves"": 13}",9ddece77,r1,0.7993970972936248,,0.5479029359999998,0.0373831770000094,,,,0.3653672587488313,0.8918918918918919,0.1587301587301587,0.7993970972936248,,,,,,,,,,,
lightgbm,rel-event,user-ignore,BINARY_CLASSIFICATION,0,30,roc_auc,cpu,False,"{""bagging_fraction"": 0.7040714906836, ""bagging_freq"": 1, ""cat_l2"": 0.1059359109832, ""cat_smooth"": 79.0557829290776, ""extra_trees"": true, ""feature_fraction"": 0.7399608725239, ""lambda_l1"": 0.9293032679565, ""lambda_l2"": 0.5788832452851, ""learning_rate"": 0.0050708289337, ""max_cat_to_onehot"": 15, ""min_data_in_leaf"": 53, ""min_data_per_group"": 48, ""n_estimators"": 398, ""num_leaves"": 14}",85d4ebc9,r10,0.7683986968314174,,0.2701425000000057,0.0212153980000096,,,,0.2656065635212168,0.8898521162672106,0.0091743119266055,0.7683986968314174,,,,,,,,,,,
lightgbm,rel-event,user-ignore,BINARY_CLASSIFICATION,0,30,roc_auc,cpu,False,"{""bagging_fraction"": 0.8819179642384, ""bagging_freq"": 1, ""cat_l2"": 0.2028071332361, ""cat_smooth"": 0.9002514016925, ""extra_trees"": true, ""feature_fraction"": 0.9904253448185, ""lambda_l1"": 0.3523764300344, ""lambda_l2"": 1.0166800656129, ""learning_rate"": 0.0076046378471, ""max_cat_to_onehot"": 9, ""min_data_in_leaf"": 51, ""min_data_per_group"": 4, ""n_estimators"": 309, ""num_leaves"": 50}",eb5d77d2,r11,0.8016252159910983,,0.4012005980000026,0.0207092119999998,,,,0.3566765231469367,0.8924018357980622,0.1526104417670682,0.8016252159910983,,,,,,,,,,,
lightgbm,rel-event,user-ignore,BINARY_CLASSIFICATION,0,30,roc_auc,cpu,False,"{""bagging_fraction"": 0.7057579594928, ""bagging_freq"": 1, ""cat_l2"": 0.0652607238611, ""cat_smooth"": 0.7440913299852, ""extra_trees"": true, ""feature_fraction"": 0.5562045565524, ""lambda_l1"": 0.4693022490728, ""lambda_l2"": 0.3337783413457, ""learning_rate"": 0.005523232486, ""max_cat_to_onehot"": 20, ""min_data_in_leaf"": 22, ""min_data_per_group"": 3, ""n_estimators"": 298, ""num_leaves"": 194}",97b0d170,r12,0.7901997549871878,,0.3205894679999943,0.0187289029999959,,,,0.3344206204211688,0.8939316675165732,0.063063063063063,0.7901997549871878,,,,,,,,,,,
lightgbm,rel-event,user-ignore,BINARY_CLASSIFICATION,0,30,roc_auc,cpu,False,"{""bagging_fraction"": 0.7904724450024, ""bagging_freq"": 1, ""cat_l2"": 0.0112585288934, ""cat_smooth"": 1.8450328342775, ""extra_trees"": false, ""feature_fraction"": 0.7222135128255, ""lambda_l1"": 0.8411560157726, ""lambda_l2"": 1.5581241341161, ""learning_rate"": 0.0949138303247, ""max_cat_to_onehot"": 8, ""min_data_in_leaf"": 4, ""min_data_per_group"": 12, ""n_estimators"": 523, ""num_leaves"": 6}",b0f88568,r13,0.8218320859791686,,0.2398054490000021,0.0165678449999973,,,,0.4198097412164561,0.8980112187659357,0.3103448275862069,0.8218320859791686,,,,,,,,,,,
lightgbm,rel-event,user-ignore,BINARY_CLASSIFICATION,0,30,roc_auc,cpu,False,"{""bagging_fraction"": 0.8980520612478, ""bagging_freq"": 1, ""cat_l2"": 0.0298619738506, ""cat_smooth"": 1.8218656600978, ""extra_trees"": false, ""feature_fraction"": 0.6687557031224, ""lambda_l1"": 0.9046572794351, ""lambda_l2"": 1.7298800978754, ""learning_rate"": 0.0152979229147, ""max_cat_to_onehot"": 14, ""min_data_in_leaf"": 7, ""min_data_per_group"": 61, ""n_estimators"": 223, ""num_leaves"": 45}",c9bdab03,r14,0.8239425129327177,,0.3323228769999957,0.0164790240000058,,,,0.469244954262715,0.90464048954615,0.3529411764705882,0.8239425129327177,,,,,,,,,,,
lightgbm,rel-event,user-ignore,BINARY_CLASSIFICATION,0,30,roc_auc,cpu,False,"{""bagging_fraction"": 0.7870232821631, ""bagging_freq"": 1, ""cat_l2"": 0.1520732736224, ""cat_smooth"": 0.143579414226, ""extra_trees"": false, ""feature_fraction"": 0.4597414534665, ""lambda_l1"": 0.0376556278898, ""lambda_l2"": 0.8228523078385, ""learning_rate"": 0.0175995134195, ""max_cat_to_onehot"": 55, ""min_data_in_leaf"": 4, ""min_data_per_group"": 81, ""n_estimators"": 58, ""num_leaves"": 107}",5c4e94f9,r15,0.8179803561780142,,0.1458346069999976,0.010232313000003,,,,0.4712492515596473,0.8924018357980622,0.0276497695852534,0.8179803561780142,,,,,,,,,,,
lightgbm,rel-event,user-ignore,BINARY_CLASSIFICATION,0,30,roc_auc,cpu,False,"{""bagging_fraction"": 0.9252532736885, ""bagging_freq"": 1, ""cat_l2"": 0.0185425303217, ""cat_smooth"": 0.0026697944708, ""extra_trees"": true, ""feature_fraction"": 0.4403497788779, ""lambda_l1"": 0.990339913502, ""lambda_l2"": 1.5167814698069, ""learning_rate"": 0.032907451476, ""max_cat_to_onehot"": 89, ""min_data_in_leaf"": 2, ""min_data_per_group"": 10, ""n_estimators"": 665, ""num_leaves"": 12}",66abad1a,r16,0.7994358820728725,,0.3208258529999881,0.0238365449999946,,,,0.3499370845881249,0.8929117797042325,0.1732283464566929,0.7994358820728725,,,,,,,,,,,
lightgbm,rel-event,user-ignore,BINARY_CLASSIFICATION,0,30,roc_auc,cpu,False,"{""bagging_fraction"": 0.9893469303368, ""bagging_freq"": 1, ""cat_l2"": 0.1517170923124, ""cat_smooth"": 0.0019146599966, ""extra_trees"": true, ""feature_fraction"": 0.8076356640991, ""lambda_l1"": 0.2169752947, ""lambda_l2"": 0.6401022999299, ""learning_rate"": 0.0682833284969, ""max_cat_to_onehot"": 45, ""min_data_in_leaf"": 2, ""min_data_per_group"": 8, ""n_estimators"": 71, ""num_leaves"": 27}",e3bf995d,r17,0.802890402238283,,0.0895965179999933,0.0096568700000005,,,,0.3703836906014855,0.8934217236104028,0.1803921568627451,0.802890402238283,,,,,,,,,,,
lightgbm,rel-event,user-ignore,BINARY_CLASSIFICATION,0,30,roc_auc,cpu,False,"{""bagging_fraction"": 0.8662727305253, ""bagging_freq"": 1, ""cat_l2"": 0.0750558998512, ""cat_smooth"": 0.2749087238468, ""extra_trees"": true, ""feature_fraction"": 0.6722181067336, ""lambda_l1"": 0.6631118952798, ""lambda_l2"": 0.7669894419544, ""learning_rate"": 0.011346355764, ""max_cat_to_onehot"": 13, ""min_data_in_leaf"": 8, ""min_data_per_group"": 12, ""n_estimators"": 235, ""num_leaves"": 4}",d16f6217,r18,0.7788665750097632,,0.1121347349999979,0.0111386820000092,,,,0.3154219856982904,0.8934217236104028,0.0627802690582959,0.7788665750097632,,,,,,,,,,,
lightgbm,rel-event,user-ignore,BINARY_CLASSIFICATION,0,30,roc_auc,cpu,False,"{""bagging_fraction"": 0.7637171496671, ""bagging_freq"": 1, ""cat_l2"": 1.6733394870119, ""cat_smooth"": 25.4110617183616, ""extra_trees"": true, ""feature_fraction"": 0.7219475266652, ""lambda_l1"": 0.2633960444995, ""lambda_l2"": 1.1766753953959, ""learning_rate"": 0.0546075727721, ""max_cat_to_onehot"": 88, ""min_data_in_leaf"": 1, ""min_data_per_group"": 5, ""n_estimators"": 74, ""num_leaves"": 3}",3c940a82,r19,0.7575443082667751,,0.0436725140000078,0.0082785400000062,,,,0.2551898845601182,0.8908720040795512,0.036036036036036,0.7575443082667751,,,,,,,,,,,
lightgbm,rel-event,user-ignore,BINARY_CLASSIFICATION,0,30,roc_auc,cpu,False,"{""bagging_fraction"": 0.9145568099117, ""bagging_freq"": 1, ""cat_l2"": 0.0688015432043, ""cat_smooth"": 0.4410365667971, ""extra_trees"": false, ""feature_fraction"": 0.4842104682476, ""lambda_l1"": 0.6789116421659, ""lambda_l2"": 0.2119046236149, ""learning_rate"": 0.007497093098, ""max_cat_to_onehot"": 78, ""min_data_in_leaf"": 57, ""min_data_per_group"": 21, ""n_estimators"": 353, ""num_leaves"": 17}",a3464b9d,r2,0.8041275029556677,,0.2790806290000063,0.017432570000011,,,,0.3751182537892529,0.8949515553289138,0.1196581196581196,0.8041275029556677,,,,,,,,,,,
lightgbm,rel-event,user-ignore,BINARY_CLASSIFICATION,0,30,roc_auc,cpu,False,"{""bagging_fraction"": 0.766732967316, ""bagging_freq"": 1, ""cat_l2"": 0.2949769749976, ""cat_smooth"": 76.211749790676, ""extra_trees"": false, ""feature_fraction"": 0.9380027758242, ""lambda_l1"": 0.0207489343658, ""lambda_l2"": 1.6621138056269, ""learning_rate"": 0.0087194268009, ""max_cat_to_onehot"": 51, ""min_data_in_leaf"": 2, ""min_data_per_group"": 20, ""n_estimators"": 428, ""num_leaves"": 19}",8d3659ac,r20,0.7935860674373694,,0.343106216999999,0.0189161520000027,,,,0.376734075766527,0.8975012748597654,0.2055335968379446,0.7935860674373694,,,,,,,,,,,
lightgbm,rel-event,user-ignore,BINARY_CLASSIFICATION,0,30,roc_auc,cpu,True,"{""bagging_fraction"": 0.806683821355, ""bagging_freq"": 1, ""cat_l2"": 0.0082421437739, ""cat_smooth"": 0.0160008811562, ""extra_trees"": false, ""feature_fraction"": 0.5089787202952, ""lambda_l1"": 0.2184810145264, ""lambda_l2"": 0.9723705046664, ""learning_rate"": 0.0507096180332, ""max_cat_to_onehot"": 54, ""min_data_in_leaf"": 3, ""min_data_per_group"": 18, ""n_estimators"": 165, ""num_leaves"": 161}",a6d8d71e,r21,0.8433094918391475,0.7771809839614061,0.5571544689999968,0.0187340390000088,0.5797140579999933,0.0186752169999948,,0.538980881677145,0.9133095359510454,0.5277777777777778,0.8433094918391475,0.4556171067891522,0.8932584269662921,0.4485488126649076,0.7771809839614061,,,,,,,
lightgbm,rel-event,user-ignore,BINARY_CLASSIFICATION,0,30,roc_auc,cpu,False,"{""bagging_fraction"": 0.9821295835758, ""bagging_freq"": 1, ""cat_l2"": 0.1367124095637, ""cat_smooth"": 0.0031729973642, ""extra_trees"": true, ""feature_fraction"": 0.7074360779775, ""lambda_l1"": 0.4552232983118, ""lambda_l2"": 1.417125445225, ""learning_rate"": 0.0925784167972, ""max_cat_to_onehot"": 8, ""min_data_in_leaf"": 5, ""min_data_per_group"": 7, ""n_estimators"": 123, ""num_leaves"": 2}",38aedfa8,r22,0.7634021473393642,,0.0554065249999951,0.0086984210000053,,,,0.2937701964820899,0.8918918918918919,0.0619469026548672,0.7634021473393642,,,,,,,,,,,
lightgbm,rel-event,user-ignore,BINARY_CLASSIFICATION,0,30,roc_auc,cpu,False,"{""bagging_fraction"": 0.9295975761421, ""bagging_freq"": 1, ""cat_l2"": 0.1658867884192, ""cat_smooth"": 0.0012082259188, ""extra_trees"": false, ""feature_fraction"": 0.7482682823129, ""lambda_l1"": 0.8788818548033, ""lambda_l2"": 0.9963306369924, ""learning_rate"": 0.0662004421712, ""max_cat_to_onehot"": 15, ""min_data_in_leaf"": 1, ""min_data_per_group"": 44, ""n_estimators"": 510, ""num_leaves"": 23}",3e9b950f,r23,0.8360233029652969,,0.4514924070000035,0.024459071999999,,,,0.4965711416025158,0.9087200407955124,0.478134110787172,0.8360233029652969,,,,,,,,,,,
lightgbm,rel-event,user-ignore,BINARY_CLASSIFICATION,0,30,roc_auc,cpu,False,"{""bagging_fraction"": 0.9245990859552, ""bagging_freq"": 1, ""cat_l2"": 1.592158021275, ""cat_smooth"": 44.4269586841343, ""extra_trees"": false, ""feature_fraction"": 0.872525293573, ""lambda_l1"": 0.492319014681, ""lambda_l2"": 1.6891157039359, ""learning_rate"": 0.0517998481756, ""max_cat_to_onehot"": 22, ""min_data_in_leaf"": 59, ""min_data_per_group"": 10, ""n_estimators"": 802, ""num_leaves"": 8}",0d0b00fe,r24,0.8062660154390169,,0.341965493999993,0.0219321999999948,,,,0.4575709897054599,0.903110657827639,0.3581081081081081,0.8062660154390169,,,,,,,,,,,
lightgbm,rel-event,user-ignore,BINARY_CLASSIFICATION,0,30,roc_auc,cpu,False,"{""bagging_fraction"": 0.9711159219238, ""bagging_freq"": 1, ""cat_l2"": 0.0287842816393, ""cat_smooth"": 2.2365712242177, ""extra_trees"": false, ""feature_fraction"": 0.7638852760411, ""lambda_l1"": 0.7155896013433, ""lambda_l2"": 0.3887650116637, ""learning_rate"": 0.0956151137114, ""max_cat_to_onehot"": 23, ""min_data_in_leaf"": 5, ""min_data_per_group"": 8, ""n_estimators"": 132, ""num_leaves"": 117}",311db951,r25,0.8374877627334442,,0.3463817330000012,0.0146448099999929,,,,0.5177269394168216,0.9107598164201938,0.5179063360881543,0.8374877627334442,,,,,,,,,,,
lightgbm,rel-event,user-ignore,BINARY_CLASSIFICATION,0,30,roc_auc,cpu,False,"{""bagging_fraction"": 0.7751868160582, ""bagging_freq"": 1, ""cat_l2"": 0.7205179793324, ""cat_smooth"": 0.2412048314858, ""extra_trees"": false, ""feature_fraction"": 0.5086905770421, ""lambda_l1"": 0.7774298210926, ""lambda_l2"": 0.7417685131559, ""learning_rate"": 0.006296404929, ""max_cat_to_onehot"": 41, ""min_data_in_leaf"": 17, ""min_data_per_group"": 4, ""n_estimators"": 197, ""num_leaves"": 50}",e3b85f93,r26,0.8133181582312001,,0.3094645190000022,0.0144651069999923,,,,0.4429268486684101,0.8939316675165732,0.0545454545454545,0.8133181582312001,,,,,,,,,,,
lightgbm,rel-event,user-ignore,BINARY_CLASSIFICATION,0,30,roc_auc,cpu,False,"{""bagging_fraction"": 0.9032235488416, ""bagging_freq"": 1, ""cat_l2"": 0.0484438463597, ""cat_smooth"": 0.2752154717585, ""extra_trees"": false, ""feature_fraction"": 0.8731273073839, ""lambda_l1"": 0.2594966220889, ""lambda_l2"": 0.3941888549433, ""learning_rate"": 0.0236586574252, ""max_cat_to_onehot"": 8, ""min_data_in_leaf"": 3, ""min_data_per_group"": 69, ""n_estimators"": 438, ""num_leaves"": 9}",d90cbc4e,r27,0.8145365352620513,,0.2891538090000125,0.0175530110000039,,,,0.3906724986437934,0.8949515553289138,0.2896551724137931,0.8145365352620513,,,,,,,,,,,
lightgbm,rel-event,user-ignore,BINARY_CLASSIFICATION,0,30,roc_auc,cpu,False,"{""bagging_fraction"": 0.943127227378, ""bagging_freq"": 1, ""cat_l2"": 0.0089165711882, ""cat_smooth"": 0.196142976357, ""extra_trees"": false, ""feature_fraction"": 0.4341088458599, ""lambda_l1"": 0.3738757566188, ""lambda_l2"": 0.9197657819236, ""learning_rate"": 0.0125354274243, ""max_cat_to_onehot"": 23, ""min_data_in_leaf"": 1, ""min_data_per_group"": 16, ""n_estimators"": 165, ""num_leaves"": 65}",10f688c8,r28,0.8182384755709387,,0.2887074669999947,0.0140716619999921,,,,0.4750648132630959,0.9005609382967874,0.1841004184100418,0.8182384755709387,,,,,,,,,,,
lightgbm,rel-event,user-ignore,BINARY_CLASSIFICATION,0,30,roc_auc,cpu,False,"{""bagging_fraction"": 0.8296444149774, ""bagging_freq"": 1, ""cat_l2"": 0.0231985345244, ""cat_smooth"": 0.419723324168, ""extra_trees"": true, ""feature_fraction"": 0.818198345035, ""lambda_l1"": 0.5876408752329, ""lambda_l2"": 0.0893201412781, ""learning_rate"": 0.0282078967013, ""max_cat_to_onehot"": 29, ""min_data_in_leaf"": 5, ""min_data_per_group"": 12, ""n_estimators"": 750, ""num_leaves"": 37}",fb774425,r29,0.8181435197320909,,0.6395220980000005,0.039650813999998,,,,0.3902810594966008,0.8944416114227435,0.2736842105263158,0.8181435197320909,,,,,,,,,,,
lightgbm,rel-event,user-ignore,BINARY_CLASSIFICATION,0,30,roc_auc,cpu,False,"{""bagging_fraction"": 0.8808290128215, ""bagging_freq"": 1, ""cat_l2"": 1.0457234595842, ""cat_smooth"": 0.6921859910209, ""extra_trees"": true, ""feature_fraction"": 0.9220523550151, ""lambda_l1"": 0.7206605914604, ""lambda_l2"": 0.9472534786514, ""learning_rate"": 0.0132034424949, ""max_cat_to_onehot"": 25, ""min_data_in_leaf"": 15, ""min_data_per_group"": 7, ""n_estimators"": 335, ""num_leaves"": 35}",7ae6364f,r3,0.8036233008254471,,0.3682065480000034,0.0215354569999988,,,,0.3646912131738632,0.8918918918918919,0.1908396946564885,0.8036233008254471,,,,,,,,,,,
lightgbm,rel-event,user-ignore,BINARY_CLASSIFICATION,0,30,roc_auc,cpu,False,"{""bagging_fraction"": 0.9256403562964, ""bagging_freq"": 1, ""cat_l2"": 0.173468569422, ""cat_smooth"": 0.1622096133057, ""extra_trees"": true, ""feature_fraction"": 0.8672172375647, ""lambda_l1"": 0.2728946202342, ""lambda_l2"": 1.5996117895528, ""learning_rate"": 0.0885567275464, ""max_cat_to_onehot"": 31, ""min_data_in_leaf"": 54, ""min_data_per_group"": 63, ""n_estimators"": 395, ""num_leaves"": 6}",a691dd6f,r30,0.7917645202189065,,0.1720346020000107,0.0147104290000044,,,,0.3427818234336778,0.8929117797042325,0.1796875,0.7917645202189065,,,,,,,,,,,
lightgbm,rel-event,user-ignore,BINARY_CLASSIFICATION,0,30,roc_auc,cpu,False,"{""bagging_fraction"": 0.8634649548991, ""bagging_freq"": 1, ""cat_l2"": 1.6087120636028, ""cat_smooth"": 42.4603130176821, ""extra_trees"": false, ""feature_fraction"": 0.6841648271642, ""lambda_l1"": 0.5820615900959, ""lambda_l2"": 0.3727460534192, ""learning_rate"": 0.0078289135266, ""max_cat_to_onehot"": 37, ""min_data_in_leaf"": 2, ""min_data_per_group"": 2, ""n_estimators"": 987, ""num_leaves"": 9}",1d48d1c9,r4,0.79067854639997,,0.4629290139999966,0.0308358249999969,,,,0.3525642602208434,0.8959714431412544,0.1968503937007874,0.79067854639997,,,,,,,,,,,
lightgbm,rel-event,user-ignore,BINARY_CLASSIFICATION,0,30,roc_auc,cpu,False,"{""bagging_fraction"": 0.8270964398017, ""bagging_freq"": 1, ""cat_l2"": 0.0497402357678, ""cat_smooth"": 0.0022655846367, ""extra_trees"": true, ""feature_fraction"": 0.8805464511878, ""lambda_l1"": 0.5374194921261, ""lambda_l2"": 1.4738626624402, ""learning_rate"": 0.009732329389, ""max_cat_to_onehot"": 78, ""min_data_in_leaf"": 4, ""min_data_per_group"": 24, ""n_estimators"": 285, ""num_leaves"": 44}",4f68409e,r5,0.7705091237849664,,0.2344995950000026,0.0152292089999974,,,,0.3263216199201281,0.8918918918918919,0.0185185185185185,0.7705091237849664,,,,,,,,,,,
lightgbm,rel-event,user-ignore,BINARY_CLASSIFICATION,0,30,roc_auc,cpu,False,"{""bagging_fraction"": 0.7951605226208, ""bagging_freq"": 1, ""cat_l2"": 0.2087627025057, ""cat_smooth"": 0.0018992120999, ""extra_trees"": true, ""feature_fraction"": 0.5907899076364, ""lambda_l1"": 0.2654629519904, ""lambda_l2"": 0.6372060480074, ""learning_rate"": 0.0086558049456, ""max_cat_to_onehot"": 44, ""min_data_in_leaf"": 11, ""min_data_per_group"": 11, ""n_estimators"": 164, ""num_leaves"": 56}",3c57d7d3,r6,0.7677126074605867,,0.1328620740000019,0.0116671419999931,,,,0.3279785823554316,0.8908720040795512,0.0,0.7677126074605867,,,,,,,,,,,
lightgbm,rel-event,user-ignore,BINARY_CLASSIFICATION,0,30,roc_auc,cpu,False,"{""bagging_fraction"": 0.9335036446078, ""bagging_freq"": 1, ""cat_l2"": 0.2830562687557, ""cat_smooth"": 0.1802171314263, ""extra_trees"": true, ""feature_fraction"": 0.6485577967088, ""lambda_l1"": 0.5232957286614, ""lambda_l2"": 1.3348540188894, ""learning_rate"": 0.0289761662926, ""max_cat_to_onehot"": 15, ""min_data_in_leaf"": 11, ""min_data_per_group"": 55, ""n_estimators"": 701, ""num_leaves"": 20}",134c98bb,r7,0.7955640911790038,,0.4220776570000026,0.0278274539999898,,,,0.3611508072471114,0.8939316675165732,0.1811023622047244,0.7955640911790038,,,,,,,,,,,
lightgbm,rel-event,user-ignore,BINARY_CLASSIFICATION,0,30,roc_auc,cpu,False,"{""bagging_fraction"": 0.9848713160352, ""bagging_freq"": 1, ""cat_l2"": 1.6905546285477, ""cat_smooth"": 0.001258746648, ""extra_trees"": true, ""feature_fraction"": 0.4384884978093, ""lambda_l1"": 0.0940311167074, ""lambda_l2"": 0.2636825450225, ""learning_rate"": 0.0053104402291, ""max_cat_to_onehot"": 51, ""min_data_in_leaf"": 10, ""min_data_per_group"": 31, ""n_estimators"": 285, ""num_leaves"": 164}",42517afb,r8,0.7242642928598558,,0.1566492839999966,0.0131564360000027,,,,0.2816413648820449,0.8908720040795512,0.0,0.7242642928598558,,,,,,,,,,,
lightgbm,rel-event,user-ignore,BINARY_CLASSIFICATION,0,30,roc_auc,cpu,False,"{""bagging_fraction"": 0.898758060085, ""bagging_freq"": 1, ""cat_l2"": 0.964011246959, ""cat_smooth"": 0.1616421454928, ""extra_trees"": false, ""feature_fraction"": 0.815483271622, ""lambda_l1"": 0.5759889009066, ""lambda_l2"": 1.4326827755167, ""learning_rate"": 0.0599026240177, ""max_cat_to_onehot"": 91, ""min_data_in_leaf"": 2, ""min_data_per_group"": 6, ""n_estimators"": 702, ""num_leaves"": 39}",b7f5d391,r9,0.8349747765194271,,0.8188847529999919,0.0359684820000012,,,,0.5109033909188929,0.9092299847016828,0.518918918918919,0.8349747765194271,,,,,,,,,,,
lightgbm,rel-event,user-repeat,BINARY_CLASSIFICATION,0,30,roc_auc,cpu,False,{},bf21a9e8,default,0.6655080523693663,0.7655414438502673,0.4053865579999893,0.0088766319999962,0.0573368350000009,0.0074921090000117,,0.6227811881744798,0.6311787072243346,0.6548042704626335,0.6655080523693663,0.7225703540657265,0.6869918699186992,0.6907630522088354,0.7655414438502673,,,,,,,
lightgbm,rel-event,user-repeat,BINARY_CLASSIFICATION,0,30,roc_auc,cpu,False,"{""bagging_fraction"": 0.8646440511782, ""bagging_freq"": 1, ""cat_l2"": 0.2396763788772, ""cat_smooth"": 9.0912832806515, ""extra_trees"": true, ""feature_fraction"": 0.9742930953718, ""lambda_l1"": 0.5205254318032, ""lambda_l2"": 1.5172553870823, ""learning_rate"": 0.0095655183906, ""max_cat_to_onehot"": 21, ""min_data_in_leaf"": 1, ""min_data_per_group"": 38, ""n_estimators"": 885, ""num_leaves"": 13}",9ddece77,r1,0.6510833043679758,,0.2618786630000045,0.0123538029999963,,,,0.5828726157574401,0.6311787072243346,0.6498194945848376,0.6510833043679758,,,,,,,,,,,
lightgbm,rel-event,user-repeat,BINARY_CLASSIFICATION,0,30,roc_auc,cpu,False,"{""bagging_fraction"": 0.7040714906836, ""bagging_freq"": 1, ""cat_l2"": 0.1059359109832, ""cat_smooth"": 79.0557829290776, ""extra_trees"": true, ""feature_fraction"": 0.7399608725239, ""lambda_l1"": 0.9293032679565, ""lambda_l2"": 0.5788832452851, ""learning_rate"": 0.0050708289337, ""max_cat_to_onehot"": 15, ""min_data_in_leaf"": 53, ""min_data_per_group"": 48, ""n_estimators"": 398, ""num_leaves"": 14}",85d4ebc9,r10,0.6368323485111806,,0.1050087039999994,0.0088040870000014,,,,0.5661842491805658,0.6121673003802282,0.6304347826086957,0.6368323485111806,,,,,,,,,,,
lightgbm,rel-event,user-repeat,BINARY_CLASSIFICATION,0,30,roc_auc,cpu,False,"{""bagging_fraction"": 0.8819179642384, ""bagging_freq"": 1, ""cat_l2"": 0.2028071332361, ""cat_smooth"": 0.9002514016925, ""extra_trees"": true, ""feature_fraction"": 0.9904253448185, ""lambda_l1"": 0.3523764300344, ""lambda_l2"": 1.0166800656129, ""learning_rate"": 0.0076046378471, ""max_cat_to_onehot"": 9, ""min_data_in_leaf"": 51, ""min_data_per_group"": 4, ""n_estimators"": 309, ""num_leaves"": 50}",eb5d77d2,r11,0.6324875448963041,,0.1098709599999949,0.0086066979999941,,,,0.5917006740760371,0.6159695817490495,0.6405693950177936,0.6324875448963041,,,,,,,,,,,
lightgbm,rel-event,user-repeat,BINARY_CLASSIFICATION,0,30,roc_auc,cpu,False,"{""bagging_fraction"": 0.7057579594928, ""bagging_freq"": 1, ""cat_l2"": 0.0652607238611, ""cat_smooth"": 0.7440913299852, ""extra_trees"": true, ""feature_fraction"": 0.5562045565524, ""lambda_l1"": 0.4693022490728, ""lambda_l2"": 0.3337783413457, ""learning_rate"": 0.005523232486, ""max_cat_to_onehot"": 20, ""min_data_in_leaf"": 22, ""min_data_per_group"": 3, ""n_estimators"": 298, ""num_leaves"": 194}",97b0d170,r12,0.6128490325570618,,0.0784398149999958,0.0082296609999872,,,,0.5837737019575809,0.596958174904943,0.6131386861313869,0.6128490325570618,,,,,,,,,,,
lightgbm,rel-event,user-repeat,BINARY_CLASSIFICATION,0,30,roc_auc,cpu,False,"{""bagging_fraction"": 0.7904724450024, ""bagging_freq"": 1, ""cat_l2"": 0.0112585288934, ""cat_smooth"": 1.8450328342775, ""extra_trees"": false, ""feature_fraction"": 0.7222135128255, ""lambda_l1"": 0.8411560157726, ""lambda_l2"": 1.5581241341161, ""learning_rate"": 0.0949138303247, ""max_cat_to_onehot"": 8, ""min_data_in_leaf"": 4, ""min_data_per_group"": 12, ""n_estimators"": 523, ""num_leaves"": 6}",b0f88568,r13,0.6690418259761325,,0.101105259999997,0.0085767150000037,,,,0.6553940018803865,0.6197718631178707,0.647887323943662,0.6690418259761325,,,,,,,,,,,
lightgbm,rel-event,user-repeat,BINARY_CLASSIFICATION,0,30,roc_auc,cpu,False,"{""bagging_fraction"": 0.8980520612478, ""bagging_freq"": 1, ""cat_l2"": 0.0298619738506, ""cat_smooth"": 1.8218656600978, ""extra_trees"": false, ""feature_fraction"": 0.6687557031224, ""lambda_l1"": 0.9046572794351, ""lambda_l2"": 1.7298800978754, ""learning_rate"": 0.0152979229147, ""max_cat_to_onehot"": 14, ""min_data_in_leaf"": 7, ""min_data_per_group"": 61, ""n_estimators"": 223, ""num_leaves"": 45}",c9bdab03,r14,0.6861313868613139,,0.1883694120000001,0.0097283599999968,,,,0.6558318278565962,0.6615969581749049,0.6855123674911661,0.6861313868613139,,,,,,,,,,,
lightgbm,rel-event,user-repeat,BINARY_CLASSIFICATION,0,30,roc_auc,cpu,False,"{""bagging_fraction"": 0.7870232821631, ""bagging_freq"": 1, ""cat_l2"": 0.1520732736224, ""cat_smooth"": 0.143579414226, ""extra_trees"": false, ""feature_fraction"": 0.4597414534665, ""lambda_l1"": 0.0376556278898, ""lambda_l2"": 0.8228523078385, ""learning_rate"": 0.0175995134195, ""max_cat_to_onehot"": 55, ""min_data_in_leaf"": 4, ""min_data_per_group"": 81, ""n_estimators"": 58, ""num_leaves"": 107}",5c4e94f9,r15,0.6974858069748581,,0.0744334310000027,0.0076898070000055,,,,0.6676201033386704,0.6425855513307985,0.6690140845070423,0.6974858069748581,,,,,,,,,,,
lightgbm,rel-event,user-repeat,BINARY_CLASSIFICATION,0,30,roc_auc,cpu,False,"{""bagging_fraction"": 0.9252532736885, ""bagging_freq"": 1, ""cat_l2"": 0.0185425303217, ""cat_smooth"": 0.0026697944708, ""extra_trees"": true, ""feature_fraction"": 0.4403497788779, ""lambda_l1"": 0.990339913502, ""lambda_l2"": 1.5167814698069, ""learning_rate"": 0.032907451476, ""max_cat_to_onehot"": 89, ""min_data_in_leaf"": 2, ""min_data_per_group"": 10, ""n_estimators"": 665, ""num_leaves"": 12}",66abad1a,r16,0.6441316185841734,,0.1270563759999987,0.0093083390000003,,,,0.603933493857978,0.6273764258555133,0.6524822695035462,0.6441316185841734,,,,,,,,,,,
lightgbm,rel-event,user-repeat,BINARY_CLASSIFICATION,0,30,roc_auc,cpu,False,"{""bagging_fraction"": 0.9893469303368, ""bagging_freq"": 1, ""cat_l2"": 0.1517170923124, ""cat_smooth"": 0.0019146599966, ""extra_trees"": true, ""feature_fraction"": 0.8076356640991, ""lambda_l1"": 0.2169752947, ""lambda_l2"": 0.6401022999299, ""learning_rate"": 0.0682833284969, ""max_cat_to_onehot"": 45, ""min_data_in_leaf"": 2, ""min_data_per_group"": 8, ""n_estimators"": 71, ""num_leaves"": 27}",e3bf995d,r17,0.6527053643841965,,0.0368393349999962,0.007235971,,,,0.6024329823150146,0.6463878326996197,0.6690391459074733,0.6527053643841965,,,,,,,,,,,
lightgbm,rel-event,user-repeat,BINARY_CLASSIFICATION,0,30,roc_auc,cpu,False,"{""bagging_fraction"": 0.8662727305253, ""bagging_freq"": 1, ""cat_l2"": 0.0750558998512, ""cat_smooth"": 0.2749087238468, ""extra_trees"": true, ""feature_fraction"": 0.6722181067336, ""lambda_l1"": 0.6631118952798, ""lambda_l2"": 0.7669894419544, ""learning_rate"": 0.011346355764, ""max_cat_to_onehot"": 13, ""min_data_in_leaf"": 8, ""min_data_per_group"": 12, ""n_estimators"": 235, ""num_leaves"": 4}",d16f6217,r18,0.624377244815201,,0.0424137569999913,0.007527151000005,,,,0.5924687469559302,0.6083650190114068,0.6227106227106227,0.624377244815201,,,,,,,,,,,
lightgbm,rel-event,user-repeat,BINARY_CLASSIFICATION,0,30,roc_auc,cpu,False,"{""bagging_fraction"": 0.7637171496671, ""bagging_freq"": 1, ""cat_l2"": 1.6733394870119, ""cat_smooth"": 25.4110617183616, ""extra_trees"": true, ""feature_fraction"": 0.7219475266652, ""lambda_l1"": 0.2633960444995, ""lambda_l2"": 1.1766753953959, ""learning_rate"": 0.0546075727721, ""max_cat_to_onehot"": 88, ""min_data_in_leaf"": 1, ""min_data_per_group"": 5, ""n_estimators"": 74, ""num_leaves"": 3}",3c940a82,r19,0.6169331479550457,,0.0184844859999913,0.0071138370000056,,,,0.5562419941482659,0.5931558935361216,0.6051660516605166,0.6169331479550457,,,,,,,,,,,
lightgbm,rel-event,user-repeat,BINARY_CLASSIFICATION,0,30,roc_auc,cpu,False,"{""bagging_fraction"": 0.9145568099117, ""bagging_freq"": 1, ""cat_l2"": 0.0688015432043, ""cat_smooth"": 0.4410365667971, ""extra_trees"": false, ""feature_fraction"": 0.4842104682476, ""lambda_l1"": 0.6789116421659, ""lambda_l2"": 0.2119046236149, ""learning_rate"": 0.007497093098, ""max_cat_to_onehot"": 78, ""min_data_in_leaf"": 57, ""min_data_per_group"": 21, ""n_estimators"": 353, ""num_leaves"": 17}",a3464b9d,r2,0.659772911597729,,0.1203255680000126,0.0090540160000074,,,,0.6329837275896576,0.6197718631178707,0.6551724137931034,0.659772911597729,,,,,,,,,,,
lightgbm,rel-event,user-repeat,BINARY_CLASSIFICATION,0,30,roc_auc,cpu,False,"{""bagging_fraction"": 0.766732967316, ""bagging_freq"": 1, ""cat_l2"": 0.2949769749976, ""cat_smooth"": 76.211749790676, ""extra_trees"": false, ""feature_fraction"": 0.9380027758242, ""lambda_l1"": 0.0207489343658, ""lambda_l2"": 1.6621138056269, ""learning_rate"": 0.0087194268009, ""max_cat_to_onehot"": 51, ""min_data_in_leaf"": 2, ""min_data_per_group"": 20, ""n_estimators"": 428, ""num_leaves"": 19}",8d3659ac,r20,0.6882748233113196,,0.1555501850000098,0.0097038450000042,,,,0.6438033627630757,0.6501901140684411,0.6690647482014388,0.6882748233113196,,,,,,,,,,,
lightgbm,rel-event,user-repeat,BINARY_CLASSIFICATION,0,30,roc_auc,cpu,False,"{""bagging_fraction"": 0.806683821355, ""bagging_freq"": 1, ""cat_l2"": 0.0082421437739, ""cat_smooth"": 0.0160008811562, ""extra_trees"": false, ""feature_fraction"": 0.5089787202952, ""lambda_l1"": 0.2184810145264, ""lambda_l2"": 0.9723705046664, ""learning_rate"": 0.0507096180332, ""max_cat_to_onehot"": 54, ""min_data_in_leaf"": 3, ""min_data_per_group"": 18, ""n_estimators"": 165, ""num_leaves"": 161}",a6d8d71e,r21,0.6898968833275402,,0.3085451809999995,0.0096140219999938,,,,0.6700182141612563,0.6083650190114068,0.6484641638225256,0.6898968833275402,,,,,,,,,,,
lightgbm,rel-event,user-repeat,BINARY_CLASSIFICATION,0,30,roc_auc,cpu,False,"{""bagging_fraction"": 0.9821295835758, ""bagging_freq"": 1, ""cat_l2"": 0.1367124095637, ""cat_smooth"": 0.0031729973642, ""extra_trees"": true, ""feature_fraction"": 0.7074360779775, ""lambda_l1"": 0.4552232983118, ""lambda_l2"": 1.417125445225, ""learning_rate"": 0.0925784167972, ""max_cat_to_onehot"": 8, ""min_data_in_leaf"": 5, ""min_data_per_group"": 7, ""n_estimators"": 123, ""num_leaves"": 2}",38aedfa8,r22,0.5953539566678252,,0.022280944000002,0.0072840539999958,,,,0.5705238321544044,0.5855513307984791,0.5947955390334573,0.5953539566678252,,,,,,,,,,,
lightgbm,rel-event,user-repeat,BINARY_CLASSIFICATION,0,30,roc_auc,cpu,False,"{""bagging_fraction"": 0.9295975761421, ""bagging_freq"": 1, ""cat_l2"": 0.1658867884192, ""cat_smooth"": 0.0012082259188, ""extra_trees"": false, ""feature_fraction"": 0.7482682823129, ""lambda_l1"": 0.8788818548033, ""lambda_l2"": 0.9963306369924, ""learning_rate"": 0.0662004421712, ""max_cat_to_onehot"": 15, ""min_data_in_leaf"": 1, ""min_data_per_group"": 44, ""n_estimators"": 510, ""num_leaves"": 23}",3e9b950f,r23,0.681149345382922,,0.2395000690000017,0.009735562000003,,,,0.6614620569225965,0.6311787072243346,0.6643598615916955,0.681149345382922,,,,,,,,,,,
lightgbm,rel-event,user-repeat,BINARY_CLASSIFICATION,0,30,roc_auc,cpu,False,"{""bagging_fraction"": 0.9245990859552, ""bagging_freq"": 1, ""cat_l2"": 1.592158021275, ""cat_smooth"": 44.4269586841343, ""extra_trees"": false, ""feature_fraction"": 0.872525293573, ""lambda_l1"": 0.492319014681, ""lambda_l2"": 1.6891157039359, ""learning_rate"": 0.0517998481756, ""max_cat_to_onehot"": 22, ""min_data_in_leaf"": 59, ""min_data_per_group"": 10, ""n_estimators"": 802, ""num_leaves"": 8}",0d0b00fe,r24,0.6705769899200555,,0.1581138449999883,0.0098340629999995,,,,0.6480643193454536,0.623574144486692,0.6451612903225806,0.6705769899200555,,,,,,,,,,,
lightgbm,rel-event,user-repeat,BINARY_CLASSIFICATION,0,30,roc_auc,cpu,False,"{""bagging_fraction"": 0.9711159219238, ""bagging_freq"": 1, ""cat_l2"": 0.0287842816393, ""cat_smooth"": 2.2365712242177, ""extra_trees"": false, ""feature_fraction"": 0.7638852760411, ""lambda_l1"": 0.7155896013433, ""lambda_l2"": 0.3887650116637, ""learning_rate"": 0.0956151137114, ""max_cat_to_onehot"": 23, ""min_data_in_leaf"": 5, ""min_data_per_group"": 8, ""n_estimators"": 132, ""num_leaves"": 117}",311db951,r25,0.6799907310856216,,0.2023597209999934,0.0084521590000008,,,,0.6398219574900268,0.6083650190114068,0.6508474576271186,0.6799907310856216,,,,,,,,,,,
lightgbm,rel-event,user-repeat,BINARY_CLASSIFICATION,0,30,roc_auc,cpu,False,"{""bagging_fraction"": 0.7751868160582, ""bagging_freq"": 1, ""cat_l2"": 0.7205179793324, ""cat_smooth"": 0.2412048314858, ""extra_trees"": false, ""feature_fraction"": 0.5086905770421, ""lambda_l1"": 0.7774298210926, ""lambda_l2"": 0.7417685131559, ""learning_rate"": 0.006296404929, ""max_cat_to_onehot"": 41, ""min_data_in_leaf"": 17, ""min_data_per_group"": 4, ""n_estimators"": 197, ""num_leaves"": 50}",e3b85f93,r26,0.68931757617889,,0.1482998270000024,0.0087845019999974,,,,0.655622361594866,0.6425855513307985,0.6690140845070423,0.68931757617889,,,,,,,,,,,
lightgbm,rel-event,user-repeat,BINARY_CLASSIFICATION,0,30,roc_auc,cpu,False,"{""bagging_fraction"": 0.9032235488416, ""bagging_freq"": 1, ""cat_l2"": 0.0484438463597, ""cat_smooth"": 0.2752154717585, ""extra_trees"": false, ""feature_fraction"": 0.8731273073839, ""lambda_l1"": 0.2594966220889, ""lambda_l2"": 0.3941888549433, ""learning_rate"": 0.0236586574252, ""max_cat_to_onehot"": 8, ""min_data_in_leaf"": 3, ""min_data_per_group"": 69, ""n_estimators"": 438, ""num_leaves"": 9}",d90cbc4e,r27,0.6668694241686943,,0.1151472049999995,0.0086681760000004,,,,0.6342105281245359,0.6121673003802282,0.6304347826086957,0.6668694241686943,,,,,,,,,,,
lightgbm,rel-event,user-repeat,BINARY_CLASSIFICATION,0,30,roc_auc,cpu,True,"{""bagging_fraction"": 0.943127227378, ""bagging_freq"": 1, ""cat_l2"": 0.0089165711882, ""cat_smooth"": 0.196142976357, ""extra_trees"": false, ""feature_fraction"": 0.4341088458599, ""lambda_l1"": 0.3738757566188, ""lambda_l2"": 0.9197657819236, ""learning_rate"": 0.0125354274243, ""max_cat_to_onehot"": 23, ""min_data_in_leaf"": 1, ""min_data_per_group"": 16, ""n_estimators"": 165, ""num_leaves"": 65}",10f688c8,r28,0.7108678021086781,0.7482954545454544,0.1516644540000129,0.0082847830000076,0.1562921689999967,0.0087631269999945,,0.6811747878895942,0.6615969581749049,0.6983050847457627,0.7108678021086781,0.7089470174165182,0.6422764227642277,0.6716417910447762,0.7482954545454544,,,,,,,
lightgbm,rel-event,user-repeat,BINARY_CLASSIFICATION,0,30,roc_auc,cpu,False,"{""bagging_fraction"": 0.8296444149774, ""bagging_freq"": 1, ""cat_l2"": 0.0231985345244, ""cat_smooth"": 0.419723324168, ""extra_trees"": true, ""feature_fraction"": 0.818198345035, ""lambda_l1"": 0.5876408752329, ""lambda_l2"": 0.0893201412781, ""learning_rate"": 0.0282078967013, ""max_cat_to_onehot"": 29, ""min_data_in_leaf"": 5, ""min_data_per_group"": 12, ""n_estimators"": 750, ""num_leaves"": 37}",fb774425,r29,0.6571080987139382,,0.2127167879999945,0.0106263050000023,,,,0.6115233169486815,0.6463878326996197,0.6618181818181819,0.6571080987139382,,,,,,,,,,,
lightgbm,rel-event,user-repeat,BINARY_CLASSIFICATION,0,30,roc_auc,cpu,False,"{""bagging_fraction"": 0.8808290128215, ""bagging_freq"": 1, ""cat_l2"": 1.0457234595842, ""cat_smooth"": 0.6921859910209, ""extra_trees"": true, ""feature_fraction"": 0.9220523550151, ""lambda_l1"": 0.7206605914604, ""lambda_l2"": 0.9472534786514, ""learning_rate"": 0.0132034424949, ""max_cat_to_onehot"": 25, ""min_data_in_leaf"": 15, ""min_data_per_group"": 7, ""n_estimators"": 335, ""num_leaves"": 35}",7ae6364f,r3,0.6321978913219789,,0.1035309469999958,0.0087998270000042,,,,0.593354277958193,0.6311787072243346,0.6446886446886447,0.6321978913219789,,,,,,,,,,,
lightgbm,rel-event,user-repeat,BINARY_CLASSIFICATION,0,30,roc_auc,cpu,False,"{""bagging_fraction"": 0.9256403562964, ""bagging_freq"": 1, ""cat_l2"": 0.173468569422, ""cat_smooth"": 0.1622096133057, ""extra_trees"": true, ""feature_fraction"": 0.8672172375647, ""lambda_l1"": 0.2728946202342, ""lambda_l2"": 1.5996117895528, ""learning_rate"": 0.0885567275464, ""max_cat_to_onehot"": 31, ""min_data_in_leaf"": 54, ""min_data_per_group"": 63, ""n_estimators"": 395, ""num_leaves"": 6}",a691dd6f,r30,0.6524157108098714,,0.0746696949999972,0.0088661009999952,,,,0.6249299643767987,0.6121673003802282,0.6277372262773723,0.6524157108098714,,,,,,,,,,,
lightgbm,rel-event,user-repeat,BINARY_CLASSIFICATION,0,30,roc_auc,cpu,False,"{""bagging_fraction"": 0.8634649548991, ""bagging_freq"": 1, ""cat_l2"": 1.6087120636028, ""cat_smooth"": 42.4603130176821, ""extra_trees"": false, ""feature_fraction"": 0.6841648271642, ""lambda_l1"": 0.5820615900959, ""lambda_l2"": 0.3727460534192, ""learning_rate"": 0.0078289135266, ""max_cat_to_onehot"": 37, ""min_data_in_leaf"": 2, ""min_data_per_group"": 2, ""n_estimators"": 987, ""num_leaves"": 9}",1d48d1c9,r4,0.6843934654153633,,0.211390527000006,0.0104196209999969,,,,0.6396358662153032,0.6083650190114068,0.6411149825783972,0.6843934654153633,,,,,,,,,,,
lightgbm,rel-event,user-repeat,BINARY_CLASSIFICATION,0,30,roc_auc,cpu,False,"{""bagging_fraction"": 0.8270964398017, ""bagging_freq"": 1, ""cat_l2"": 0.0497402357678, ""cat_smooth"": 0.0022655846367, ""extra_trees"": true, ""feature_fraction"": 0.8805464511878, ""lambda_l1"": 0.5374194921261, ""lambda_l2"": 1.4738626624402, ""learning_rate"": 0.009732329389, ""max_cat_to_onehot"": 78, ""min_data_in_leaf"": 4, ""min_data_per_group"": 24, ""n_estimators"": 285, ""num_leaves"": 44}",4f68409e,r5,0.6470860850422894,,0.089102333999989,0.0089730129999878,,,,0.6019562606276616,0.6121673003802282,0.6304347826086957,0.6470860850422894,,,,,,,,,,,
lightgbm,rel-event,user-repeat,BINARY_CLASSIFICATION,0,30,roc_auc,cpu,False,"{""bagging_fraction"": 0.7951605226208, ""bagging_freq"": 1, ""cat_l2"": 0.2087627025057, ""cat_smooth"": 0.0018992120999, ""extra_trees"": true, ""feature_fraction"": 0.5907899076364, ""lambda_l1"": 0.2654629519904, ""lambda_l2"": 0.6372060480074, ""learning_rate"": 0.0086558049456, ""max_cat_to_onehot"": 44, ""min_data_in_leaf"": 11, ""min_data_per_group"": 11, ""n_estimators"": 164, ""num_leaves"": 56}",3c57d7d3,r6,0.6421619742787626,,0.0476169609999885,0.0079042840000056,,,,0.6112428212649166,0.596958174904943,0.6044776119402985,0.6421619742787626,,,,,,,,,,,
lightgbm,rel-event,user-repeat,BINARY_CLASSIFICATION,0,30,roc_auc,cpu,False,"{""bagging_fraction"": 0.9335036446078, ""bagging_freq"": 1, ""cat_l2"": 0.2830562687557, ""cat_smooth"": 0.1802171314263, ""extra_trees"": true, ""feature_fraction"": 0.6485577967088, ""lambda_l1"": 0.5232957286614, ""lambda_l2"": 1.3348540188894, ""learning_rate"": 0.0289761662926, ""max_cat_to_onehot"": 15, ""min_data_in_leaf"": 11, ""min_data_per_group"": 55, ""n_estimators"": 701, ""num_leaves"": 20}",134c98bb,r7,0.6716487081450584,,0.179924174000007,0.0105398709999917,,,,0.6321040322351625,0.6121673003802282,0.6408450704225352,0.6716487081450584,,,,,,,,,,,
lightgbm,rel-event,user-repeat,BINARY_CLASSIFICATION,0,30,roc_auc,cpu,False,"{""bagging_fraction"": 0.9848713160352, ""bagging_freq"": 1, ""cat_l2"": 1.6905546285477, ""cat_smooth"": 0.001258746648, ""extra_trees"": true, ""feature_fraction"": 0.4384884978093, ""lambda_l1"": 0.0940311167074, ""lambda_l2"": 0.2636825450225, ""learning_rate"": 0.0053104402291, ""max_cat_to_onehot"": 51, ""min_data_in_leaf"": 10, ""min_data_per_group"": 31, ""n_estimators"": 285, ""num_leaves"": 164}",42517afb,r8,0.6418143899895725,,0.0637128599999954,0.0080956600000092,,,,0.59026814015343,0.596958174904943,0.6131386861313869,0.6418143899895725,,,,,,,,,,,
lightgbm,rel-event,user-repeat,BINARY_CLASSIFICATION,0,30,roc_auc,cpu,False,"{""bagging_fraction"": 0.898758060085, ""bagging_freq"": 1, ""cat_l2"": 0.964011246959, ""cat_smooth"": 0.1616421454928, ""extra_trees"": false, ""feature_fraction"": 0.815483271622, ""lambda_l1"": 0.5759889009066, ""lambda_l2"": 1.4326827755167, ""learning_rate"": 0.0599026240177, ""max_cat_to_onehot"": 91, ""min_data_in_leaf"": 2, ""min_data_per_group"": 6, ""n_estimators"": 702, ""num_leaves"": 39}",b7f5d391,r9,0.673386629591009,,0.4560873039999933,0.0118662389999997,,,,0.6458381194858566,0.6121673003802282,0.6506849315068494,0.673386629591009,,,,,,,,,,,
lightgbm,rel-f1,driver-dnf,BINARY_CLASSIFICATION,0,30,roc_auc,cpu,False,{},bf21a9e8,default,0.6040544217687075,0.6932611135509685,0.4759339740000001,0.0092413590000006,0.1016050409999991,0.0083720650000032,,0.8413979797453867,0.5706713780918727,0.6702849389416553,0.6040544217687075,0.8571480251747019,0.6866096866096866,0.8070175438596491,0.6932611135509685,,,,,,,
lightgbm,rel-f1,driver-dnf,BINARY_CLASSIFICATION,0,30,roc_auc,cpu,False,"{""bagging_fraction"": 0.8646440511782, ""bagging_freq"": 1, ""cat_l2"": 0.2396763788772, ""cat_smooth"": 9.0912832806515, ""extra_trees"": true, ""feature_fraction"": 0.9742930953718, ""lambda_l1"": 0.5205254318032, ""lambda_l2"": 1.5172553870823, ""learning_rate"": 0.0095655183906, ""max_cat_to_onehot"": 21, ""min_data_in_leaf"": 1, ""min_data_per_group"": 38, ""n_estimators"": 885, ""num_leaves"": 13}",9ddece77,r1,0.6105487528344672,,0.5643914510000059,0.0158121959999988,,,,0.838387251126442,0.7332155477031802,0.8415529905561385,0.6105487528344672,,,,,,,,,,,
lightgbm,rel-f1,driver-dnf,BINARY_CLASSIFICATION,0,30,roc_auc,cpu,False,"{""bagging_fraction"": 0.7040714906836, ""bagging_freq"": 1, ""cat_l2"": 0.1059359109832, ""cat_smooth"": 79.0557829290776, ""extra_trees"": true, ""feature_fraction"": 0.7399608725239, ""lambda_l1"": 0.9293032679565, ""lambda_l2"": 0.5788832452851, ""learning_rate"": 0.0050708289337, ""max_cat_to_onehot"": 15, ""min_data_in_leaf"": 53, ""min_data_per_group"": 48, ""n_estimators"": 398, ""num_leaves"": 14}",85d4ebc9,r10,0.5863219954648526,,0.2121379629999893,0.0115100830000045,,,,0.827587674074977,0.7756183745583038,0.8718466195761857,0.5863219954648526,,,,,,,,,,,
lightgbm,rel-f1,driver-dnf,BINARY_CLASSIFICATION,0,30,roc_auc,cpu,False,"{""bagging_fraction"": 0.8819179642384, ""bagging_freq"": 1, ""cat_l2"": 0.2028071332361, ""cat_smooth"": 0.9002514016925, ""extra_trees"": true, ""feature_fraction"": 0.9904253448185, ""lambda_l1"": 0.3523764300344, ""lambda_l2"": 1.0166800656129, ""learning_rate"": 0.0076046378471, ""max_cat_to_onehot"": 9, ""min_data_in_leaf"": 51, ""min_data_per_group"": 4, ""n_estimators"": 309, ""num_leaves"": 50}",eb5d77d2,r11,0.6209523809523809,,0.4158496529999951,0.0111395530000066,,,,0.8369821402928487,0.7756183745583038,0.8718466195761857,0.6209523809523809,,,,,,,,,,,
lightgbm,rel-f1,driver-dnf,BINARY_CLASSIFICATION,0,30,roc_auc,cpu,False,"{""bagging_fraction"": 0.7057579594928, ""bagging_freq"": 1, ""cat_l2"": 0.0652607238611, ""cat_smooth"": 0.7440913299852, ""extra_trees"": true, ""feature_fraction"": 0.5562045565524, ""lambda_l1"": 0.4693022490728, ""lambda_l2"": 0.3337783413457, ""learning_rate"": 0.005523232486, ""max_cat_to_onehot"": 20, ""min_data_in_leaf"": 22, ""min_data_per_group"": 3, ""n_estimators"": 298, ""num_leaves"": 194}",97b0d170,r12,0.6219319727891157,,0.3382956559999996,0.0109739369999886,,,,0.8373360646565633,0.7791519434628975,0.8758689175769613,0.6219319727891157,,,,,,,,,,,
lightgbm,rel-f1,driver-dnf,BINARY_CLASSIFICATION,0,30,roc_auc,cpu,False,"{""bagging_fraction"": 0.7904724450024, ""bagging_freq"": 1, ""cat_l2"": 0.0112585288934, ""cat_smooth"": 1.8450328342775, ""extra_trees"": false, ""feature_fraction"": 0.7222135128255, ""lambda_l1"": 0.8411560157726, ""lambda_l2"": 1.5581241341161, ""learning_rate"": 0.0949138303247, ""max_cat_to_onehot"": 8, ""min_data_in_leaf"": 4, ""min_data_per_group"": 12, ""n_estimators"": 523, ""num_leaves"": 6}",b0f88568,r13,0.601859410430839,,0.2356225540000025,0.0102626759999964,,,,0.8267320657306154,0.696113074204947,0.8036529680365296,0.601859410430839,,,,,,,,,,,
lightgbm,rel-f1,driver-dnf,BINARY_CLASSIFICATION,0,30,roc_auc,cpu,False,"{""bagging_fraction"": 0.8980520612478, ""bagging_freq"": 1, ""cat_l2"": 0.0298619738506, ""cat_smooth"": 1.8218656600978, ""extra_trees"": false, ""feature_fraction"": 0.6687557031224, ""lambda_l1"": 0.9046572794351, ""lambda_l2"": 1.7298800978754, ""learning_rate"": 0.0152979229147, ""max_cat_to_onehot"": 14, ""min_data_in_leaf"": 7, ""min_data_per_group"": 61, ""n_estimators"": 223, ""num_leaves"": 45}",c9bdab03,r14,0.5997097505668935,,0.2872510379999937,0.0101072550000083,,,,0.8238947098332419,0.7332155477031802,0.8415529905561385,0.5997097505668935,,,,,,,,,,,
lightgbm,rel-f1,driver-dnf,BINARY_CLASSIFICATION,0,30,roc_auc,cpu,False,"{""bagging_fraction"": 0.7870232821631, ""bagging_freq"": 1, ""cat_l2"": 0.1520732736224, ""cat_smooth"": 0.143579414226, ""extra_trees"": false, ""feature_fraction"": 0.4597414534665, ""lambda_l1"": 0.0376556278898, ""lambda_l2"": 0.8228523078385, ""learning_rate"": 0.0175995134195, ""max_cat_to_onehot"": 55, ""min_data_in_leaf"": 4, ""min_data_per_group"": 81, ""n_estimators"": 58, ""num_leaves"": 107}",5c4e94f9,r15,0.6111020408163266,,0.0994121330000012,0.0077427980000095,,,,0.8243110764902014,0.7791519434628975,0.8758689175769613,0.6111020408163266,,,,,,,,,,,
lightgbm,rel-f1,driver-dnf,BINARY_CLASSIFICATION,0,30,roc_auc,cpu,False,"{""bagging_fraction"": 0.9252532736885, ""bagging_freq"": 1, ""cat_l2"": 0.0185425303217, ""cat_smooth"": 0.0026697944708, ""extra_trees"": true, ""feature_fraction"": 0.4403497788779, ""lambda_l1"": 0.990339913502, ""lambda_l2"": 1.5167814698069, ""learning_rate"": 0.032907451476, ""max_cat_to_onehot"": 89, ""min_data_in_leaf"": 2, ""min_data_per_group"": 10, ""n_estimators"": 665, ""num_leaves"": 12}",66abad1a,r16,0.6149115646258504,,0.3301991479999913,0.0118016189999963,,,,0.8390176783035268,0.7014134275618374,0.8176914778856527,0.6149115646258504,,,,,,,,,,,
lightgbm,rel-f1,driver-dnf,BINARY_CLASSIFICATION,0,30,roc_auc,cpu,False,"{""bagging_fraction"": 0.9893469303368, ""bagging_freq"": 1, ""cat_l2"": 0.1517170923124, ""cat_smooth"": 0.0019146599966, ""extra_trees"": true, ""feature_fraction"": 0.8076356640991, ""lambda_l1"": 0.2169752947, ""lambda_l2"": 0.6401022999299, ""learning_rate"": 0.0682833284969, ""max_cat_to_onehot"": 45, ""min_data_in_leaf"": 2, ""min_data_per_group"": 8, ""n_estimators"": 71, ""num_leaves"": 27}",e3bf995d,r17,0.6057596371882087,,0.102631302000006,0.0082437679999998,,,,0.8308299792542727,0.7332155477031802,0.8415529905561385,0.6057596371882087,,,,,,,,,,,
lightgbm,rel-f1,driver-dnf,BINARY_CLASSIFICATION,0,30,roc_auc,cpu,False,"{""bagging_fraction"": 0.8662727305253, ""bagging_freq"": 1, ""cat_l2"": 0.0750558998512, ""cat_smooth"": 0.2749087238468, ""extra_trees"": true, ""feature_fraction"": 0.6722181067336, ""lambda_l1"": 0.6631118952798, ""lambda_l2"": 0.7669894419544, ""learning_rate"": 0.011346355764, ""max_cat_to_onehot"": 13, ""min_data_in_leaf"": 8, ""min_data_per_group"": 12, ""n_estimators"": 235, ""num_leaves"": 4}",d16f6217,r18,0.5993832199546485,,0.1080313470000078,0.0088581790000006,,,,0.8212789652389092,0.7791519434628975,0.8758689175769613,0.5993832199546485,,,,,,,,,,,
lightgbm,rel-f1,driver-dnf,BINARY_CLASSIFICATION,0,30,roc_auc,cpu,False,"{""bagging_fraction"": 0.7637171496671, ""bagging_freq"": 1, ""cat_l2"": 1.6733394870119, ""cat_smooth"": 25.4110617183616, ""extra_trees"": true, ""feature_fraction"": 0.7219475266652, ""lambda_l1"": 0.2633960444995, ""lambda_l2"": 1.1766753953959, ""learning_rate"": 0.0546075727721, ""max_cat_to_onehot"": 88, ""min_data_in_leaf"": 1, ""min_data_per_group"": 5, ""n_estimators"": 74, ""num_leaves"": 3}",3c940a82,r19,0.506312925170068,,0.035886454000007,0.0075946030000011,,,,0.7772981889145448,0.7756183745583038,0.8718466195761857,0.506312925170068,,,,,,,,,,,
lightgbm,rel-f1,driver-dnf,BINARY_CLASSIFICATION,0,30,roc_auc,cpu,False,"{""bagging_fraction"": 0.9145568099117, ""bagging_freq"": 1, ""cat_l2"": 0.0688015432043, ""cat_smooth"": 0.4410365667971, ""extra_trees"": false, ""feature_fraction"": 0.4842104682476, ""lambda_l1"": 0.6789116421659, ""lambda_l2"": 0.2119046236149, ""learning_rate"": 0.007497093098, ""max_cat_to_onehot"": 78, ""min_data_in_leaf"": 57, ""min_data_per_group"": 21, ""n_estimators"": 353, ""num_leaves"": 17}",a3464b9d,r2,0.6096326530612245,,0.2944908910000094,0.0108751700000055,,,,0.8374533482753082,0.7438162544169611,0.8497409326424871,0.6096326530612245,,,,,,,,,,,
lightgbm,rel-f1,driver-dnf,BINARY_CLASSIFICATION,0,30,roc_auc,cpu,False,"{""bagging_fraction"": 0.766732967316, ""bagging_freq"": 1, ""cat_l2"": 0.2949769749976, ""cat_smooth"": 76.211749790676, ""extra_trees"": false, ""feature_fraction"": 0.9380027758242, ""lambda_l1"": 0.0207489343658, ""lambda_l2"": 1.6621138056269, ""learning_rate"": 0.0087194268009, ""max_cat_to_onehot"": 51, ""min_data_in_leaf"": 2, ""min_data_per_group"": 20, ""n_estimators"": 428, ""num_leaves"": 19}",8d3659ac,r20,0.5828299319727891,,0.2727542739999933,0.0113159899999999,,,,0.8203567605932721,0.7332155477031802,0.8415529905561385,0.5828299319727891,,,,,,,,,,,
lightgbm,rel-f1,driver-dnf,BINARY_CLASSIFICATION,0,30,roc_auc,cpu,False,"{""bagging_fraction"": 0.806683821355, ""bagging_freq"": 1, ""cat_l2"": 0.0082421437739, ""cat_smooth"": 0.0160008811562, ""extra_trees"": false, ""feature_fraction"": 0.5089787202952, ""lambda_l1"": 0.2184810145264, ""lambda_l2"": 0.9723705046664, ""learning_rate"": 0.0507096180332, ""max_cat_to_onehot"": 54, ""min_data_in_leaf"": 3, ""min_data_per_group"": 18, ""n_estimators"": 165, ""num_leaves"": 161}",a6d8d71e,r21,0.6132063492063491,,0.346830177000001,0.0096985460000098,,,,0.8351311559661144,0.6643109540636042,0.7688564476885644,0.6132063492063491,,,,,,,,,,,
lightgbm,rel-f1,driver-dnf,BINARY_CLASSIFICATION,0,30,roc_auc,cpu,False,"{""bagging_fraction"": 0.9821295835758, ""bagging_freq"": 1, ""cat_l2"": 0.1367124095637, ""cat_smooth"": 0.0031729973642, ""extra_trees"": true, ""feature_fraction"": 0.7074360779775, ""lambda_l1"": 0.4552232983118, ""lambda_l2"": 1.417125445225, ""learning_rate"": 0.0925784167972, ""max_cat_to_onehot"": 8, ""min_data_in_leaf"": 5, ""min_data_per_group"": 7, ""n_estimators"": 123, ""num_leaves"": 2}",38aedfa8,r22,0.6039818594104309,,0.0455163720000086,0.0084366109999933,,,,0.8402374736733511,0.7756183745583038,0.8718466195761857,0.6039818594104309,,,,,,,,,,,
lightgbm,rel-f1,driver-dnf,BINARY_CLASSIFICATION,0,30,roc_auc,cpu,False,"{""bagging_fraction"": 0.9295975761421, ""bagging_freq"": 1, ""cat_l2"": 0.1658867884192, ""cat_smooth"": 0.0012082259188, ""extra_trees"": false, ""feature_fraction"": 0.7482682823129, ""lambda_l1"": 0.8788818548033, ""lambda_l2"": 0.9963306369924, ""learning_rate"": 0.0662004421712, ""max_cat_to_onehot"": 15, ""min_data_in_leaf"": 1, ""min_data_per_group"": 44, ""n_estimators"": 510, ""num_leaves"": 23}",3e9b950f,r23,0.60140589569161,,0.4061444220000112,0.0120175950000032,,,,0.8384603361907376,0.6466431095406361,0.7566909975669099,0.60140589569161,,,,,,,,,,,
lightgbm,rel-f1,driver-dnf,BINARY_CLASSIFICATION,0,30,roc_auc,cpu,False,"{""bagging_fraction"": 0.9245990859552, ""bagging_freq"": 1, ""cat_l2"": 1.592158021275, ""cat_smooth"": 44.4269586841343, ""extra_trees"": false, ""feature_fraction"": 0.872525293573, ""lambda_l1"": 0.492319014681, ""lambda_l2"": 1.6891157039359, ""learning_rate"": 0.0517998481756, ""max_cat_to_onehot"": 22, ""min_data_in_leaf"": 59, ""min_data_per_group"": 10, ""n_estimators"": 802, ""num_leaves"": 8}",0d0b00fe,r24,0.603201814058957,,0.312319236999997,0.0127958900000066,,,,0.830222927581027,0.7279151943462897,0.827354260089686,0.603201814058957,,,,,,,,,,,
lightgbm,rel-f1,driver-dnf,BINARY_CLASSIFICATION,0,30,roc_auc,cpu,False,"{""bagging_fraction"": 0.9711159219238, ""bagging_freq"": 1, ""cat_l2"": 0.0287842816393, ""cat_smooth"": 2.2365712242177, ""extra_trees"": false, ""feature_fraction"": 0.7638852760411, ""lambda_l1"": 0.7155896013433, ""lambda_l2"": 0.3887650116637, ""learning_rate"": 0.0956151137114, ""max_cat_to_onehot"": 23, ""min_data_in_leaf"": 5, ""min_data_per_group"": 8, ""n_estimators"": 132, ""num_leaves"": 117}",311db951,r25,0.6148752834467119,,0.2578210460000036,0.009197162999996,,,,0.8409113592796096,0.6519434628975265,0.7576875768757687,0.6148752834467119,,,,,,,,,,,
lightgbm,rel-f1,driver-dnf,BINARY_CLASSIFICATION,0,30,roc_auc,cpu,False,"{""bagging_fraction"": 0.7751868160582, ""bagging_freq"": 1, ""cat_l2"": 0.7205179793324, ""cat_smooth"": 0.2412048314858, ""extra_trees"": false, ""feature_fraction"": 0.5086905770421, ""lambda_l1"": 0.7774298210926, ""lambda_l2"": 0.7417685131559, ""learning_rate"": 0.006296404929, ""max_cat_to_onehot"": 41, ""min_data_in_leaf"": 17, ""min_data_per_group"": 4, ""n_estimators"": 197, ""num_leaves"": 50}",e3b85f93,r26,0.613641723356009,,0.2211454050000014,0.0092705639999906,,,,0.8427129500358953,0.7791519434628975,0.8758689175769613,0.613641723356009,,,,,,,,,,,
lightgbm,rel-f1,driver-dnf,BINARY_CLASSIFICATION,0,30,roc_auc,cpu,False,"{""bagging_fraction"": 0.9032235488416, ""bagging_freq"": 1, ""cat_l2"": 0.0484438463597, ""cat_smooth"": 0.2752154717585, ""extra_trees"": false, ""feature_fraction"": 0.8731273073839, ""lambda_l1"": 0.2594966220889, ""lambda_l2"": 0.3941888549433, ""learning_rate"": 0.0236586574252, ""max_cat_to_onehot"": 8, ""min_data_in_leaf"": 3, ""min_data_per_group"": 69, ""n_estimators"": 438, ""num_leaves"": 9}",d90cbc4e,r27,0.6122267573696146,,0.3149595420000111,0.0104110709999929,,,,0.8394855337235911,0.6607773851590106,0.7741176470588236,0.6122267573696146,,,,,,,,,,,
lightgbm,rel-f1,driver-dnf,BINARY_CLASSIFICATION,0,30,roc_auc,cpu,False,"{""bagging_fraction"": 0.943127227378, ""bagging_freq"": 1, ""cat_l2"": 0.0089165711882, ""cat_smooth"": 0.196142976357, ""extra_trees"": false, ""feature_fraction"": 0.4341088458599, ""lambda_l1"": 0.3738757566188, ""lambda_l2"": 0.9197657819236, ""learning_rate"": 0.0125354274243, ""max_cat_to_onehot"": 23, ""min_data_in_leaf"": 1, ""min_data_per_group"": 16, ""n_estimators"": 165, ""num_leaves"": 65}",10f688c8,r28,0.6114467120181406,,0.2103625419999986,0.0092257860000017,,,,0.8374220529443224,0.7756183745583038,0.8718466195761857,0.6114467120181406,,,,,,,,,,,
lightgbm,rel-f1,driver-dnf,BINARY_CLASSIFICATION,0,30,roc_auc,cpu,False,"{""bagging_fraction"": 0.8296444149774, ""bagging_freq"": 1, ""cat_l2"": 0.0231985345244, ""cat_smooth"": 0.419723324168, ""extra_trees"": true, ""feature_fraction"": 0.818198345035, ""lambda_l1"": 0.5876408752329, ""lambda_l2"": 0.0893201412781, ""learning_rate"": 0.0282078967013, ""max_cat_to_onehot"": 29, ""min_data_in_leaf"": 5, ""min_data_per_group"": 12, ""n_estimators"": 750, ""num_leaves"": 37}",fb774425,r29,0.6169614512471655,,0.6564295940000022,0.0155929729999968,,,,0.8497105334862911,0.7332155477031802,0.8415529905561385,0.6169614512471655,,,,,,,,,,,
lightgbm,rel-f1,driver-dnf,BINARY_CLASSIFICATION,0,30,roc_auc,cpu,False,"{""bagging_fraction"": 0.8808290128215, ""bagging_freq"": 1, ""cat_l2"": 1.0457234595842, ""cat_smooth"": 0.6921859910209, ""extra_trees"": true, ""feature_fraction"": 0.9220523550151, ""lambda_l1"": 0.7206605914604, ""lambda_l2"": 0.9472534786514, ""learning_rate"": 0.0132034424949, ""max_cat_to_onehot"": 25, ""min_data_in_leaf"": 15, ""min_data_per_group"": 7, ""n_estimators"": 335, ""num_leaves"": 35}",7ae6364f,r3,0.6125714285714287,,0.4024416489999964,0.0176503650000086,,,,0.8390750427717988,0.7438162544169611,0.8497409326424871,0.6125714285714287,,,,,,,,,,,
lightgbm,rel-f1,driver-dnf,BINARY_CLASSIFICATION,0,30,roc_auc,cpu,False,"{""bagging_fraction"": 0.9256403562964, ""bagging_freq"": 1, ""cat_l2"": 0.173468569422, ""cat_smooth"": 0.1622096133057, ""extra_trees"": true, ""feature_fraction"": 0.8672172375647, ""lambda_l1"": 0.2728946202342, ""lambda_l2"": 1.5996117895528, ""learning_rate"": 0.0885567275464, ""max_cat_to_onehot"": 31, ""min_data_in_leaf"": 54, ""min_data_per_group"": 63, ""n_estimators"": 395, ""num_leaves"": 6}",a691dd6f,r30,0.6114829931972788,,0.1759745869999989,0.0099775829999941,,,,0.8530603455765565,0.7279151943462897,0.8288888888888889,0.6114829931972788,,,,,,,,,,,
lightgbm,rel-f1,driver-dnf,BINARY_CLASSIFICATION,0,30,roc_auc,cpu,False,"{""bagging_fraction"": 0.8634649548991, ""bagging_freq"": 1, ""cat_l2"": 1.6087120636028, ""cat_smooth"": 42.4603130176821, ""extra_trees"": false, ""feature_fraction"": 0.6841648271642, ""lambda_l1"": 0.5820615900959, ""lambda_l2"": 0.3727460534192, ""learning_rate"": 0.0078289135266, ""max_cat_to_onehot"": 37, ""min_data_in_leaf"": 2, ""min_data_per_group"": 2, ""n_estimators"": 987, ""num_leaves"": 9}",1d48d1c9,r4,0.6181587301587302,,0.399674785000002,0.0143319950000062,,,,0.8495948704767878,0.7332155477031802,0.8415529905561385,0.6181587301587302,,,,,,,,,,,
lightgbm,rel-f1,driver-dnf,BINARY_CLASSIFICATION,0,30,roc_auc,cpu,False,"{""bagging_fraction"": 0.8270964398017, ""bagging_freq"": 1, ""cat_l2"": 0.0497402357678, ""cat_smooth"": 0.0022655846367, ""extra_trees"": true, ""feature_fraction"": 0.8805464511878, ""lambda_l1"": 0.5374194921261, ""lambda_l2"": 1.4738626624402, ""learning_rate"": 0.009732329389, ""max_cat_to_onehot"": 78, ""min_data_in_leaf"": 4, ""min_data_per_group"": 24, ""n_estimators"": 285, ""num_leaves"": 44}",4f68409e,r5,0.6179138321995465,,0.2595536759999959,0.0097027409999981,,,,0.8396104252475098,0.7756183745583038,0.8718466195761857,0.6179138321995465,,,,,,,,,,,
lightgbm,rel-f1,driver-dnf,BINARY_CLASSIFICATION,0,30,roc_auc,cpu,True,"{""bagging_fraction"": 0.7951605226208, ""bagging_freq"": 1, ""cat_l2"": 0.2087627025057, ""cat_smooth"": 0.0018992120999, ""extra_trees"": true, ""feature_fraction"": 0.5907899076364, ""lambda_l1"": 0.2654629519904, ""lambda_l2"": 0.6372060480074, ""learning_rate"": 0.0086558049456, ""max_cat_to_onehot"": 44, ""min_data_in_leaf"": 11, ""min_data_per_group"": 11, ""n_estimators"": 164, ""num_leaves"": 56}",3c57d7d3,r6,0.6266757369614513,0.7302981505880055,0.1268732220000004,0.010414714999996,0.1351440509999975,0.0089004480000056,,0.8525896532144847,0.7791519434628975,0.8758689175769613,0.6266757369614513,0.8555894874775443,0.7051282051282052,0.8270676691729323,0.7302981505880055,,,,,,,
lightgbm,rel-f1,driver-dnf,BINARY_CLASSIFICATION,0,30,roc_auc,cpu,False,"{""bagging_fraction"": 0.9335036446078, ""bagging_freq"": 1, ""cat_l2"": 0.2830562687557, ""cat_smooth"": 0.1802171314263, ""extra_trees"": true, ""feature_fraction"": 0.6485577967088, ""lambda_l1"": 0.5232957286614, ""lambda_l2"": 1.3348540188894, ""learning_rate"": 0.0289761662926, ""max_cat_to_onehot"": 15, ""min_data_in_leaf"": 11, ""min_data_per_group"": 55, ""n_estimators"": 701, ""num_leaves"": 20}",134c98bb,r7,0.6186122448979592,,0.3595101460000052,0.0135732899999965,,,,0.8488079654546654,0.7296819787985865,0.8301886792452831,0.6186122448979592,,,,,,,,,,,
lightgbm,rel-f1,driver-dnf,BINARY_CLASSIFICATION,0,30,roc_auc,cpu,False,"{""bagging_fraction"": 0.9848713160352, ""bagging_freq"": 1, ""cat_l2"": 1.6905546285477, ""cat_smooth"": 0.001258746648, ""extra_trees"": true, ""feature_fraction"": 0.4384884978093, ""lambda_l1"": 0.0940311167074, ""lambda_l2"": 0.2636825450225, ""learning_rate"": 0.0053104402291, ""max_cat_to_onehot"": 51, ""min_data_in_leaf"": 10, ""min_data_per_group"": 31, ""n_estimators"": 285, ""num_leaves"": 164}",42517afb,r8,0.6128072562358277,,0.1268574350000051,0.0091095060000014,,,,0.8425120778219573,0.7791519434628975,0.8758689175769613,0.6128072562358277,,,,,,,,,,,
lightgbm,rel-f1,driver-dnf,BINARY_CLASSIFICATION,0,30,roc_auc,cpu,False,"{""bagging_fraction"": 0.898758060085, ""bagging_freq"": 1, ""cat_l2"": 0.964011246959, ""cat_smooth"": 0.1616421454928, ""extra_trees"": false, ""feature_fraction"": 0.815483271622, ""lambda_l1"": 0.5759889009066, ""lambda_l2"": 1.4326827755167, ""learning_rate"": 0.0599026240177, ""max_cat_to_onehot"": 91, ""min_data_in_leaf"": 2, ""min_data_per_group"": 6, ""n_estimators"": 702, ""num_leaves"": 39}",b7f5d391,r9,0.6213424036281179,,0.7423688869999978,0.0147062440000098,,,,0.835953445315012,0.6643109540636042,0.7688564476885644,0.6213424036281179,,,,,,,,,,,
lightgbm,rel-f1,driver-position,REGRESSION,0,30,mae,cpu,False,{},bf21a9e8,default,3.9839355119508135,3.845641155301299,1.240026084999997,0.0087902749999955,0.097436323999986,0.0081789610000129,,,,,,,,,,-0.1870353241508178,3.9839355119508135,5.051055158687695,0.1850917858794222,3.845641155301299,4.703533088405591,
lightgbm,rel-f1,driver-position,REGRESSION,0,30,mae,cpu,False,"{""bagging_fraction"": 0.8646440511782, ""bagging_freq"": 1, ""cat_l2"": 0.2396763788772, ""cat_smooth"": 9.0912832806515, ""extra_trees"": true, ""feature_fraction"": 0.9742930953718, ""lambda_l1"": 0.5205254318032, ""lambda_l2"": 1.5172553870823, ""learning_rate"": 0.0095655183906, ""max_cat_to_onehot"": 21, ""min_data_in_leaf"": 1, ""min_data_per_group"": 38, ""n_estimators"": 885, ""num_leaves"": 13}",9ddece77,r1,3.747027003864772,,0.4552962000000065,0.0148282289999883,,,,,,,,,,,,-0.0102752019583489,3.747027003864772,4.659830676928703,,,,
lightgbm,rel-f1,driver-position,REGRESSION,0,30,mae,cpu,False,"{""bagging_fraction"": 0.7040714906836, ""bagging_freq"": 1, ""cat_l2"": 0.1059359109832, ""cat_smooth"": 79.0557829290776, ""extra_trees"": true, ""feature_fraction"": 0.7399608725239, ""lambda_l1"": 0.9293032679565, ""lambda_l2"": 0.5788832452851, ""learning_rate"": 0.0050708289337, ""max_cat_to_onehot"": 15, ""min_data_in_leaf"": 53, ""min_data_per_group"": 48, ""n_estimators"": 398, ""num_leaves"": 14}",85d4ebc9,r10,3.8248654665368114,,0.1443313120000056,0.0096737709999956,,,,,,,,,,,,0.0098042675303715,3.8248654665368114,4.613290624009028,,,,
lightgbm,rel-f1,driver-position,REGRESSION,0,30,mae,cpu,False,"{""bagging_fraction"": 0.8819179642384, ""bagging_freq"": 1, ""cat_l2"": 0.2028071332361, ""cat_smooth"": 0.9002514016925, ""extra_trees"": true, ""feature_fraction"": 0.9904253448185, ""lambda_l1"": 0.3523764300344, ""lambda_l2"": 1.0166800656129, ""learning_rate"": 0.0076046378471, ""max_cat_to_onehot"": 9, ""min_data_in_leaf"": 51, ""min_data_per_group"": 4, ""n_estimators"": 309, ""num_leaves"": 50}",eb5d77d2,r11,3.754878056262719,,0.2805359799999962,0.010767911000002,,,,,,,,,,,,-0.0158089887908923,3.754878056262719,4.6725753699299695,,,,
lightgbm,rel-f1,driver-position,REGRESSION,0,30,mae,cpu,False,"{""bagging_fraction"": 0.7057579594928, ""bagging_freq"": 1, ""cat_l2"": 0.0652607238611, ""cat_smooth"": 0.7440913299852, ""extra_trees"": true, ""feature_fraction"": 0.5562045565524, ""lambda_l1"": 0.4693022490728, ""lambda_l2"": 0.3337783413457, ""learning_rate"": 0.005523232486, ""max_cat_to_onehot"": 20, ""min_data_in_leaf"": 22, ""min_data_per_group"": 3, ""n_estimators"": 298, ""num_leaves"": 194}",97b0d170,r12,3.770534225346552,,0.3003244780000074,0.0107443109999962,,,,,,,,,,,,-0.0328844389757061,3.770534225346552,4.711684012164303,,,,
lightgbm,rel-f1,driver-position,REGRESSION,0,30,mae,cpu,False,"{""bagging_fraction"": 0.7904724450024, ""bagging_freq"": 1, ""cat_l2"": 0.0112585288934, ""cat_smooth"": 1.8450328342775, ""extra_trees"": false, ""feature_fraction"": 0.7222135128255, ""lambda_l1"": 0.8411560157726, ""lambda_l2"": 1.5581241341161, ""learning_rate"": 0.0949138303247, ""max_cat_to_onehot"": 8, ""min_data_in_leaf"": 4, ""min_data_per_group"": 12, ""n_estimators"": 523, ""num_leaves"": 6}",b0f88568,r13,3.7656911716272896,,0.2597667400000034,0.009764847999989,,,,,,,,,,,,-0.0475577635858197,3.7656911716272896,4.745033463255249,,,,
lightgbm,rel-f1,driver-position,REGRESSION,0,30,mae,cpu,False,"{""bagging_fraction"": 0.8980520612478, ""bagging_freq"": 1, ""cat_l2"": 0.0298619738506, ""cat_smooth"": 1.8218656600978, ""extra_trees"": false, ""feature_fraction"": 0.6687557031224, ""lambda_l1"": 0.9046572794351, ""lambda_l2"": 1.7298800978754, ""learning_rate"": 0.0152979229147, ""max_cat_to_onehot"": 14, ""min_data_in_leaf"": 7, ""min_data_per_group"": 61, ""n_estimators"": 223, ""num_leaves"": 45}",c9bdab03,r14,3.768524874960452,,0.3175003889999885,0.0102942910000081,,,,,,,,,,,,-0.0314061047065423,3.768524874960452,4.708310963923432,,,,
lightgbm,rel-f1,driver-position,REGRESSION,0,30,mae,cpu,False,"{""bagging_fraction"": 0.7870232821631, ""bagging_freq"": 1, ""cat_l2"": 0.1520732736224, ""cat_smooth"": 0.143579414226, ""extra_trees"": false, ""feature_fraction"": 0.4597414534665, ""lambda_l1"": 0.0376556278898, ""lambda_l2"": 0.8228523078385, ""learning_rate"": 0.0175995134195, ""max_cat_to_onehot"": 55, ""min_data_in_leaf"": 4, ""min_data_per_group"": 81, ""n_estimators"": 58, ""num_leaves"": 107}",5c4e94f9,r15,3.712320645008461,,0.1163571550000028,0.008586913000002,,,,,,,,,,,,0.0225771211426455,3.712320645008461,4.583439887333769,,,,
lightgbm,rel-f1,driver-position,REGRESSION,0,30,mae,cpu,False,"{""bagging_fraction"": 0.9252532736885, ""bagging_freq"": 1, ""cat_l2"": 0.0185425303217, ""cat_smooth"": 0.0026697944708, ""extra_trees"": true, ""feature_fraction"": 0.4403497788779, ""lambda_l1"": 0.990339913502, ""lambda_l2"": 1.5167814698069, ""learning_rate"": 0.032907451476, ""max_cat_to_onehot"": 89, ""min_data_in_leaf"": 2, ""min_data_per_group"": 10, ""n_estimators"": 665, ""num_leaves"": 12}",66abad1a,r16,3.698607730374255,,0.2525644839999899,0.0109025649999949,,,,,,,,,,,,0.0319688056086708,3.698607730374255,4.561366470801124,,,,
lightgbm,rel-f1,driver-position,REGRESSION,0,30,mae,cpu,False,"{""bagging_fraction"": 0.9893469303368, ""bagging_freq"": 1, ""cat_l2"": 0.1517170923124, ""cat_smooth"": 0.0019146599966, ""extra_trees"": true, ""feature_fraction"": 0.8076356640991, ""lambda_l1"": 0.2169752947, ""lambda_l2"": 0.6401022999299, ""learning_rate"": 0.0682833284969, ""max_cat_to_onehot"": 45, ""min_data_in_leaf"": 2, ""min_data_per_group"": 8, ""n_estimators"": 71, ""num_leaves"": 27}",e3bf995d,r17,3.721701795743765,,0.0690376940000021,0.0085667689999979,,,,,,,,,,,,-0.0112398529983717,3.721701795743765,4.66205484217814,,,,
lightgbm,rel-f1,driver-position,REGRESSION,0,30,mae,cpu,False,"{""bagging_fraction"": 0.8662727305253, ""bagging_freq"": 1, ""cat_l2"": 0.0750558998512, ""cat_smooth"": 0.2749087238468, ""extra_trees"": true, ""feature_fraction"": 0.6722181067336, ""lambda_l1"": 0.6631118952798, ""lambda_l2"": 0.7669894419544, ""learning_rate"": 0.011346355764, ""max_cat_to_onehot"": 13, ""min_data_in_leaf"": 8, ""min_data_per_group"": 12, ""n_estimators"": 235, ""num_leaves"": 4}",d16f6217,r18,3.816814280212362,,0.0992162049999905,0.008800266999998,,,,,,,,,,,,-0.0262654093273793,3.816814280212362,4.696562814064856,,,,
lightgbm,rel-f1,driver-position,REGRESSION,0,30,mae,cpu,False,"{""bagging_fraction"": 0.7637171496671, ""bagging_freq"": 1, ""cat_l2"": 1.6733394870119, ""cat_smooth"": 25.4110617183616, ""extra_trees"": true, ""feature_fraction"": 0.7219475266652, ""lambda_l1"": 0.2633960444995, ""lambda_l2"": 1.1766753953959, ""learning_rate"": 0.0546075727721, ""max_cat_to_onehot"": 88, ""min_data_in_leaf"": 1, ""min_data_per_group"": 5, ""n_estimators"": 74, ""num_leaves"": 3}",3c940a82,r19,4.359464625681567,,0.0325807239999988,0.008059094999993,,,,,,,,,,,,-0.4467130595830801,4.359464625681567,5.576240425670177,,,,
lightgbm,rel-f1,driver-position,REGRESSION,0,30,mae,cpu,False,"{""bagging_fraction"": 0.9145568099117, ""bagging_freq"": 1, ""cat_l2"": 0.0688015432043, ""cat_smooth"": 0.4410365667971, ""extra_trees"": false, ""feature_fraction"": 0.4842104682476, ""lambda_l1"": 0.6789116421659, ""lambda_l2"": 0.2119046236149, ""learning_rate"": 0.007497093098, ""max_cat_to_onehot"": 78, ""min_data_in_leaf"": 57, ""min_data_per_group"": 21, ""n_estimators"": 353, ""num_leaves"": 17}",a3464b9d,r2,3.7738531853355264,,0.269415242000008,0.0095539269999989,,,,,,,,,,,,-0.0514463029172349,3.7738531853355264,4.7538320989090455,,,,
lightgbm,rel-f1,driver-position,REGRESSION,0,30,mae,cpu,False,"{""bagging_fraction"": 0.766732967316, ""bagging_freq"": 1, ""cat_l2"": 0.2949769749976, ""cat_smooth"": 76.211749790676, ""extra_trees"": false, ""feature_fraction"": 0.9380027758242, ""lambda_l1"": 0.0207489343658, ""lambda_l2"": 1.6621138056269, ""learning_rate"": 0.0087194268009, ""max_cat_to_onehot"": 51, ""min_data_in_leaf"": 2, ""min_data_per_group"": 20, ""n_estimators"": 428, ""num_leaves"": 19}",8d3659ac,r20,3.846344691113044,,0.2339384659999979,0.0107980120000092,,,,,,,,,,,,0.0214688406112426,3.846344691113044,4.586037687204307,,,,
lightgbm,rel-f1,driver-position,REGRESSION,0,30,mae,cpu,False,"{""bagging_fraction"": 0.806683821355, ""bagging_freq"": 1, ""cat_l2"": 0.0082421437739, ""cat_smooth"": 0.0160008811562, ""extra_trees"": false, ""feature_fraction"": 0.5089787202952, ""lambda_l1"": 0.2184810145264, ""lambda_l2"": 0.9723705046664, ""learning_rate"": 0.0507096180332, ""max_cat_to_onehot"": 54, ""min_data_in_leaf"": 3, ""min_data_per_group"": 18, ""n_estimators"": 165, ""num_leaves"": 161}",a6d8d71e,r21,3.8075637802811926,,0.4174592649999908,0.0100477699999999,,,,,,,,,,,,-0.0463285279680971,3.8075637802811926,4.742248663966479,,,,
lightgbm,rel-f1,driver-position,REGRESSION,0,30,mae,cpu,False,"{""bagging_fraction"": 0.9821295835758, ""bagging_freq"": 1, ""cat_l2"": 0.1367124095637, ""cat_smooth"": 0.0031729973642, ""extra_trees"": true, ""feature_fraction"": 0.7074360779775, ""lambda_l1"": 0.4552232983118, ""lambda_l2"": 1.417125445225, ""learning_rate"": 0.0925784167972, ""max_cat_to_onehot"": 8, ""min_data_in_leaf"": 5, ""min_data_per_group"": 7, ""n_estimators"": 123, ""num_leaves"": 2}",38aedfa8,r22,3.77901526392734,,0.0555596680000007,0.0073664669999971,,,,,,,,,,,,0.0115306686449982,3.77901526392734,4.609267245442632,,,,
lightgbm,rel-f1,driver-position,REGRESSION,0,30,mae,cpu,False,"{""bagging_fraction"": 0.9295975761421, ""bagging_freq"": 1, ""cat_l2"": 0.1658867884192, ""cat_smooth"": 0.0012082259188, ""extra_trees"": false, ""feature_fraction"": 0.7482682823129, ""lambda_l1"": 0.8788818548033, ""lambda_l2"": 0.9963306369924, ""learning_rate"": 0.0662004421712, ""max_cat_to_onehot"": 15, ""min_data_in_leaf"": 1, ""min_data_per_group"": 44, ""n_estimators"": 510, ""num_leaves"": 23}",3e9b950f,r23,3.866114572809497,,0.5090682669999893,0.0128113749999982,,,,,,,,,,,,-0.1044578513442089,3.866114572809497,4.872197258293525,,,,
lightgbm,rel-f1,driver-position,REGRESSION,0,30,mae,cpu,False,"{""bagging_fraction"": 0.9245990859552, ""bagging_freq"": 1, ""cat_l2"": 1.592158021275, ""cat_smooth"": 44.4269586841343, ""extra_trees"": false, ""feature_fraction"": 0.872525293573, ""lambda_l1"": 0.492319014681, ""lambda_l2"": 1.6891157039359, ""learning_rate"": 0.0517998481756, ""max_cat_to_onehot"": 22, ""min_data_in_leaf"": 59, ""min_data_per_group"": 10, ""n_estimators"": 802, ""num_leaves"": 8}",0d0b00fe,r24,3.989447348442467,,0.2722724700000043,0.0116928199999932,,,,,,,,,,,,-0.0661099822905415,3.989447348442467,4.7868662666488415,,,,
lightgbm,rel-f1,driver-position,REGRESSION,0,30,mae,cpu,False,"{""bagging_fraction"": 0.9711159219238, ""bagging_freq"": 1, ""cat_l2"": 0.0287842816393, ""cat_smooth"": 2.2365712242177, ""extra_trees"": false, ""feature_fraction"": 0.7638852760411, ""lambda_l1"": 0.7155896013433, ""lambda_l2"": 0.3887650116637, ""learning_rate"": 0.0956151137114, ""max_cat_to_onehot"": 23, ""min_data_in_leaf"": 5, ""min_data_per_group"": 8, ""n_estimators"": 132, ""num_leaves"": 117}",311db951,r25,3.919651115508099,,0.3141129370000044,0.0098644910000018,,,,,,,,,,,,-0.1285910794700278,3.919651115508099,4.925140183232559,,,,
lightgbm,rel-f1,driver-position,REGRESSION,0,30,mae,cpu,False,"{""bagging_fraction"": 0.7751868160582, ""bagging_freq"": 1, ""cat_l2"": 0.7205179793324, ""cat_smooth"": 0.2412048314858, ""extra_trees"": false, ""feature_fraction"": 0.5086905770421, ""lambda_l1"": 0.7774298210926, ""lambda_l2"": 0.7417685131559, ""learning_rate"": 0.006296404929, ""max_cat_to_onehot"": 41, ""min_data_in_leaf"": 17, ""min_data_per_group"": 4, ""n_estimators"": 197, ""num_leaves"": 50}",e3b85f93,r26,3.724342112055144,,0.2655821090000074,0.0098986859999996,,,,,,,,,,,,-0.0065056922156019,3.724342112055144,4.651129239684243,,,,
lightgbm,rel-f1,driver-position,REGRESSION,0,30,mae,cpu,False,"{""bagging_fraction"": 0.9032235488416, ""bagging_freq"": 1, ""cat_l2"": 0.0484438463597, ""cat_smooth"": 0.2752154717585, ""extra_trees"": false, ""feature_fraction"": 0.8731273073839, ""lambda_l1"": 0.2594966220889, ""lambda_l2"": 0.3941888549433, ""learning_rate"": 0.0236586574252, ""max_cat_to_onehot"": 8, ""min_data_in_leaf"": 3, ""min_data_per_group"": 69, ""n_estimators"": 438, ""num_leaves"": 9}",d90cbc4e,r27,3.7045319978508737,,0.3064731030000018,0.0102207720000109,,,,,,,,,,,,0.0152244293426893,3.7045319978508737,4.600647116874807,,,,
lightgbm,rel-f1,driver-position,REGRESSION,0,30,mae,cpu,False,"{""bagging_fraction"": 0.943127227378, ""bagging_freq"": 1, ""cat_l2"": 0.0089165711882, ""cat_smooth"": 0.196142976357, ""extra_trees"": false, ""feature_fraction"": 0.4341088458599, ""lambda_l1"": 0.3738757566188, ""lambda_l2"": 0.9197657819236, ""learning_rate"": 0.0125354274243, ""max_cat_to_onehot"": 23, ""min_data_in_leaf"": 1, ""min_data_per_group"": 16, ""n_estimators"": 165, ""num_leaves"": 65}",10f688c8,r28,3.716155113189535,,0.2508467019999898,0.0097273200000103,,,,,,,,,,,,-0.0020128087634003,3.716155113189535,4.640736673520455,,,,
lightgbm,rel-f1,driver-position,REGRESSION,0,30,mae,cpu,True,"{""bagging_fraction"": 0.8296444149774, ""bagging_freq"": 1, ""cat_l2"": 0.0231985345244, ""cat_smooth"": 0.419723324168, ""extra_trees"": true, ""feature_fraction"": 0.818198345035, ""lambda_l1"": 0.5876408752329, ""lambda_l2"": 0.0893201412781, ""learning_rate"": 0.0282078967013, ""max_cat_to_onehot"": 29, ""min_data_in_leaf"": 5, ""min_data_per_group"": 12, ""n_estimators"": 750, ""num_leaves"": 37}",fb774425,r29,3.632045817754262,4.105829011280734,0.483906441000002,0.0150797139999951,0.5357767790000025,0.0198064910000113,,,,,,,,,,0.0655880830703516,3.632045817754262,4.481459478746175,0.0819387113677695,4.105829011280734,4.992357684100748,
lightgbm,rel-f1,driver-position,REGRESSION,0,30,mae,cpu,False,"{""bagging_fraction"": 0.8808290128215, ""bagging_freq"": 1, ""cat_l2"": 1.0457234595842, ""cat_smooth"": 0.6921859910209, ""extra_trees"": true, ""feature_fraction"": 0.9220523550151, ""lambda_l1"": 0.7206605914604, ""lambda_l2"": 0.9472534786514, ""learning_rate"": 0.0132034424949, ""max_cat_to_onehot"": 25, ""min_data_in_leaf"": 15, ""min_data_per_group"": 7, ""n_estimators"": 335, ""num_leaves"": 35}",7ae6364f,r3,3.736382343648928,,0.2887947419999932,0.010690021000002,,,,,,,,,,,,-0.0164037727372778,3.736382343648928,4.673943130083507,,,,
lightgbm,rel-f1,driver-position,REGRESSION,0,30,mae,cpu,False,"{""bagging_fraction"": 0.9256403562964, ""bagging_freq"": 1, ""cat_l2"": 0.173468569422, ""cat_smooth"": 0.1622096133057, ""extra_trees"": true, ""feature_fraction"": 0.8672172375647, ""lambda_l1"": 0.2728946202342, ""lambda_l2"": 1.5996117895528, ""learning_rate"": 0.0885567275464, ""max_cat_to_onehot"": 31, ""min_data_in_leaf"": 54, ""min_data_per_group"": 63, ""n_estimators"": 395, ""num_leaves"": 6}",a691dd6f,r30,3.6741857277002175,,0.1382571399999932,0.0087479289999947,,,,,,,,,,,,0.0832179142329031,3.6741857277002175,4.438981641023247,,,,
lightgbm,rel-f1,driver-position,REGRESSION,0,30,mae,cpu,False,"{""bagging_fraction"": 0.8634649548991, ""bagging_freq"": 1, ""cat_l2"": 1.6087120636028, ""cat_smooth"": 42.4603130176821, ""extra_trees"": false, ""feature_fraction"": 0.6841648271642, ""lambda_l1"": 0.5820615900959, ""lambda_l2"": 0.3727460534192, ""learning_rate"": 0.0078289135266, ""max_cat_to_onehot"": 37, ""min_data_in_leaf"": 2, ""min_data_per_group"": 2, ""n_estimators"": 987, ""num_leaves"": 9}",1d48d1c9,r4,3.935124916278715,,0.3459723020000069,0.0122617200000121,,,,,,,,,,,,-0.0293838637559415,3.935124916278715,4.703692991034832,,,,
lightgbm,rel-f1,driver-position,REGRESSION,0,30,mae,cpu,False,"{""bagging_fraction"": 0.8270964398017, ""bagging_freq"": 1, ""cat_l2"": 0.0497402357678, ""cat_smooth"": 0.0022655846367, ""extra_trees"": true, ""feature_fraction"": 0.8805464511878, ""lambda_l1"": 0.5374194921261, ""lambda_l2"": 1.4738626624402, ""learning_rate"": 0.009732329389, ""max_cat_to_onehot"": 78, ""min_data_in_leaf"": 4, ""min_data_per_group"": 24, ""n_estimators"": 285, ""num_leaves"": 44}",4f68409e,r5,3.736319724277674,,0.1436013510000009,0.0087777410000029,,,,,,,,,,,,0.0348558988718495,3.736319724277674,4.554559394668416,,,,
lightgbm,rel-f1,driver-position,REGRESSION,0,30,mae,cpu,False,"{""bagging_fraction"": 0.7951605226208, ""bagging_freq"": 1, ""cat_l2"": 0.2087627025057, ""cat_smooth"": 0.0018992120999, ""extra_trees"": true, ""feature_fraction"": 0.5907899076364, ""lambda_l1"": 0.2654629519904, ""lambda_l2"": 0.6372060480074, ""learning_rate"": 0.0086558049456, ""max_cat_to_onehot"": 44, ""min_data_in_leaf"": 11, ""min_data_per_group"": 11, ""n_estimators"": 164, ""num_leaves"": 56}",3c57d7d3,r6,3.831732163730345,,0.094746391000001,0.0079252539999998,,,,,,,,,,,,-0.0387902153307362,3.831732163730345,4.725134931036623,,,,
lightgbm,rel-f1,driver-position,REGRESSION,0,30,mae,cpu,False,"{""bagging_fraction"": 0.9335036446078, ""bagging_freq"": 1, ""cat_l2"": 0.2830562687557, ""cat_smooth"": 0.1802171314263, ""extra_trees"": true, ""feature_fraction"": 0.6485577967088, ""lambda_l1"": 0.5232957286614, ""lambda_l2"": 1.3348540188894, ""learning_rate"": 0.0289761662926, ""max_cat_to_onehot"": 15, ""min_data_in_leaf"": 11, ""min_data_per_group"": 55, ""n_estimators"": 701, ""num_leaves"": 20}",134c98bb,r7,3.701781654693237,,0.2873994640000035,0.011352293999991,,,,,,,,,,,,0.0684641644121043,3.701781654693237,4.474557289767817,,,,
lightgbm,rel-f1,driver-position,REGRESSION,0,30,mae,cpu,False,"{""bagging_fraction"": 0.9848713160352, ""bagging_freq"": 1, ""cat_l2"": 1.6905546285477, ""cat_smooth"": 0.001258746648, ""extra_trees"": true, ""feature_fraction"": 0.4384884978093, ""lambda_l1"": 0.0940311167074, ""lambda_l2"": 0.2636825450225, ""learning_rate"": 0.0053104402291, ""max_cat_to_onehot"": 51, ""min_data_in_leaf"": 10, ""min_data_per_group"": 31, ""n_estimators"": 285, ""num_leaves"": 164}",42517afb,r8,3.891986158133232,,0.1099432970000009,0.008322624999991,,,,,,,,,,,,-0.0674645571403911,3.891986158133232,4.789906342443357,,,,
lightgbm,rel-f1,driver-position,REGRESSION,0,30,mae,cpu,False,"{""bagging_fraction"": 0.898758060085, ""bagging_freq"": 1, ""cat_l2"": 0.964011246959, ""cat_smooth"": 0.1616421454928, ""extra_trees"": false, ""feature_fraction"": 0.815483271622, ""lambda_l1"": 0.5759889009066, ""lambda_l2"": 1.4326827755167, ""learning_rate"": 0.0599026240177, ""max_cat_to_onehot"": 91, ""min_data_in_leaf"": 2, ""min_data_per_group"": 6, ""n_estimators"": 702, ""num_leaves"": 39}",b7f5d391,r9,3.862466149535962,,0.935775049,0.0182424780000047,,,,,,,,,,,,-0.0923065066493558,3.862466149535962,4.8453209535612185,,,,
lightgbm,rel-f1,driver-top3,BINARY_CLASSIFICATION,0,30,roc_auc,cpu,False,{},bf21a9e8,default,0.632061779935855,0.6562238712374582,0.4464434019999999,0.0084512629999977,0.0471999780000089,0.0072924410000041,,0.3334552928355986,0.7091836734693877,0.3241106719367589,0.632061779935855,0.3816039328204091,0.7355371900826446,0.2781954887218045,0.6562238712374582,,,,,,,
lightgbm,rel-f1,driver-top3,BINARY_CLASSIFICATION,0,30,roc_auc,cpu,False,"{""bagging_fraction"": 0.8646440511782, ""bagging_freq"": 1, ""cat_l2"": 0.2396763788772, ""cat_smooth"": 9.0912832806515, ""extra_trees"": true, ""feature_fraction"": 0.9742930953718, ""lambda_l1"": 0.5205254318032, ""lambda_l2"": 1.5172553870823, ""learning_rate"": 0.0095655183906, ""max_cat_to_onehot"": 21, ""min_data_in_leaf"": 1, ""min_data_per_group"": 38, ""n_estimators"": 885, ""num_leaves"": 13}",9ddece77,r1,0.6737112755549981,,0.1598617650000022,0.013791341000001,,,,0.3386031387327215,0.7585034013605442,0.1839080459770115,0.6737112755549981,,,,,,,,,,,
lightgbm,rel-f1,driver-top3,BINARY_CLASSIFICATION,0,30,roc_auc,cpu,False,"{""bagging_fraction"": 0.7040714906836, ""bagging_freq"": 1, ""cat_l2"": 0.1059359109832, ""cat_smooth"": 79.0557829290776, ""extra_trees"": true, ""feature_fraction"": 0.7399608725239, ""lambda_l1"": 0.9293032679565, ""lambda_l2"": 0.5788832452851, ""learning_rate"": 0.0050708289337, ""max_cat_to_onehot"": 15, ""min_data_in_leaf"": 53, ""min_data_per_group"": 48, ""n_estimators"": 398, ""num_leaves"": 14}",85d4ebc9,r10,0.4214850119152138,,0.0502448839999942,0.0084443850000042,,,,0.2330590245085757,0.8078231292517006,0.1629629629629629,0.4214850119152138,,,,,,,,,,,
lightgbm,rel-f1,driver-top3,BINARY_CLASSIFICATION,0,30,roc_auc,cpu,False,"{""bagging_fraction"": 0.8819179642384, ""bagging_freq"": 1, ""cat_l2"": 0.2028071332361, ""cat_smooth"": 0.9002514016925, ""extra_trees"": true, ""feature_fraction"": 0.9904253448185, ""lambda_l1"": 0.3523764300344, ""lambda_l2"": 1.0166800656129, ""learning_rate"": 0.0076046378471, ""max_cat_to_onehot"": 9, ""min_data_in_leaf"": 51, ""min_data_per_group"": 4, ""n_estimators"": 309, ""num_leaves"": 50}",eb5d77d2,r11,0.6013689057712637,,0.053964606000008,0.008031521999996,,,,0.3191033339218798,0.79421768707483,0.1768707482993197,0.6013689057712637,,,,,,,,,,,
lightgbm,rel-f1,driver-top3,BINARY_CLASSIFICATION,0,30,roc_auc,cpu,False,"{""bagging_fraction"": 0.7057579594928, ""bagging_freq"": 1, ""cat_l2"": 0.0652607238611, ""cat_smooth"": 0.7440913299852, ""extra_trees"": true, ""feature_fraction"": 0.5562045565524, ""lambda_l1"": 0.4693022490728, ""lambda_l2"": 0.3337783413457, ""learning_rate"": 0.005523232486, ""max_cat_to_onehot"": 20, ""min_data_in_leaf"": 22, ""min_data_per_group"": 3, ""n_estimators"": 298, ""num_leaves"": 194}",97b0d170,r12,0.6003296841124509,,0.0619585330000092,0.0083271390000021,,,,0.3187920687899978,0.79421768707483,0.1768707482993197,0.6003296841124509,,,,,,,,,,,
lightgbm,rel-f1,driver-top3,BINARY_CLASSIFICATION,0,30,roc_auc,cpu,False,"{""bagging_fraction"": 0.7904724450024, ""bagging_freq"": 1, ""cat_l2"": 0.0112585288934, ""cat_smooth"": 1.8450328342775, ""extra_trees"": false, ""feature_fraction"": 0.7222135128255, ""lambda_l1"": 0.8411560157726, ""lambda_l2"": 1.5581241341161, ""learning_rate"": 0.0949138303247, ""max_cat_to_onehot"": 8, ""min_data_in_leaf"": 4, ""min_data_per_group"": 12, ""n_estimators"": 523, ""num_leaves"": 6}",b0f88568,r13,0.659430936553726,,0.0693632920000055,0.0089632979999976,,,,0.3470898020112291,0.7193877551020408,0.3478260869565217,0.659430936553726,,,,,,,,,,,
lightgbm,rel-f1,driver-top3,BINARY_CLASSIFICATION,0,30,roc_auc,cpu,False,"{""bagging_fraction"": 0.8980520612478, ""bagging_freq"": 1, ""cat_l2"": 0.0298619738506, ""cat_smooth"": 1.8218656600978, ""extra_trees"": false, ""feature_fraction"": 0.6687557031224, ""lambda_l1"": 0.9046572794351, ""lambda_l2"": 1.7298800978754, ""learning_rate"": 0.0152979229147, ""max_cat_to_onehot"": 14, ""min_data_in_leaf"": 7, ""min_data_per_group"": 61, ""n_estimators"": 223, ""num_leaves"": 45}",c9bdab03,r14,0.6510006987869775,,0.0639955679999957,0.0078693640000011,,,,0.3585681089705284,0.7585034013605442,0.1839080459770115,0.6510006987869775,,,,,,,,,,,
lightgbm,rel-f1,driver-top3,BINARY_CLASSIFICATION,0,30,roc_auc,cpu,False,"{""bagging_fraction"": 0.7870232821631, ""bagging_freq"": 1, ""cat_l2"": 0.1520732736224, ""cat_smooth"": 0.143579414226, ""extra_trees"": false, ""feature_fraction"": 0.4597414534665, ""lambda_l1"": 0.0376556278898, ""lambda_l2"": 0.8228523078385, ""learning_rate"": 0.0175995134195, ""max_cat_to_onehot"": 55, ""min_data_in_leaf"": 4, ""min_data_per_group"": 81, ""n_estimators"": 58, ""num_leaves"": 107}",5c4e94f9,r15,0.6003655193420652,,0.0282723189999956,0.0071731239999905,,,,0.3416448492233851,0.79421768707483,0.1768707482993197,0.6003655193420652,,,,,,,,,,,
lightgbm,rel-f1,driver-top3,BINARY_CLASSIFICATION,0,30,roc_auc,cpu,False,"{""bagging_fraction"": 0.9252532736885, ""bagging_freq"": 1, ""cat_l2"": 0.0185425303217, ""cat_smooth"": 0.0026697944708, ""extra_trees"": true, ""feature_fraction"": 0.4403497788779, ""lambda_l1"": 0.990339913502, ""lambda_l2"": 1.5167814698069, ""learning_rate"": 0.032907451476, ""max_cat_to_onehot"": 89, ""min_data_in_leaf"": 2, ""min_data_per_group"": 10, ""n_estimators"": 665, ""num_leaves"": 12}",66abad1a,r16,0.5253175897224561,,0.0662770530000074,0.010162815000001,,,,0.2777770327921027,0.79421768707483,0.1768707482993197,0.5253175897224561,,,,,,,,,,,
lightgbm,rel-f1,driver-top3,BINARY_CLASSIFICATION,0,30,roc_auc,cpu,False,"{""bagging_fraction"": 0.9893469303368, ""bagging_freq"": 1, ""cat_l2"": 0.1517170923124, ""cat_smooth"": 0.0019146599966, ""extra_trees"": true, ""feature_fraction"": 0.8076356640991, ""lambda_l1"": 0.2169752947, ""lambda_l2"": 0.6401022999299, ""learning_rate"": 0.0682833284969, ""max_cat_to_onehot"": 45, ""min_data_in_leaf"": 2, ""min_data_per_group"": 8, ""n_estimators"": 71, ""num_leaves"": 27}",e3bf995d,r17,0.603187543674186,,0.0231442509999908,0.0071421709999981,,,,0.3157578648106937,0.7585034013605442,0.1839080459770115,0.603187543674186,,,,,,,,,,,
lightgbm,rel-f1,driver-top3,BINARY_CLASSIFICATION,0,30,roc_auc,cpu,False,"{""bagging_fraction"": 0.8662727305253, ""bagging_freq"": 1, ""cat_l2"": 0.0750558998512, ""cat_smooth"": 0.2749087238468, ""extra_trees"": true, ""feature_fraction"": 0.6722181067336, ""lambda_l1"": 0.6631118952798, ""lambda_l2"": 0.7669894419544, ""learning_rate"": 0.011346355764, ""max_cat_to_onehot"": 13, ""min_data_in_leaf"": 8, ""min_data_per_group"": 12, ""n_estimators"": 235, ""num_leaves"": 4}",d16f6217,r18,0.602784397341026,,0.0324636520000041,0.0076809569999909,,,,0.3199645953090785,0.79421768707483,0.1768707482993197,0.602784397341026,,,,,,,,,,,
lightgbm,rel-f1,driver-top3,BINARY_CLASSIFICATION,0,30,roc_auc,cpu,False,"{""bagging_fraction"": 0.7637171496671, ""bagging_freq"": 1, ""cat_l2"": 1.6733394870119, ""cat_smooth"": 25.4110617183616, ""extra_trees"": true, ""feature_fraction"": 0.7219475266652, ""lambda_l1"": 0.2633960444995, ""lambda_l2"": 1.1766753953959, ""learning_rate"": 0.0546075727721, ""max_cat_to_onehot"": 88, ""min_data_in_leaf"": 1, ""min_data_per_group"": 5, ""n_estimators"": 74, ""num_leaves"": 3}",3c940a82,r19,0.4675959936213291,,0.0145469760000054,0.0070885049999986,,,,0.2470674343473028,0.8078231292517006,0.1629629629629629,0.4675959936213291,,,,,,,,,,,
lightgbm,rel-f1,driver-top3,BINARY_CLASSIFICATION,0,30,roc_auc,cpu,False,"{""bagging_fraction"": 0.9145568099117, ""bagging_freq"": 1, ""cat_l2"": 0.0688015432043, ""cat_smooth"": 0.4410365667971, ""extra_trees"": false, ""feature_fraction"": 0.4842104682476, ""lambda_l1"": 0.6789116421659, ""lambda_l2"": 0.2119046236149, ""learning_rate"": 0.007497093098, ""max_cat_to_onehot"": 78, ""min_data_in_leaf"": 57, ""min_data_per_group"": 21, ""n_estimators"": 353, ""num_leaves"": 17}",a3464b9d,r2,0.489670495063697,,0.0672601250000042,0.009690902999992,,,,0.2621149074895414,0.8078231292517006,0.1629629629629629,0.489670495063697,,,,,,,,,,,
lightgbm,rel-f1,driver-top3,BINARY_CLASSIFICATION,0,30,roc_auc,cpu,False,"{""bagging_fraction"": 0.766732967316, ""bagging_freq"": 1, ""cat_l2"": 0.2949769749976, ""cat_smooth"": 76.211749790676, ""extra_trees"": false, ""feature_fraction"": 0.9380027758242, ""lambda_l1"": 0.0207489343658, ""lambda_l2"": 1.6621138056269, ""learning_rate"": 0.0087194268009, ""max_cat_to_onehot"": 51, ""min_data_in_leaf"": 2, ""min_data_per_group"": 20, ""n_estimators"": 428, ""num_leaves"": 19}",8d3659ac,r20,0.5372328035691889,,0.1189790779999953,0.0108626560000004,,,,0.2949435157064117,0.7227891156462585,0.1809045226130653,0.5372328035691889,,,,,,,,,,,
lightgbm,rel-f1,driver-top3,BINARY_CLASSIFICATION,0,30,roc_auc,cpu,False,"{""bagging_fraction"": 0.806683821355, ""bagging_freq"": 1, ""cat_l2"": 0.0082421437739, ""cat_smooth"": 0.0160008811562, ""extra_trees"": false, ""feature_fraction"": 0.5089787202952, ""lambda_l1"": 0.2184810145264, ""lambda_l2"": 0.9723705046664, ""learning_rate"": 0.0507096180332, ""max_cat_to_onehot"": 54, ""min_data_in_leaf"": 3, ""min_data_per_group"": 18, ""n_estimators"": 165, ""num_leaves"": 161}",a6d8d71e,r21,0.6371324649262691,,0.0760105869999989,0.0078087619999962,,,,0.3442527282877992,0.7448979591836735,0.336283185840708,0.6371324649262691,,,,,,,,,,,
lightgbm,rel-f1,driver-top3,BINARY_CLASSIFICATION,0,30,roc_auc,cpu,False,"{""bagging_fraction"": 0.9821295835758, ""bagging_freq"": 1, ""cat_l2"": 0.1367124095637, ""cat_smooth"": 0.0031729973642, ""extra_trees"": true, ""feature_fraction"": 0.7074360779775, ""lambda_l1"": 0.4552232983118, ""lambda_l2"": 1.417125445225, ""learning_rate"": 0.0925784167972, ""max_cat_to_onehot"": 8, ""min_data_in_leaf"": 5, ""min_data_per_group"": 7, ""n_estimators"": 123, ""num_leaves"": 2}",38aedfa8,r22,0.6065650140653276,,0.0157490520000038,0.0072050079999996,,,,0.3200301909723753,0.7482993197278912,0.1494252873563218,0.6065650140653276,,,,,,,,,,,
lightgbm,rel-f1,driver-top3,BINARY_CLASSIFICATION,0,30,roc_auc,cpu,False,"{""bagging_fraction"": 0.9295975761421, ""bagging_freq"": 1, ""cat_l2"": 0.1658867884192, ""cat_smooth"": 0.0012082259188, ""extra_trees"": false, ""feature_fraction"": 0.7482682823129, ""lambda_l1"": 0.8788818548033, ""lambda_l2"": 0.9963306369924, ""learning_rate"": 0.0662004421712, ""max_cat_to_onehot"": 15, ""min_data_in_leaf"": 1, ""min_data_per_group"": 44, ""n_estimators"": 510, ""num_leaves"": 23}",3e9b950f,r23,0.6433050832273208,,0.1208128860000101,0.0096855840000102,,,,0.3498438635096379,0.7448979591836735,0.336283185840708,0.6433050832273208,,,,,,,,,,,
lightgbm,rel-f1,driver-top3,BINARY_CLASSIFICATION,0,30,roc_auc,cpu,False,"{""bagging_fraction"": 0.9245990859552, ""bagging_freq"": 1, ""cat_l2"": 1.592158021275, ""cat_smooth"": 44.4269586841343, ""extra_trees"": false, ""feature_fraction"": 0.872525293573, ""lambda_l1"": 0.492319014681, ""lambda_l2"": 1.6891157039359, ""learning_rate"": 0.0517998481756, ""max_cat_to_onehot"": 22, ""min_data_in_leaf"": 59, ""min_data_per_group"": 10, ""n_estimators"": 802, ""num_leaves"": 8}",0d0b00fe,r24,0.624186988228127,,0.1146375860000006,0.0113671340000109,,,,0.3347662531625361,0.7448979591836735,0.336283185840708,0.624186988228127,,,,,,,,,,,
lightgbm,rel-f1,driver-top3,BINARY_CLASSIFICATION,0,30,roc_auc,cpu,True,"{""bagging_fraction"": 0.9711159219238, ""bagging_freq"": 1, ""cat_l2"": 0.0287842816393, ""cat_smooth"": 2.2365712242177, ""extra_trees"": false, ""feature_fraction"": 0.7638852760411, ""lambda_l1"": 0.7155896013433, ""lambda_l2"": 0.3887650116637, ""learning_rate"": 0.0956151137114, ""max_cat_to_onehot"": 23, ""min_data_in_leaf"": 5, ""min_data_per_group"": 8, ""n_estimators"": 132, ""num_leaves"": 117}",311db951,r25,0.6798480586264357,0.738888743729097,0.056919016000009,0.0075553920000004,0.1391549910000122,0.0082715300000018,,0.3597871360815695,0.7448979591836735,0.336283185840708,0.6798480586264357,0.4086346269469285,0.7355371900826446,0.2781954887218045,0.738888743729097,,,,,,,
lightgbm,rel-f1,driver-top3,BINARY_CLASSIFICATION,0,30,roc_auc,cpu,False,"{""bagging_fraction"": 0.7751868160582, ""bagging_freq"": 1, ""cat_l2"": 0.7205179793324, ""cat_smooth"": 0.2412048314858, ""extra_trees"": false, ""feature_fraction"": 0.5086905770421, ""lambda_l1"": 0.7774298210926, ""lambda_l2"": 0.7417685131559, ""learning_rate"": 0.006296404929, ""max_cat_to_onehot"": 41, ""min_data_in_leaf"": 17, ""min_data_per_group"": 4, ""n_estimators"": 197, ""num_leaves"": 50}",e3b85f93,r26,0.590896059916504,,0.0519685750000036,0.0077261969999966,,,,0.3110049527947864,0.79421768707483,0.1768707482993197,0.590896059916504,,,,,,,,,,,
lightgbm,rel-f1,driver-top3,BINARY_CLASSIFICATION,0,30,roc_auc,cpu,False,"{""bagging_fraction"": 0.9032235488416, ""bagging_freq"": 1, ""cat_l2"": 0.0484438463597, ""cat_smooth"": 0.2752154717585, ""extra_trees"": false, ""feature_fraction"": 0.8731273073839, ""lambda_l1"": 0.2594966220889, ""lambda_l2"": 0.3941888549433, ""learning_rate"": 0.0236586574252, ""max_cat_to_onehot"": 8, ""min_data_in_leaf"": 3, ""min_data_per_group"": 69, ""n_estimators"": 438, ""num_leaves"": 9}",d90cbc4e,r27,0.6401874182508824,,0.0763892740000073,0.0086631610000011,,,,0.3365521097615883,0.7448979591836735,0.336283185840708,0.6401874182508824,,,,,,,,,,,
lightgbm,rel-f1,driver-top3,BINARY_CLASSIFICATION,0,30,roc_auc,cpu,False,"{""bagging_fraction"": 0.943127227378, ""bagging_freq"": 1, ""cat_l2"": 0.0089165711882, ""cat_smooth"": 0.196142976357, ""extra_trees"": false, ""feature_fraction"": 0.4341088458599, ""lambda_l1"": 0.3738757566188, ""lambda_l2"": 0.9197657819236, ""learning_rate"": 0.0125354274243, ""max_cat_to_onehot"": 23, ""min_data_in_leaf"": 1, ""min_data_per_group"": 16, ""n_estimators"": 165, ""num_leaves"": 65}",10f688c8,r28,0.6089390980272706,,0.0649585580000007,0.0076117580000101,,,,0.336664203272736,0.79421768707483,0.1768707482993197,0.6089390980272706,,,,,,,,,,,
lightgbm,rel-f1,driver-top3,BINARY_CLASSIFICATION,0,30,roc_auc,cpu,False,"{""bagging_fraction"": 0.8296444149774, ""bagging_freq"": 1, ""cat_l2"": 0.0231985345244, ""cat_smooth"": 0.419723324168, ""extra_trees"": true, ""feature_fraction"": 0.818198345035, ""lambda_l1"": 0.5876408752329, ""lambda_l2"": 0.0893201412781, ""learning_rate"": 0.0282078967013, ""max_cat_to_onehot"": 29, ""min_data_in_leaf"": 5, ""min_data_per_group"": 12, ""n_estimators"": 750, ""num_leaves"": 37}",fb774425,r29,0.58663166759241,,0.1130852069999974,0.0108993529999992,,,,0.3123587846023409,0.7227891156462585,0.1809045226130653,0.58663166759241,,,,,,,,,,,
lightgbm,rel-f1,driver-top3,BINARY_CLASSIFICATION,0,30,roc_auc,cpu,False,"{""bagging_fraction"": 0.8808290128215, ""bagging_freq"": 1, ""cat_l2"": 1.0457234595842, ""cat_smooth"": 0.6921859910209, ""extra_trees"": true, ""feature_fraction"": 0.9220523550151, ""lambda_l1"": 0.7206605914604, ""lambda_l2"": 0.9472534786514, ""learning_rate"": 0.0132034424949, ""max_cat_to_onehot"": 25, ""min_data_in_leaf"": 15, ""min_data_per_group"": 7, ""n_estimators"": 335, ""num_leaves"": 35}",7ae6364f,r3,0.5960384153661464,,0.0553119030000033,0.0084165280000121,,,,0.314145150088653,0.79421768707483,0.1768707482993197,0.5960384153661464,,,,,,,,,,,
lightgbm,rel-f1,driver-top3,BINARY_CLASSIFICATION,0,30,roc_auc,cpu,False,"{""bagging_fraction"": 0.9256403562964, ""bagging_freq"": 1, ""cat_l2"": 0.173468569422, ""cat_smooth"": 0.1622096133057, ""extra_trees"": true, ""feature_fraction"": 0.8672172375647, ""lambda_l1"": 0.2728946202342, ""lambda_l2"": 1.5996117895528, ""learning_rate"": 0.0885567275464, ""max_cat_to_onehot"": 31, ""min_data_in_leaf"": 54, ""min_data_per_group"": 63, ""n_estimators"": 395, ""num_leaves"": 6}",a691dd6f,r30,0.6236942538209312,,0.0469489230000021,0.0084138389999992,,,,0.3367921623332034,0.7227891156462585,0.1809045226130653,0.6236942538209312,,,,,,,,,,,
lightgbm,rel-f1,driver-top3,BINARY_CLASSIFICATION,0,30,roc_auc,cpu,False,"{""bagging_fraction"": 0.8634649548991, ""bagging_freq"": 1, ""cat_l2"": 1.6087120636028, ""cat_smooth"": 42.4603130176821, ""extra_trees"": false, ""feature_fraction"": 0.6841648271642, ""lambda_l1"": 0.5820615900959, ""lambda_l2"": 0.3727460534192, ""learning_rate"": 0.0078289135266, ""max_cat_to_onehot"": 37, ""min_data_in_leaf"": 2, ""min_data_per_group"": 2, ""n_estimators"": 987, ""num_leaves"": 9}",1d48d1c9,r4,0.6025335507337264,,0.1575964329999948,0.0135408090000055,,,,0.3220270596712259,0.7227891156462585,0.1809045226130653,0.6025335507337264,,,,,,,,,,,
lightgbm,rel-f1,driver-top3,BINARY_CLASSIFICATION,0,30,roc_auc,cpu,False,"{""bagging_fraction"": 0.8270964398017, ""bagging_freq"": 1, ""cat_l2"": 0.0497402357678, ""cat_smooth"": 0.0022655846367, ""extra_trees"": true, ""feature_fraction"": 0.8805464511878, ""lambda_l1"": 0.5374194921261, ""lambda_l2"": 1.4738626624402, ""learning_rate"": 0.009732329389, ""max_cat_to_onehot"": 78, ""min_data_in_leaf"": 4, ""min_data_per_group"": 24, ""n_estimators"": 285, ""num_leaves"": 44}",4f68409e,r5,0.4720126856712834,,0.0449981040000011,0.0086394579999904,,,,0.2587533669670393,0.8078231292517006,0.1629629629629629,0.4720126856712834,,,,,,,,,,,
lightgbm,rel-f1,driver-top3,BINARY_CLASSIFICATION,0,30,roc_auc,cpu,False,"{""bagging_fraction"": 0.7951605226208, ""bagging_freq"": 1, ""cat_l2"": 0.2087627025057, ""cat_smooth"": 0.0018992120999, ""extra_trees"": true, ""feature_fraction"": 0.5907899076364, ""lambda_l1"": 0.2654629519904, ""lambda_l2"": 0.6372060480074, ""learning_rate"": 0.0086558049456, ""max_cat_to_onehot"": 44, ""min_data_in_leaf"": 11, ""min_data_per_group"": 11, ""n_estimators"": 164, ""num_leaves"": 56}",3c57d7d3,r6,0.5991739979573919,,0.0353395390000059,0.0088552240000012,,,,0.3185749486245965,0.79421768707483,0.1768707482993197,0.5991739979573919,,,,,,,,,,,
lightgbm,rel-f1,driver-top3,BINARY_CLASSIFICATION,0,30,roc_auc,cpu,False,"{""bagging_fraction"": 0.9335036446078, ""bagging_freq"": 1, ""cat_l2"": 0.2830562687557, ""cat_smooth"": 0.1802171314263, ""extra_trees"": true, ""feature_fraction"": 0.6485577967088, ""lambda_l1"": 0.5232957286614, ""lambda_l2"": 1.3348540188894, ""learning_rate"": 0.0289761662926, ""max_cat_to_onehot"": 15, ""min_data_in_leaf"": 11, ""min_data_per_group"": 55, ""n_estimators"": 701, ""num_leaves"": 20}",134c98bb,r7,0.6216068516959022,,0.0886028689999989,0.0106819339999901,,,,0.324240155796371,0.7585034013605442,0.1839080459770115,0.6216068516959022,,,,,,,,,,,
lightgbm,rel-f1,driver-top3,BINARY_CLASSIFICATION,0,30,roc_auc,cpu,False,"{""bagging_fraction"": 0.9848713160352, ""bagging_freq"": 1, ""cat_l2"": 1.6905546285477, ""cat_smooth"": 0.001258746648, ""extra_trees"": true, ""feature_fraction"": 0.4384884978093, ""lambda_l1"": 0.0940311167074, ""lambda_l2"": 0.2636825450225, ""learning_rate"": 0.0053104402291, ""max_cat_to_onehot"": 51, ""min_data_in_leaf"": 10, ""min_data_per_group"": 31, ""n_estimators"": 285, ""num_leaves"": 164}",42517afb,r8,0.595196287470212,,0.0424455150000113,0.0080282999999923,,,,0.3095632039558194,0.79421768707483,0.1768707482993197,0.595196287470212,,,,,,,,,,,
lightgbm,rel-f1,driver-top3,BINARY_CLASSIFICATION,0,30,roc_auc,cpu,False,"{""bagging_fraction"": 0.898758060085, ""bagging_freq"": 1, ""cat_l2"": 0.964011246959, ""cat_smooth"": 0.1616421454928, ""extra_trees"": false, ""feature_fraction"": 0.815483271622, ""lambda_l1"": 0.5759889009066, ""lambda_l2"": 1.4326827755167, ""learning_rate"": 0.0599026240177, ""max_cat_to_onehot"": 91, ""min_data_in_leaf"": 2, ""min_data_per_group"": 6, ""n_estimators"": 702, ""num_leaves"": 39}",b7f5d391,r9,0.5778699539517299,,0.3000398909999973,0.016010977999997,,,,0.3206821322204937,0.7091836734693877,0.3241106719367589,0.5778699539517299,,,,,,,,,,,
lightgbm,rel-hm,item-sales,REGRESSION,0,30,mae,cpu,False,{},bf21a9e8,default,0.0854025366141298,0.0750513812096375,33.961040356,0.3208712759999912,38.78225707999991,0.2787664679999579,,,,,,,,,,-0.0117513109849209,0.0854025366141298,0.6661706903646718,-0.0067415085952746,0.0750513812096375,0.58466852586293,
lightgbm,rel-hm,item-sales,REGRESSION,0,30,mae,cpu,False,"{""bagging_fraction"": 0.8646440511782, ""bagging_freq"": 1, ""cat_l2"": 0.2396763788772, ""cat_smooth"": 9.0912832806515, ""extra_trees"": true, ""feature_fraction"": 0.9742930953718, ""lambda_l1"": 0.5205254318032, ""lambda_l2"": 1.5172553870823, ""learning_rate"": 0.0095655183906, ""max_cat_to_onehot"": 21, ""min_data_in_leaf"": 1, ""min_data_per_group"": 38, ""n_estimators"": 885, ""num_leaves"": 13}",9ddece77,r1,0.0854564615947406,,169.197367086,1.6887168320000114,,,,,,,,,,,,-0.0155158876987457,0.0854564615947406,0.6674089008497934,,,,
lightgbm,rel-hm,item-sales,REGRESSION,0,30,mae,cpu,False,"{""bagging_fraction"": 0.7040714906836, ""bagging_freq"": 1, ""cat_l2"": 0.1059359109832, ""cat_smooth"": 79.0557829290776, ""extra_trees"": true, ""feature_fraction"": 0.7399608725239, ""lambda_l1"": 0.9293032679565, ""lambda_l2"": 0.5788832452851, ""learning_rate"": 0.0050708289337, ""max_cat_to_onehot"": 15, ""min_data_in_leaf"": 53, ""min_data_per_group"": 48, ""n_estimators"": 398, ""num_leaves"": 14}",85d4ebc9,r10,0.0855694428795423,,74.29042212299987,0.914832535999949,,,,,,,,,,,,-0.0158910889133403,0.0855694428795423,0.6675321827736094,,,,
lightgbm,rel-hm,item-sales,REGRESSION,0,30,mae,cpu,False,"{""bagging_fraction"": 0.8819179642384, ""bagging_freq"": 1, ""cat_l2"": 0.2028071332361, ""cat_smooth"": 0.9002514016925, ""extra_trees"": true, ""feature_fraction"": 0.9904253448185, ""lambda_l1"": 0.3523764300344, ""lambda_l2"": 1.0166800656129, ""learning_rate"": 0.0076046378471, ""max_cat_to_onehot"": 9, ""min_data_in_leaf"": 51, ""min_data_per_group"": 4, ""n_estimators"": 309, ""num_leaves"": 50}",eb5d77d2,r11,0.0851680851587938,,99.473835754,1.0918979479999962,,,,,,,,,,,,-0.0148906403870121,0.0851680851587938,0.667203409297396,,,,
lightgbm,rel-hm,item-sales,REGRESSION,0,30,mae,cpu,False,"{""bagging_fraction"": 0.7057579594928, ""bagging_freq"": 1, ""cat_l2"": 0.0652607238611, ""cat_smooth"": 0.7440913299852, ""extra_trees"": true, ""feature_fraction"": 0.5562045565524, ""lambda_l1"": 0.4693022490728, ""lambda_l2"": 0.3337783413457, ""learning_rate"": 0.005523232486, ""max_cat_to_onehot"": 20, ""min_data_in_leaf"": 22, ""min_data_per_group"": 3, ""n_estimators"": 298, ""num_leaves"": 194}",97b0d170,r12,0.0852215007860255,,136.50931795399993,3.0689335130000472,,,,,,,,,,,,-0.0144409834901695,0.0852215007860255,0.6670555875317458,,,,
lightgbm,rel-hm,item-sales,REGRESSION,0,30,mae,cpu,False,"{""bagging_fraction"": 0.7904724450024, ""bagging_freq"": 1, ""cat_l2"": 0.0112585288934, ""cat_smooth"": 1.8450328342775, ""extra_trees"": false, ""feature_fraction"": 0.7222135128255, ""lambda_l1"": 0.8411560157726, ""lambda_l2"": 1.5581241341161, ""learning_rate"": 0.0949138303247, ""max_cat_to_onehot"": 8, ""min_data_in_leaf"": 4, ""min_data_per_group"": 12, ""n_estimators"": 523, ""num_leaves"": 6}",b0f88568,r13,0.0855910195497217,,81.0693834000001,0.4675910850000946,,,,,,,,,,,,-0.0161404749372091,0.0855910195497217,0.667614112314713,,,,
lightgbm,rel-hm,item-sales,REGRESSION,0,30,mae,cpu,True,"{""bagging_fraction"": 0.8980520612478, ""bagging_freq"": 1, ""cat_l2"": 0.0298619738506, ""cat_smooth"": 1.8218656600978, ""extra_trees"": false, ""feature_fraction"": 0.6687557031224, ""lambda_l1"": 0.9046572794351, ""lambda_l2"": 1.7298800978754, ""learning_rate"": 0.0152979229147, ""max_cat_to_onehot"": 14, ""min_data_in_leaf"": 7, ""min_data_per_group"": 61, ""n_estimators"": 223, ""num_leaves"": 45}",c9bdab03,r14,0.0846942671134337,0.0752951661106811,85.034189427,1.063917181999841,93.14491556999974,1.216661452000153,,,,,,,,,,-0.0111936204868272,0.0846942671134337,0.6659870640770325,-0.009752551284679,0.0752951661106811,0.5855422096774541,
lightgbm,rel-hm,item-sales,REGRESSION,0,30,mae,cpu,False,"{""bagging_fraction"": 0.7870232821631, ""bagging_freq"": 1, ""cat_l2"": 0.1520732736224, ""cat_smooth"": 0.143579414226, ""extra_trees"": false, ""feature_fraction"": 0.4597414534665, ""lambda_l1"": 0.0376556278898, ""lambda_l2"": 0.8228523078385, ""learning_rate"": 0.0175995134195, ""max_cat_to_onehot"": 55, ""min_data_in_leaf"": 4, ""min_data_per_group"": 81, ""n_estimators"": 58, ""num_leaves"": 107}",5c4e94f9,r15,0.0853030983376028,,38.86541007899996,0.531703245000017,,,,,,,,,,,,-0.0144092049384692,0.0853030983376028,0.6670451393012244,,,,
lightgbm,rel-hm,item-sales,REGRESSION,0,30,mae,cpu,False,"{""bagging_fraction"": 0.9252532736885, ""bagging_freq"": 1, ""cat_l2"": 0.0185425303217, ""cat_smooth"": 0.0026697944708, ""extra_trees"": true, ""feature_fraction"": 0.4403497788779, ""lambda_l1"": 0.990339913502, ""lambda_l2"": 1.5167814698069, ""learning_rate"": 0.032907451476, ""max_cat_to_onehot"": 89, ""min_data_in_leaf"": 2, ""min_data_per_group"": 10, ""n_estimators"": 665, ""num_leaves"": 12}",66abad1a,r16,0.0849003756347083,,103.53570108600002,1.3088857889999872,,,,,,,,,,,,-0.0119174622667708,0.0849003756347083,0.6662253878822773,,,,
lightgbm,rel-hm,item-sales,REGRESSION,0,30,mae,cpu,False,"{""bagging_fraction"": 0.9893469303368, ""bagging_freq"": 1, ""cat_l2"": 0.1517170923124, ""cat_smooth"": 0.0019146599966, ""extra_trees"": true, ""feature_fraction"": 0.8076356640991, ""lambda_l1"": 0.2169752947, ""lambda_l2"": 0.6401022999299, ""learning_rate"": 0.0682833284969, ""max_cat_to_onehot"": 45, ""min_data_in_leaf"": 2, ""min_data_per_group"": 8, ""n_estimators"": 71, ""num_leaves"": 27}",e3bf995d,r17,0.0851044845903313,,28.269083330000058,0.3068673040002068,,,,,,,,,,,,-0.0126116366838078,0.0851044845903313,0.6664538636967846,,,,
lightgbm,rel-hm,item-sales,REGRESSION,0,30,mae,cpu,False,"{""bagging_fraction"": 0.8662727305253, ""bagging_freq"": 1, ""cat_l2"": 0.0750558998512, ""cat_smooth"": 0.2749087238468, ""extra_trees"": true, ""feature_fraction"": 0.6722181067336, ""lambda_l1"": 0.6631118952798, ""lambda_l2"": 0.7669894419544, ""learning_rate"": 0.011346355764, ""max_cat_to_onehot"": 13, ""min_data_in_leaf"": 8, ""min_data_per_group"": 12, ""n_estimators"": 235, ""num_leaves"": 4}",d16f6217,r18,0.0856889676929152,,38.94080825600008,0.3302005189998453,,,,,,,,,,,,-0.0167098608866129,0.0856889676929152,0.6678011321553611,,,,
lightgbm,rel-hm,item-sales,REGRESSION,0,30,mae,cpu,False,"{""bagging_fraction"": 0.7637171496671, ""bagging_freq"": 1, ""cat_l2"": 1.6733394870119, ""cat_smooth"": 25.4110617183616, ""extra_trees"": true, ""feature_fraction"": 0.7219475266652, ""lambda_l1"": 0.2633960444995, ""lambda_l2"": 1.1766753953959, ""learning_rate"": 0.0546075727721, ""max_cat_to_onehot"": 88, ""min_data_in_leaf"": 1, ""min_data_per_group"": 5, ""n_estimators"": 74, ""num_leaves"": 3}",3c940a82,r19,0.0856872254597192,,20.362084717000016,0.2101759810000203,,,,,,,,,,,,-0.0167265947902344,0.0856872254597192,0.6678066277614491,,,,
lightgbm,rel-hm,item-sales,REGRESSION,0,30,mae,cpu,False,"{""bagging_fraction"": 0.9145568099117, ""bagging_freq"": 1, ""cat_l2"": 0.0688015432043, ""cat_smooth"": 0.4410365667971, ""extra_trees"": false, ""feature_fraction"": 0.4842104682476, ""lambda_l1"": 0.6789116421659, ""lambda_l2"": 0.2119046236149, ""learning_rate"": 0.007497093098, ""max_cat_to_onehot"": 78, ""min_data_in_leaf"": 57, ""min_data_per_group"": 21, ""n_estimators"": 353, ""num_leaves"": 17}",a3464b9d,r2,0.0854954117256442,,66.60591076500003,0.7510705400000006,,,,,,,,,,,,-0.0156399163066831,0.0854954117256442,0.6674496561302213,,,,
lightgbm,rel-hm,item-sales,REGRESSION,0,30,mae,cpu,False,"{""bagging_fraction"": 0.766732967316, ""bagging_freq"": 1, ""cat_l2"": 0.2949769749976, ""cat_smooth"": 76.211749790676, ""extra_trees"": false, ""feature_fraction"": 0.9380027758242, ""lambda_l1"": 0.0207489343658, ""lambda_l2"": 1.6621138056269, ""learning_rate"": 0.0087194268009, ""max_cat_to_onehot"": 51, ""min_data_in_leaf"": 2, ""min_data_per_group"": 20, ""n_estimators"": 428, ""num_leaves"": 19}",8d3659ac,r20,0.0852618470161767,,91.39423343900012,0.8321344359997056,,,,,,,,,,,,-0.0144629047066311,0.0852618470161767,0.6670627947479216,,,,
lightgbm,rel-hm,item-sales,REGRESSION,0,30,mae,cpu,False,"{""bagging_fraction"": 0.806683821355, ""bagging_freq"": 1, ""cat_l2"": 0.0082421437739, ""cat_smooth"": 0.0160008811562, ""extra_trees"": false, ""feature_fraction"": 0.5089787202952, ""lambda_l1"": 0.2184810145264, ""lambda_l2"": 0.9723705046664, ""learning_rate"": 0.0507096180332, ""max_cat_to_onehot"": 54, ""min_data_in_leaf"": 3, ""min_data_per_group"": 18, ""n_estimators"": 165, ""num_leaves"": 161}",a6d8d71e,r21,0.0847278329362845,,140.5186794450001,4.682312085999911,,,,,,,,,,,,-0.0090993337253368,0.0847278329362845,0.6652970425077829,,,,
lightgbm,rel-hm,item-sales,REGRESSION,0,30,mae,cpu,False,"{""bagging_fraction"": 0.9821295835758, ""bagging_freq"": 1, ""cat_l2"": 0.1367124095637, ""cat_smooth"": 0.0031729973642, ""extra_trees"": true, ""feature_fraction"": 0.7074360779775, ""lambda_l1"": 0.4552232983118, ""lambda_l2"": 1.417125445225, ""learning_rate"": 0.0925784167972, ""max_cat_to_onehot"": 8, ""min_data_in_leaf"": 5, ""min_data_per_group"": 7, ""n_estimators"": 123, ""num_leaves"": 2}",38aedfa8,r22,0.085690221805826,,23.396103438999944,0.2085123870001552,,,,,,,,,,,,-0.0167403782891153,0.085690221805826,0.6678111543867765,,,,
lightgbm,rel-hm,item-sales,REGRESSION,0,30,mae,cpu,False,"{""bagging_fraction"": 0.9295975761421, ""bagging_freq"": 1, ""cat_l2"": 0.1658867884192, ""cat_smooth"": 0.0012082259188, ""extra_trees"": false, ""feature_fraction"": 0.7482682823129, ""lambda_l1"": 0.8788818548033, ""lambda_l2"": 0.9963306369924, ""learning_rate"": 0.0662004421712, ""max_cat_to_onehot"": 15, ""min_data_in_leaf"": 1, ""min_data_per_group"": 44, ""n_estimators"": 510, ""num_leaves"": 23}",3e9b950f,r23,0.0848621887028557,,125.03883688799988,1.553030122999644,,,,,,,,,,,,-0.0095001916247428,0.0848621887028557,0.6654291717670784,,,,
lightgbm,rel-hm,item-sales,REGRESSION,0,30,mae,cpu,False,"{""bagging_fraction"": 0.9245990859552, ""bagging_freq"": 1, ""cat_l2"": 1.592158021275, ""cat_smooth"": 44.4269586841343, ""extra_trees"": false, ""feature_fraction"": 0.872525293573, ""lambda_l1"": 0.492319014681, ""lambda_l2"": 1.6891157039359, ""learning_rate"": 0.0517998481756, ""max_cat_to_onehot"": 22, ""min_data_in_leaf"": 59, ""min_data_per_group"": 10, ""n_estimators"": 802, ""num_leaves"": 8}",0d0b00fe,r24,0.0854650716977026,,130.78963922499997,0.7898141880000367,,,,,,,,,,,,-0.0149449925964506,0.0854650716977026,0.6672212750124213,,,,
lightgbm,rel-hm,item-sales,REGRESSION,0,30,mae,cpu,False,"{""bagging_fraction"": 0.9711159219238, ""bagging_freq"": 1, ""cat_l2"": 0.0287842816393, ""cat_smooth"": 2.2365712242177, ""extra_trees"": false, ""feature_fraction"": 0.7638852760411, ""lambda_l1"": 0.7155896013433, ""lambda_l2"": 0.3887650116637, ""learning_rate"": 0.0956151137114, ""max_cat_to_onehot"": 23, ""min_data_in_leaf"": 5, ""min_data_per_group"": 8, ""n_estimators"": 132, ""num_leaves"": 117}",311db951,r25,0.0849432220327258,,97.55714451099992,1.40178088499988,,,,,,,,,,,,-0.0066531848101314,0.0849432220327258,0.6644901828495636,,,,
lightgbm,rel-hm,item-sales,REGRESSION,0,30,mae,cpu,False,"{""bagging_fraction"": 0.7751868160582, ""bagging_freq"": 1, ""cat_l2"": 0.7205179793324, ""cat_smooth"": 0.2412048314858, ""extra_trees"": false, ""feature_fraction"": 0.5086905770421, ""lambda_l1"": 0.7774298210926, ""lambda_l2"": 0.7417685131559, ""learning_rate"": 0.006296404929, ""max_cat_to_onehot"": 41, ""min_data_in_leaf"": 17, ""min_data_per_group"": 4, ""n_estimators"": 197, ""num_leaves"": 50}",e3b85f93,r26,0.0853146072875016,,78.29158215299958,1.2340340249998007,,,,,,,,,,,,-0.0145592765454645,0.0853146072875016,0.6670944787755786,,,,
lightgbm,rel-hm,item-sales,REGRESSION,0,30,mae,cpu,False,"{""bagging_fraction"": 0.9032235488416, ""bagging_freq"": 1, ""cat_l2"": 0.0484438463597, ""cat_smooth"": 0.2752154717585, ""extra_trees"": false, ""feature_fraction"": 0.8731273073839, ""lambda_l1"": 0.2594966220889, ""lambda_l2"": 0.3941888549433, ""learning_rate"": 0.0236586574252, ""max_cat_to_onehot"": 8, ""min_data_in_leaf"": 3, ""min_data_per_group"": 69, ""n_estimators"": 438, ""num_leaves"": 9}",d90cbc4e,r27,0.085587121071736,,79.9946832820001,0.4339983059999213,,,,,,,,,,,,-0.0160878719179338,0.085587121071736,0.6675968317450499,,,,
lightgbm,rel-hm,item-sales,REGRESSION,0,30,mae,cpu,False,"{""bagging_fraction"": 0.943127227378, ""bagging_freq"": 1, ""cat_l2"": 0.0089165711882, ""cat_smooth"": 0.196142976357, ""extra_trees"": false, ""feature_fraction"": 0.4341088458599, ""lambda_l1"": 0.3738757566188, ""lambda_l2"": 0.9197657819236, ""learning_rate"": 0.0125354274243, ""max_cat_to_onehot"": 23, ""min_data_in_leaf"": 1, ""min_data_per_group"": 16, ""n_estimators"": 165, ""num_leaves"": 65}",10f688c8,r28,0.0850966222519079,,74.48975057200005,1.2543147520000275,,,,,,,,,,,,-0.0127637426585067,0.0850966222519079,0.6665039163548552,,,,
lightgbm,rel-hm,item-sales,REGRESSION,0,30,mae,cpu,False,"{""bagging_fraction"": 0.8296444149774, ""bagging_freq"": 1, ""cat_l2"": 0.0231985345244, ""cat_smooth"": 0.419723324168, ""extra_trees"": true, ""feature_fraction"": 0.818198345035, ""lambda_l1"": 0.5876408752329, ""lambda_l2"": 0.0893201412781, ""learning_rate"": 0.0282078967013, ""max_cat_to_onehot"": 29, ""min_data_in_leaf"": 5, ""min_data_per_group"": 12, ""n_estimators"": 750, ""num_leaves"": 37}",fb774425,r29,0.0849053980069869,,206.8276394579998,3.753619690999585,,,,,,,,,,,,-0.012245711686379,0.0849053980069869,0.6663334354124479,,,,
lightgbm,rel-hm,item-sales,REGRESSION,0,30,mae,cpu,False,"{""bagging_fraction"": 0.8808290128215, ""bagging_freq"": 1, ""cat_l2"": 1.0457234595842, ""cat_smooth"": 0.6921859910209, ""extra_trees"": true, ""feature_fraction"": 0.9220523550151, ""lambda_l1"": 0.7206605914604, ""lambda_l2"": 0.9472534786514, ""learning_rate"": 0.0132034424949, ""max_cat_to_onehot"": 25, ""min_data_in_leaf"": 15, ""min_data_per_group"": 7, ""n_estimators"": 335, ""num_leaves"": 35}",7ae6364f,r3,0.0848379798540307,,95.819586915,1.0347804419999989,,,,,,,,,,,,-0.0129899586875192,0.0848379798540307,0.6665783490406165,,,,
lightgbm,rel-hm,item-sales,REGRESSION,0,30,mae,cpu,False,"{""bagging_fraction"": 0.9256403562964, ""bagging_freq"": 1, ""cat_l2"": 0.173468569422, ""cat_smooth"": 0.1622096133057, ""extra_trees"": true, ""feature_fraction"": 0.8672172375647, ""lambda_l1"": 0.2728946202342, ""lambda_l2"": 1.5996117895528, ""learning_rate"": 0.0885567275464, ""max_cat_to_onehot"": 31, ""min_data_in_leaf"": 54, ""min_data_per_group"": 63, ""n_estimators"": 395, ""num_leaves"": 6}",a691dd6f,r30,0.0856005650183439,,67.25611135500003,0.575887947999945,,,,,,,,,,,,-0.0158847245600552,0.0856005650183439,0.6675300917929223,,,,
lightgbm,rel-hm,item-sales,REGRESSION,0,30,mae,cpu,False,"{""bagging_fraction"": 0.8634649548991, ""bagging_freq"": 1, ""cat_l2"": 1.6087120636028, ""cat_smooth"": 42.4603130176821, ""extra_trees"": false, ""feature_fraction"": 0.6841648271642, ""lambda_l1"": 0.5820615900959, ""lambda_l2"": 0.3727460534192, ""learning_rate"": 0.0078289135266, ""max_cat_to_onehot"": 37, ""min_data_in_leaf"": 2, ""min_data_per_group"": 2, ""n_estimators"": 987, ""num_leaves"": 9}",1d48d1c9,r4,0.0853464712474637,,158.07678600500003,1.4705979059999663,,,,,,,,,,,,-0.0145880326802285,0.0853464712474637,0.6671039325961925,,,,
lightgbm,rel-hm,item-sales,REGRESSION,0,30,mae,cpu,False,"{""bagging_fraction"": 0.8270964398017, ""bagging_freq"": 1, ""cat_l2"": 0.0497402357678, ""cat_smooth"": 0.0022655846367, ""extra_trees"": true, ""feature_fraction"": 0.8805464511878, ""lambda_l1"": 0.5374194921261, ""lambda_l2"": 1.4738626624402, ""learning_rate"": 0.009732329389, ""max_cat_to_onehot"": 78, ""min_data_in_leaf"": 4, ""min_data_per_group"": 24, ""n_estimators"": 285, ""num_leaves"": 44}",4f68409e,r5,0.0850892459229576,,94.22518045699996,1.0290798400000083,,,,,,,,,,,,-0.0143557827377183,0.0850892459229576,0.6670275746496295,,,,
lightgbm,rel-hm,item-sales,REGRESSION,0,30,mae,cpu,False,"{""bagging_fraction"": 0.7951605226208, ""bagging_freq"": 1, ""cat_l2"": 0.2087627025057, ""cat_smooth"": 0.0018992120999, ""extra_trees"": true, ""feature_fraction"": 0.5907899076364, ""lambda_l1"": 0.2654629519904, ""lambda_l2"": 0.6372060480074, ""learning_rate"": 0.0086558049456, ""max_cat_to_onehot"": 44, ""min_data_in_leaf"": 11, ""min_data_per_group"": 11, ""n_estimators"": 164, ""num_leaves"": 56}",3c57d7d3,r6,0.0851404842913926,,58.55295465200004,0.7043851749999703,,,,,,,,,,,,-0.0144734091469611,0.0851404842913926,0.6670662483503905,,,,
lightgbm,rel-hm,item-sales,REGRESSION,0,30,mae,cpu,False,"{""bagging_fraction"": 0.9335036446078, ""bagging_freq"": 1, ""cat_l2"": 0.2830562687557, ""cat_smooth"": 0.1802171314263, ""extra_trees"": true, ""feature_fraction"": 0.6485577967088, ""lambda_l1"": 0.5232957286614, ""lambda_l2"": 1.3348540188894, ""learning_rate"": 0.0289761662926, ""max_cat_to_onehot"": 15, ""min_data_in_leaf"": 11, ""min_data_per_group"": 55, ""n_estimators"": 701, ""num_leaves"": 20}",134c98bb,r7,0.0847543456323556,,143.61309405099996,1.6439552809999896,,,,,,,,,,,,-0.011293593209392,0.0847543456323556,0.6660199850197096,,,,
lightgbm,rel-hm,item-sales,REGRESSION,0,30,mae,cpu,False,"{""bagging_fraction"": 0.9848713160352, ""bagging_freq"": 1, ""cat_l2"": 1.6905546285477, ""cat_smooth"": 0.001258746648, ""extra_trees"": true, ""feature_fraction"": 0.4384884978093, ""lambda_l1"": 0.0940311167074, ""lambda_l2"": 0.2636825450225, ""learning_rate"": 0.0053104402291, ""max_cat_to_onehot"": 51, ""min_data_in_leaf"": 10, ""min_data_per_group"": 31, ""n_estimators"": 285, ""num_leaves"": 164}",42517afb,r8,0.085322907672814,,138.20881531099997,3.7171672819999912,,,,,,,,,,,,-0.0148752130869103,0.085322907672814,0.6671983382158768,,,,
lightgbm,rel-hm,item-sales,REGRESSION,0,30,mae,cpu,False,"{""bagging_fraction"": 0.898758060085, ""bagging_freq"": 1, ""cat_l2"": 0.964011246959, ""cat_smooth"": 0.1616421454928, ""extra_trees"": false, ""feature_fraction"": 0.815483271622, ""lambda_l1"": 0.5759889009066, ""lambda_l2"": 1.4326827755167, ""learning_rate"": 0.0599026240177, ""max_cat_to_onehot"": 91, ""min_data_in_leaf"": 2, ""min_data_per_group"": 6, ""n_estimators"": 702, ""num_leaves"": 39}",b7f5d391,r9,0.0848969546843456,,229.95673659399995,4.901595256000064,,,,,,,,,,,,-0.0094229970381269,0.0848969546843456,0.6654037292202146,,,,
lightgbm,rel-hm,user-churn,BINARY_CLASSIFICATION,0,30,roc_auc,cpu,False,{},bf21a9e8,default,0.5899839721822282,0.5876615381493097,20.517453052,0.7758712269999961,19.802245747000143,0.8041006759999618,,0.8543819414328171,0.814723862270756,0.8973928643768627,0.5899839721822282,0.8643640128976983,0.8279718404290982,0.905390157744526,0.5876615381493097,,,,,,,
lightgbm,rel-hm,user-churn,BINARY_CLASSIFICATION,0,30,roc_auc,cpu,False,"{""bagging_fraction"": 0.8646440511782, ""bagging_freq"": 1, ""cat_l2"": 0.2396763788772, ""cat_smooth"": 9.0912832806515, ""extra_trees"": true, ""feature_fraction"": 0.9742930953718, ""lambda_l1"": 0.5205254318032, ""lambda_l2"": 1.5172553870823, ""learning_rate"": 0.0095655183906, ""max_cat_to_onehot"": 21, ""min_data_in_leaf"": 1, ""min_data_per_group"": 38, ""n_estimators"": 885, ""num_leaves"": 13}",9ddece77,r1,0.581384499445316,,79.74958877199998,2.3394806960000096,,,,0.8530042689759936,0.8137703119285229,0.8971868261832132,0.581384499445316,,,,,,,,,,,
lightgbm,rel-hm,user-churn,BINARY_CLASSIFICATION,0,30,roc_auc,cpu,False,"{""bagging_fraction"": 0.7040714906836, ""bagging_freq"": 1, ""cat_l2"": 0.1059359109832, ""cat_smooth"": 79.0557829290776, ""extra_trees"": true, ""feature_fraction"": 0.7399608725239, ""lambda_l1"": 0.9293032679565, ""lambda_l2"": 0.5788832452851, ""learning_rate"": 0.0050708289337, ""max_cat_to_onehot"": 15, ""min_data_in_leaf"": 53, ""min_data_per_group"": 48, ""n_estimators"": 398, ""num_leaves"": 14}",85d4ebc9,r10,0.5644059209765869,,30.44818054199993,0.7702808579999783,,,,0.8474575059775001,0.8128428862532002,0.8967559699664212,0.5644059209765869,,,,,,,,,,,
lightgbm,rel-hm,user-churn,BINARY_CLASSIFICATION,0,30,roc_auc,cpu,False,"{""bagging_fraction"": 0.8819179642384, ""bagging_freq"": 1, ""cat_l2"": 0.2028071332361, ""cat_smooth"": 0.9002514016925, ""extra_trees"": true, ""feature_fraction"": 0.9904253448185, ""lambda_l1"": 0.3523764300344, ""lambda_l2"": 1.0166800656129, ""learning_rate"": 0.0076046378471, ""max_cat_to_onehot"": 9, ""min_data_in_leaf"": 51, ""min_data_per_group"": 4, ""n_estimators"": 309, ""num_leaves"": 50}",eb5d77d2,r11,0.5807859604939847,,63.02844076200006,1.3575491609999517,,,,0.8505141332010613,0.8137703119285229,0.8971853433044632,0.5807859604939847,,,,,,,,,,,
lightgbm,rel-hm,user-churn,BINARY_CLASSIFICATION,0,30,roc_auc,cpu,False,"{""bagging_fraction"": 0.7057579594928, ""bagging_freq"": 1, ""cat_l2"": 0.0652607238611, ""cat_smooth"": 0.7440913299852, ""extra_trees"": true, ""feature_fraction"": 0.5562045565524, ""lambda_l1"": 0.4693022490728, ""lambda_l2"": 0.3337783413457, ""learning_rate"": 0.005523232486, ""max_cat_to_onehot"": 20, ""min_data_in_leaf"": 22, ""min_data_per_group"": 3, ""n_estimators"": 298, ""num_leaves"": 194}",97b0d170,r12,0.5812626604439339,,128.2414954870001,3.523592270999984,,,,0.8500216152582558,0.8137050002612467,0.8971559606564943,0.5812626604439339,,,,,,,,,,,
lightgbm,rel-hm,user-churn,BINARY_CLASSIFICATION,0,30,roc_auc,cpu,False,"{""bagging_fraction"": 0.7904724450024, ""bagging_freq"": 1, ""cat_l2"": 0.0112585288934, ""cat_smooth"": 1.8450328342775, ""extra_trees"": false, ""feature_fraction"": 0.7222135128255, ""lambda_l1"": 0.8411560157726, ""lambda_l2"": 1.5581241341161, ""learning_rate"": 0.0949138303247, ""max_cat_to_onehot"": 8, ""min_data_in_leaf"": 4, ""min_data_per_group"": 12, ""n_estimators"": 523, ""num_leaves"": 6}",b0f88568,r13,0.5846750854832368,,33.64303878099997,0.8829154900000731,,,,0.8519848561523762,0.8140315585976279,0.8970965573569059,0.5846750854832368,,,,,,,,,,,
lightgbm,rel-hm,user-churn,BINARY_CLASSIFICATION,0,30,roc_auc,cpu,False,"{""bagging_fraction"": 0.8980520612478, ""bagging_freq"": 1, ""cat_l2"": 0.0298619738506, ""cat_smooth"": 1.8218656600978, ""extra_trees"": false, ""feature_fraction"": 0.6687557031224, ""lambda_l1"": 0.9046572794351, ""lambda_l2"": 1.7298800978754, ""learning_rate"": 0.0152979229147, ""max_cat_to_onehot"": 14, ""min_data_in_leaf"": 7, ""min_data_per_group"": 61, ""n_estimators"": 223, ""num_leaves"": 45}",c9bdab03,r14,0.5871224509185753,,42.43991664199996,1.1852901500000144,,,,0.8531285067326111,0.8142797429332777,0.8973518539909899,0.5871224509185753,,,,,,,,,,,
lightgbm,rel-hm,user-churn,BINARY_CLASSIFICATION,0,30,roc_auc,cpu,False,"{""bagging_fraction"": 0.7870232821631, ""bagging_freq"": 1, ""cat_l2"": 0.1520732736224, ""cat_smooth"": 0.143579414226, ""extra_trees"": false, ""feature_fraction"": 0.4597414534665, ""lambda_l1"": 0.0376556278898, ""lambda_l2"": 0.8228523078385, ""learning_rate"": 0.0175995134195, ""max_cat_to_onehot"": 55, ""min_data_in_leaf"": 4, ""min_data_per_group"": 81, ""n_estimators"": 58, ""num_leaves"": 107}",5c4e94f9,r15,0.5788629638261256,,16.856289091999997,0.4919141469999886,,,,0.8497438414759013,0.8128036992528346,0.8967365849792118,0.5788629638261256,,,,,,,,,,,
lightgbm,rel-hm,user-churn,BINARY_CLASSIFICATION,0,30,roc_auc,cpu,False,"{""bagging_fraction"": 0.9252532736885, ""bagging_freq"": 1, ""cat_l2"": 0.0185425303217, ""cat_smooth"": 0.0026697944708, ""extra_trees"": true, ""feature_fraction"": 0.4403497788779, ""lambda_l1"": 0.990339913502, ""lambda_l2"": 1.5167814698069, ""learning_rate"": 0.032907451476, ""max_cat_to_onehot"": 89, ""min_data_in_leaf"": 2, ""min_data_per_group"": 10, ""n_estimators"": 665, ""num_leaves"": 12}",66abad1a,r16,0.5782769643132035,,48.61276343399993,1.3433390299999246,,,,0.8503735335967452,0.8134960029259627,0.8970405838068591,0.5782769643132035,,,,,,,,,,,
lightgbm,rel-hm,user-churn,BINARY_CLASSIFICATION,0,30,roc_auc,cpu,False,"{""bagging_fraction"": 0.9893469303368, ""bagging_freq"": 1, ""cat_l2"": 0.1517170923124, ""cat_smooth"": 0.0019146599966, ""extra_trees"": true, ""feature_fraction"": 0.8076356640991, ""lambda_l1"": 0.2169752947, ""lambda_l2"": 0.6401022999299, ""learning_rate"": 0.0682833284969, ""max_cat_to_onehot"": 45, ""min_data_in_leaf"": 2, ""min_data_per_group"": 8, ""n_estimators"": 71, ""num_leaves"": 27}",e3bf995d,r17,0.574999101622465,,13.435281037000095,0.3614779010001712,,,,0.8485246272026679,0.8133784419248654,0.8969853413032036,0.574999101622465,,,,,,,,,,,
lightgbm,rel-hm,user-churn,BINARY_CLASSIFICATION,0,30,roc_auc,cpu,False,"{""bagging_fraction"": 0.8662727305253, ""bagging_freq"": 1, ""cat_l2"": 0.0750558998512, ""cat_smooth"": 0.2749087238468, ""extra_trees"": true, ""feature_fraction"": 0.6722181067336, ""lambda_l1"": 0.6631118952798, ""lambda_l2"": 0.7669894419544, ""learning_rate"": 0.011346355764, ""max_cat_to_onehot"": 13, ""min_data_in_leaf"": 8, ""min_data_per_group"": 12, ""n_estimators"": 235, ""num_leaves"": 4}",d16f6217,r18,0.5609165256302246,,16.964288929000077,0.3533302329999515,,,,0.843018985227977,0.8128036992528346,0.8967365849792118,0.5609165256302246,,,,,,,,,,,
lightgbm,rel-hm,user-churn,BINARY_CLASSIFICATION,0,30,roc_auc,cpu,False,"{""bagging_fraction"": 0.7637171496671, ""bagging_freq"": 1, ""cat_l2"": 1.6733394870119, ""cat_smooth"": 25.4110617183616, ""extra_trees"": true, ""feature_fraction"": 0.7219475266652, ""lambda_l1"": 0.2633960444995, ""lambda_l2"": 1.1766753953959, ""learning_rate"": 0.0546075727721, ""max_cat_to_onehot"": 88, ""min_data_in_leaf"": 1, ""min_data_per_group"": 5, ""n_estimators"": 74, ""num_leaves"": 3}",3c940a82,r19,0.5644030479627071,,6.678172499000084,0.2947732009999981,,,,0.8453706330291877,0.8128036992528346,0.8967365849792118,0.5644030479627071,,,,,,,,,,,
lightgbm,rel-hm,user-churn,BINARY_CLASSIFICATION,0,30,roc_auc,cpu,False,"{""bagging_fraction"": 0.9145568099117, ""bagging_freq"": 1, ""cat_l2"": 0.0688015432043, ""cat_smooth"": 0.4410365667971, ""extra_trees"": false, ""feature_fraction"": 0.4842104682476, ""lambda_l1"": 0.6789116421659, ""lambda_l2"": 0.2119046236149, ""learning_rate"": 0.007497093098, ""max_cat_to_onehot"": 78, ""min_data_in_leaf"": 57, ""min_data_per_group"": 21, ""n_estimators"": 353, ""num_leaves"": 17}",a3464b9d,r2,0.5736841309072739,,32.855660293,0.6873034450000262,,,,0.8474450957663177,0.8129996342546633,0.8968305443853505,0.5736841309072739,,,,,,,,,,,
lightgbm,rel-hm,user-churn,BINARY_CLASSIFICATION,0,30,roc_auc,cpu,False,"{""bagging_fraction"": 0.766732967316, ""bagging_freq"": 1, ""cat_l2"": 0.2949769749976, ""cat_smooth"": 76.211749790676, ""extra_trees"": false, ""feature_fraction"": 0.9380027758242, ""lambda_l1"": 0.0207489343658, ""lambda_l2"": 1.6621138056269, ""learning_rate"": 0.0087194268009, ""max_cat_to_onehot"": 51, ""min_data_in_leaf"": 2, ""min_data_per_group"": 20, ""n_estimators"": 428, ""num_leaves"": 19}",8d3659ac,r20,0.5710295860715346,,37.52005079000014,0.9420574390001092,,,,0.8495845562655484,0.812882073253566,0.8967634531814153,0.5710295860715346,,,,,,,,,,,
lightgbm,rel-hm,user-churn,BINARY_CLASSIFICATION,0,30,roc_auc,cpu,False,"{""bagging_fraction"": 0.806683821355, ""bagging_freq"": 1, ""cat_l2"": 0.0082421437739, ""cat_smooth"": 0.0160008811562, ""extra_trees"": false, ""feature_fraction"": 0.5089787202952, ""lambda_l1"": 0.2184810145264, ""lambda_l2"": 0.9723705046664, ""learning_rate"": 0.0507096180332, ""max_cat_to_onehot"": 54, ""min_data_in_leaf"": 3, ""min_data_per_group"": 18, ""n_estimators"": 165, ""num_leaves"": 161}",a6d8d71e,r21,0.5892578235310658,,89.50183740299985,3.904312108999875,,,,0.8539351882776136,0.8135613145932389,0.8964110752258955,0.5892578235310658,,,,,,,,,,,
lightgbm,rel-hm,user-churn,BINARY_CLASSIFICATION,0,30,roc_auc,cpu,False,"{""bagging_fraction"": 0.9821295835758, ""bagging_freq"": 1, ""cat_l2"": 0.1367124095637, ""cat_smooth"": 0.0031729973642, ""extra_trees"": true, ""feature_fraction"": 0.7074360779775, ""lambda_l1"": 0.4552232983118, ""lambda_l2"": 1.417125445225, ""learning_rate"": 0.0925784167972, ""max_cat_to_onehot"": 8, ""min_data_in_leaf"": 5, ""min_data_per_group"": 7, ""n_estimators"": 123, ""num_leaves"": 2}",38aedfa8,r22,0.5623324129203875,,7.923215238000012,0.286417799999981,,,,0.8425010154111243,0.8128036992528346,0.8967365849792118,0.5623324129203875,,,,,,,,,,,
lightgbm,rel-hm,user-churn,BINARY_CLASSIFICATION,0,30,roc_auc,cpu,False,"{""bagging_fraction"": 0.9295975761421, ""bagging_freq"": 1, ""cat_l2"": 0.1658867884192, ""cat_smooth"": 0.0012082259188, ""extra_trees"": false, ""feature_fraction"": 0.7482682823129, ""lambda_l1"": 0.8788818548033, ""lambda_l2"": 0.9963306369924, ""learning_rate"": 0.0662004421712, ""max_cat_to_onehot"": 15, ""min_data_in_leaf"": 1, ""min_data_per_group"": 44, ""n_estimators"": 510, ""num_leaves"": 23}",3e9b950f,r23,0.5858279641643663,,72.32734052199999,3.145139675000109,,,,0.852199725534079,0.8142536182663671,0.89705350032578,0.5858279641643663,,,,,,,,,,,
lightgbm,rel-hm,user-churn,BINARY_CLASSIFICATION,0,30,roc_auc,cpu,False,"{""bagging_fraction"": 0.9245990859552, ""bagging_freq"": 1, ""cat_l2"": 1.592158021275, ""cat_smooth"": 44.4269586841343, ""extra_trees"": false, ""feature_fraction"": 0.872525293573, ""lambda_l1"": 0.492319014681, ""lambda_l2"": 1.6891157039359, ""learning_rate"": 0.0517998481756, ""max_cat_to_onehot"": 22, ""min_data_in_leaf"": 59, ""min_data_per_group"": 10, ""n_estimators"": 802, ""num_leaves"": 8}",0d0b00fe,r24,0.5808895667347606,,51.2319523220001,2.00119976200017,,,,0.8522789407044503,0.8139401222634411,0.8970630745215933,0.5808895667347606,,,,,,,,,,,
lightgbm,rel-hm,user-churn,BINARY_CLASSIFICATION,0,30,roc_auc,cpu,True,"{""bagging_fraction"": 0.9711159219238, ""bagging_freq"": 1, ""cat_l2"": 0.0287842816393, ""cat_smooth"": 2.2365712242177, ""extra_trees"": false, ""feature_fraction"": 0.7638852760411, ""lambda_l1"": 0.7155896013433, ""lambda_l2"": 0.3887650116637, ""learning_rate"": 0.0956151137114, ""max_cat_to_onehot"": 23, ""min_data_in_leaf"": 5, ""min_data_per_group"": 8, ""n_estimators"": 132, ""num_leaves"": 117}",311db951,r25,0.5918664792030717,0.5900812778267303,59.17949331699992,2.761529800000062,59.82582185599995,2.699652418999904,,0.8545221981705706,0.8140838079314489,0.8966698852210275,0.5918664792030717,0.8650191483330469,0.8270600067046597,0.9045084000325784,0.5900812778267303,,,,,,,
lightgbm,rel-hm,user-churn,BINARY_CLASSIFICATION,0,30,roc_auc,cpu,False,"{""bagging_fraction"": 0.7751868160582, ""bagging_freq"": 1, ""cat_l2"": 0.7205179793324, ""cat_smooth"": 0.2412048314858, ""extra_trees"": false, ""feature_fraction"": 0.5086905770421, ""lambda_l1"": 0.7774298210926, ""lambda_l2"": 0.7417685131559, ""learning_rate"": 0.006296404929, ""max_cat_to_onehot"": 41, ""min_data_in_leaf"": 17, ""min_data_per_group"": 4, ""n_estimators"": 197, ""num_leaves"": 50}",e3b85f93,r26,0.5771396545189595,,37.259350024000014,0.8885163540001031,,,,0.8489185991003159,0.8129473849208423,0.896807667363263,0.5771396545189595,,,,,,,,,,,
lightgbm,rel-hm,user-churn,BINARY_CLASSIFICATION,0,30,roc_auc,cpu,False,"{""bagging_fraction"": 0.9032235488416, ""bagging_freq"": 1, ""cat_l2"": 0.0484438463597, ""cat_smooth"": 0.2752154717585, ""extra_trees"": false, ""feature_fraction"": 0.8731273073839, ""lambda_l1"": 0.2594966220889, ""lambda_l2"": 0.3941888549433, ""learning_rate"": 0.0236586574252, ""max_cat_to_onehot"": 8, ""min_data_in_leaf"": 3, ""min_data_per_group"": 69, ""n_estimators"": 438, ""num_leaves"": 9}",d90cbc4e,r27,0.5813650645493159,,36.70498286899988,1.1303798510000431,,,,0.8497639200062836,0.8137180625947019,0.8971149475871323,0.5813650645493159,,,,,,,,,,,
lightgbm,rel-hm,user-churn,BINARY_CLASSIFICATION,0,30,roc_auc,cpu,False,"{""bagging_fraction"": 0.943127227378, ""bagging_freq"": 1, ""cat_l2"": 0.0089165711882, ""cat_smooth"": 0.196142976357, ""extra_trees"": false, ""feature_fraction"": 0.4341088458599, ""lambda_l1"": 0.3738757566188, ""lambda_l2"": 0.9197657819236, ""learning_rate"": 0.0125354274243, ""max_cat_to_onehot"": 23, ""min_data_in_leaf"": 1, ""min_data_per_group"": 16, ""n_estimators"": 165, ""num_leaves"": 65}",10f688c8,r28,0.5785142363472757,,28.874891186000013,0.8241947869998967,,,,0.849600650969832,0.8133261925910444,0.8969772991053728,0.5785142363472757,,,,,,,,,,,
lightgbm,rel-hm,user-churn,BINARY_CLASSIFICATION,0,30,roc_auc,cpu,False,"{""bagging_fraction"": 0.8296444149774, ""bagging_freq"": 1, ""cat_l2"": 0.0231985345244, ""cat_smooth"": 0.419723324168, ""extra_trees"": true, ""feature_fraction"": 0.818198345035, ""lambda_l1"": 0.5876408752329, ""lambda_l2"": 0.0893201412781, ""learning_rate"": 0.0282078967013, ""max_cat_to_onehot"": 29, ""min_data_in_leaf"": 5, ""min_data_per_group"": 12, ""n_estimators"": 750, ""num_leaves"": 37}",fb774425,r29,0.5847817710745646,,141.47636352999984,5.455315499000108,,,,0.8521912947319255,0.8143189299336433,0.8972332873057988,0.5847817710745646,,,,,,,,,,,
lightgbm,rel-hm,user-churn,BINARY_CLASSIFICATION,0,30,roc_auc,cpu,False,"{""bagging_fraction"": 0.8808290128215, ""bagging_freq"": 1, ""cat_l2"": 1.0457234595842, ""cat_smooth"": 0.6921859910209, ""extra_trees"": true, ""feature_fraction"": 0.9220523550151, ""lambda_l1"": 0.7206605914604, ""lambda_l2"": 0.9472534786514, ""learning_rate"": 0.0132034424949, ""max_cat_to_onehot"": 25, ""min_data_in_leaf"": 15, ""min_data_per_group"": 7, ""n_estimators"": 335, ""num_leaves"": 35}",7ae6364f,r3,0.5811451561947582,,58.62791792499999,1.468445040000006,,,,0.85091511871188,0.8137703119285229,0.8971734787343763,0.5811451561947582,,,,,,,,,,,
lightgbm,rel-hm,user-churn,BINARY_CLASSIFICATION,0,30,roc_auc,cpu,False,"{""bagging_fraction"": 0.9256403562964, ""bagging_freq"": 1, ""cat_l2"": 0.173468569422, ""cat_smooth"": 0.1622096133057, ""extra_trees"": true, ""feature_fraction"": 0.8672172375647, ""lambda_l1"": 0.2728946202342, ""lambda_l2"": 1.5996117895528, ""learning_rate"": 0.0885567275464, ""max_cat_to_onehot"": 31, ""min_data_in_leaf"": 54, ""min_data_per_group"": 63, ""n_estimators"": 395, ""num_leaves"": 6}",a691dd6f,r30,0.5746434271018565,,23.859874564000165,0.454633197000021,,,,0.8493011011535974,0.8131825069230367,0.8969076623657464,0.5746434271018565,,,,,,,,,,,
lightgbm,rel-hm,user-churn,BINARY_CLASSIFICATION,0,30,roc_auc,cpu,False,"{""bagging_fraction"": 0.8634649548991, ""bagging_freq"": 1, ""cat_l2"": 1.6087120636028, ""cat_smooth"": 42.4603130176821, ""extra_trees"": false, ""feature_fraction"": 0.6841648271642, ""lambda_l1"": 0.5820615900959, ""lambda_l2"": 0.3727460534192, ""learning_rate"": 0.0078289135266, ""max_cat_to_onehot"": 37, ""min_data_in_leaf"": 2, ""min_data_per_group"": 2, ""n_estimators"": 987, ""num_leaves"": 9}",1d48d1c9,r4,0.5793567414998753,,66.23616748900002,2.378533462999997,,,,0.8515525137496744,0.8138094989288887,0.8971572871572872,0.5793567414998753,,,,,,,,,,,
lightgbm,rel-hm,user-churn,BINARY_CLASSIFICATION,0,30,roc_auc,cpu,False,"{""bagging_fraction"": 0.8270964398017, ""bagging_freq"": 1, ""cat_l2"": 0.0497402357678, ""cat_smooth"": 0.0022655846367, ""extra_trees"": true, ""feature_fraction"": 0.8805464511878, ""lambda_l1"": 0.5374194921261, ""lambda_l2"": 1.4738626624402, ""learning_rate"": 0.009732329389, ""max_cat_to_onehot"": 78, ""min_data_in_leaf"": 4, ""min_data_per_group"": 24, ""n_estimators"": 285, ""num_leaves"": 44}",4f68409e,r5,0.5653020360971991,,30.03007856900001,0.6744951960000094,,,,0.8455358207602072,0.8128036992528346,0.8967365849792118,0.5653020360971991,,,,,,,,,,,
lightgbm,rel-hm,user-churn,BINARY_CLASSIFICATION,0,30,roc_auc,cpu,False,"{""bagging_fraction"": 0.7951605226208, ""bagging_freq"": 1, ""cat_l2"": 0.2087627025057, ""cat_smooth"": 0.0018992120999, ""extra_trees"": true, ""feature_fraction"": 0.5907899076364, ""lambda_l1"": 0.2654629519904, ""lambda_l2"": 0.6372060480074, ""learning_rate"": 0.0086558049456, ""max_cat_to_onehot"": 44, ""min_data_in_leaf"": 11, ""min_data_per_group"": 11, ""n_estimators"": 164, ""num_leaves"": 56}",3c57d7d3,r6,0.5636089012855363,,18.702116439000008,0.4165714690000186,,,,0.8446610887809687,0.8128036992528346,0.8967365849792118,0.5636089012855363,,,,,,,,,,,
lightgbm,rel-hm,user-churn,BINARY_CLASSIFICATION,0,30,roc_auc,cpu,False,"{""bagging_fraction"": 0.9335036446078, ""bagging_freq"": 1, ""cat_l2"": 0.2830562687557, ""cat_smooth"": 0.1802171314263, ""extra_trees"": true, ""feature_fraction"": 0.6485577967088, ""lambda_l1"": 0.5232957286614, ""lambda_l2"": 1.3348540188894, ""learning_rate"": 0.0289761662926, ""max_cat_to_onehot"": 15, ""min_data_in_leaf"": 11, ""min_data_per_group"": 55, ""n_estimators"": 701, ""num_leaves"": 20}",134c98bb,r7,0.573590316126565,,52.67885075499999,1.2039785839999697,,,,0.8492382780106245,0.8129735095877527,0.8968161312174803,0.573590316126565,,,,,,,,,,,
lightgbm,rel-hm,user-churn,BINARY_CLASSIFICATION,0,30,roc_auc,cpu,False,"{""bagging_fraction"": 0.9848713160352, ""bagging_freq"": 1, ""cat_l2"": 1.6905546285477, ""cat_smooth"": 0.001258746648, ""extra_trees"": true, ""feature_fraction"": 0.4384884978093, ""lambda_l1"": 0.0940311167074, ""lambda_l2"": 0.2636825450225, ""learning_rate"": 0.0053104402291, ""max_cat_to_onehot"": 51, ""min_data_in_leaf"": 10, ""min_data_per_group"": 31, ""n_estimators"": 285, ""num_leaves"": 164}",42517afb,r8,0.5614969865734541,,21.662750013,0.4843146649999994,,,,0.8439449376937125,0.8128036992528346,0.8967365849792118,0.5614969865734541,,,,,,,,,,,
lightgbm,rel-hm,user-churn,BINARY_CLASSIFICATION,0,30,roc_auc,cpu,False,"{""bagging_fraction"": 0.898758060085, ""bagging_freq"": 1, ""cat_l2"": 0.964011246959, ""cat_smooth"": 0.1616421454928, ""extra_trees"": false, ""feature_fraction"": 0.815483271622, ""lambda_l1"": 0.5759889009066, ""lambda_l2"": 1.4326827755167, ""learning_rate"": 0.0599026240177, ""max_cat_to_onehot"": 91, ""min_data_in_leaf"": 2, ""min_data_per_group"": 6, ""n_estimators"": 702, ""num_leaves"": 39}",b7f5d391,r9,0.5894561012982978,,161.44737195099998,8.414049353999985,,,,0.8531123483402149,0.8145279272689273,0.8970960190748135,0.5894561012982978,,,,,,,,,,,
lightgbm,rel-stack,post-votes,REGRESSION,0,30,mae,cpu,False,{},bf21a9e8,default,0.0601548069668012,0.0664174479965783,24.471321680999992,0.978717285000016,24.123615490999786,1.0030868600001668,,,,,,,,,,0.1225649957348881,0.0601548069668012,0.3428739043811995,0.09874286719316,0.0664174479965783,0.3503833985217494,
lightgbm,rel-stack,post-votes,REGRESSION,0,30,mae,cpu,False,"{""bagging_fraction"": 0.8646440511782, ""bagging_freq"": 1, ""cat_l2"": 0.2396763788772, ""cat_smooth"": 9.0912832806515, ""extra_trees"": true, ""feature_fraction"": 0.9742930953718, ""lambda_l1"": 0.5205254318032, ""lambda_l2"": 1.5172553870823, ""learning_rate"": 0.0095655183906, ""max_cat_to_onehot"": 21, ""min_data_in_leaf"": 1, ""min_data_per_group"": 38, ""n_estimators"": 885, ""num_leaves"": 13}",9ddece77,r1,0.0602425184218787,,64.865994376,3.39075754999999,,,,,,,,,,,,0.1167437206287145,0.0602425184218787,0.3440094094240122,,,,
lightgbm,rel-stack,post-votes,REGRESSION,0,30,mae,cpu,False,"{""bagging_fraction"": 0.7040714906836, ""bagging_freq"": 1, ""cat_l2"": 0.1059359109832, ""cat_smooth"": 79.0557829290776, ""extra_trees"": true, ""feature_fraction"": 0.7399608725239, ""lambda_l1"": 0.9293032679565, ""lambda_l2"": 0.5788832452851, ""learning_rate"": 0.0050708289337, ""max_cat_to_onehot"": 15, ""min_data_in_leaf"": 53, ""min_data_per_group"": 48, ""n_estimators"": 398, ""num_leaves"": 14}",85d4ebc9,r10,0.0616908641806333,,27.88231142500001,0.9337156110000252,,,,,,,,,,,,-0.0283605068107475,0.0616908641806333,0.3711928905893496,,,,
lightgbm,rel-stack,post-votes,REGRESSION,0,30,mae,cpu,False,"{""bagging_fraction"": 0.8819179642384, ""bagging_freq"": 1, ""cat_l2"": 0.2028071332361, ""cat_smooth"": 0.9002514016925, ""extra_trees"": true, ""feature_fraction"": 0.9904253448185, ""lambda_l1"": 0.3523764300344, ""lambda_l2"": 1.0166800656129, ""learning_rate"": 0.0076046378471, ""max_cat_to_onehot"": 9, ""min_data_in_leaf"": 51, ""min_data_per_group"": 4, ""n_estimators"": 309, ""num_leaves"": 50}",eb5d77d2,r11,0.0601631102534486,,69.959659365,6.144814517999976,,,,,,,,,,,,0.1228304260784678,0.0601631102534486,0.3428220395584084,,,,
lightgbm,rel-stack,post-votes,REGRESSION,0,30,mae,cpu,False,"{""bagging_fraction"": 0.7057579594928, ""bagging_freq"": 1, ""cat_l2"": 0.0652607238611, ""cat_smooth"": 0.7440913299852, ""extra_trees"": true, ""feature_fraction"": 0.5562045565524, ""lambda_l1"": 0.4693022490728, ""lambda_l2"": 0.3337783413457, ""learning_rate"": 0.005523232486, ""max_cat_to_onehot"": 20, ""min_data_in_leaf"": 22, ""min_data_per_group"": 3, ""n_estimators"": 298, ""num_leaves"": 194}",97b0d170,r12,0.060520708992856,,154.74687890500002,18.35167569600003,,,,,,,,,,,,0.0977535260110592,0.060520708992856,0.3476878797044266,,,,
lightgbm,rel-stack,post-votes,REGRESSION,0,30,mae,cpu,False,"{""bagging_fraction"": 0.7904724450024, ""bagging_freq"": 1, ""cat_l2"": 0.0112585288934, ""cat_smooth"": 1.8450328342775, ""extra_trees"": false, ""feature_fraction"": 0.7222135128255, ""lambda_l1"": 0.8411560157726, ""lambda_l2"": 1.5581241341161, ""learning_rate"": 0.0949138303247, ""max_cat_to_onehot"": 8, ""min_data_in_leaf"": 4, ""min_data_per_group"": 12, ""n_estimators"": 523, ""num_leaves"": 6}",b0f88568,r13,0.0601791066398065,,36.60138004100008,1.2656617499999356,,,,,,,,,,,,0.1446602284804964,0.0601791066398065,0.3385293193009384,,,,
lightgbm,rel-stack,post-votes,REGRESSION,0,30,mae,cpu,False,"{""bagging_fraction"": 0.8980520612478, ""bagging_freq"": 1, ""cat_l2"": 0.0298619738506, ""cat_smooth"": 1.8218656600978, ""extra_trees"": false, ""feature_fraction"": 0.6687557031224, ""lambda_l1"": 0.9046572794351, ""lambda_l2"": 1.7298800978754, ""learning_rate"": 0.0152979229147, ""max_cat_to_onehot"": 14, ""min_data_in_leaf"": 7, ""min_data_per_group"": 61, ""n_estimators"": 223, ""num_leaves"": 45}",c9bdab03,r14,0.0601322778306727,,57.891417735000005,5.502594342000066,,,,,,,,,,,,0.1255630684554166,0.0601322778306727,0.3422876270516238,,,,
lightgbm,rel-stack,post-votes,REGRESSION,0,30,mae,cpu,False,"{""bagging_fraction"": 0.7870232821631, ""bagging_freq"": 1, ""cat_l2"": 0.1520732736224, ""cat_smooth"": 0.143579414226, ""extra_trees"": false, ""feature_fraction"": 0.4597414534665, ""lambda_l1"": 0.0376556278898, ""lambda_l2"": 0.8228523078385, ""learning_rate"": 0.0175995134195, ""max_cat_to_onehot"": 55, ""min_data_in_leaf"": 4, ""min_data_per_group"": 81, ""n_estimators"": 58, ""num_leaves"": 107}",5c4e94f9,r15,0.0608974130973229,,33.1337740150002,3.071423106000111,,,,,,,,,,,,0.0693306102537408,0.0608974130973229,0.3531219140009425,,,,
lightgbm,rel-stack,post-votes,REGRESSION,0,30,mae,cpu,False,"{""bagging_fraction"": 0.9252532736885, ""bagging_freq"": 1, ""cat_l2"": 0.0185425303217, ""cat_smooth"": 0.0026697944708, ""extra_trees"": true, ""feature_fraction"": 0.4403497788779, ""lambda_l1"": 0.990339913502, ""lambda_l2"": 1.5167814698069, ""learning_rate"": 0.032907451476, ""max_cat_to_onehot"": 89, ""min_data_in_leaf"": 2, ""min_data_per_group"": 10, ""n_estimators"": 665, ""num_leaves"": 12}",66abad1a,r16,0.0600391390227148,,65.65498535000006,4.037370812000063,,,,,,,,,,,,0.1472853454706495,0.0600391390227148,0.3380094311785066,,,,
lightgbm,rel-stack,post-votes,REGRESSION,0,30,mae,cpu,False,"{""bagging_fraction"": 0.9893469303368, ""bagging_freq"": 1, ""cat_l2"": 0.1517170923124, ""cat_smooth"": 0.0019146599966, ""extra_trees"": true, ""feature_fraction"": 0.8076356640991, ""lambda_l1"": 0.2169752947, ""lambda_l2"": 0.6401022999299, ""learning_rate"": 0.0682833284969, ""max_cat_to_onehot"": 45, ""min_data_in_leaf"": 2, ""min_data_per_group"": 8, ""n_estimators"": 71, ""num_leaves"": 27}",e3bf995d,r17,0.0600286878664013,,17.59749188899991,0.6363604569999097,,,,,,,,,,,,0.1471466657132728,0.0600286878664013,0.3380369158475877,,,,
lightgbm,rel-stack,post-votes,REGRESSION,0,30,mae,cpu,False,"{""bagging_fraction"": 0.8662727305253, ""bagging_freq"": 1, ""cat_l2"": 0.0750558998512, ""cat_smooth"": 0.2749087238468, ""extra_trees"": true, ""feature_fraction"": 0.6722181067336, ""lambda_l1"": 0.6631118952798, ""lambda_l2"": 0.7669894419544, ""learning_rate"": 0.011346355764, ""max_cat_to_onehot"": 13, ""min_data_in_leaf"": 8, ""min_data_per_group"": 12, ""n_estimators"": 235, ""num_leaves"": 4}",d16f6217,r18,0.0604145652484228,,18.54440829300006,0.5071906980001586,,,,,,,,,,,,0.099064885565797,0.0604145652484228,0.3474351163917827,,,,
lightgbm,rel-stack,post-votes,REGRESSION,0,30,mae,cpu,False,"{""bagging_fraction"": 0.7637171496671, ""bagging_freq"": 1, ""cat_l2"": 1.6733394870119, ""cat_smooth"": 25.4110617183616, ""extra_trees"": true, ""feature_fraction"": 0.7219475266652, ""lambda_l1"": 0.2633960444995, ""lambda_l2"": 1.1766753953959, ""learning_rate"": 0.0546075727721, ""max_cat_to_onehot"": 88, ""min_data_in_leaf"": 1, ""min_data_per_group"": 5, ""n_estimators"": 74, ""num_leaves"": 3}",3c940a82,r19,0.0609996603625934,,11.235317878999922,0.3432827599999655,,,,,,,,,,,,0.0519400797605696,0.0609996603625934,0.356405870029963,,,,
lightgbm,rel-stack,post-votes,REGRESSION,0,30,mae,cpu,False,"{""bagging_fraction"": 0.9145568099117, ""bagging_freq"": 1, ""cat_l2"": 0.0688015432043, ""cat_smooth"": 0.4410365667971, ""extra_trees"": false, ""feature_fraction"": 0.4842104682476, ""lambda_l1"": 0.6789116421659, ""lambda_l2"": 0.2119046236149, ""learning_rate"": 0.007497093098, ""max_cat_to_onehot"": 78, ""min_data_in_leaf"": 57, ""min_data_per_group"": 21, ""n_estimators"": 353, ""num_leaves"": 17}",a3464b9d,r2,0.0602383066651569,,46.49810052400002,2.744563840000012,,,,,,,,,,,,0.1090611203272764,0.0602383066651569,0.3455022743646263,,,,
lightgbm,rel-stack,post-votes,REGRESSION,0,30,mae,cpu,False,"{""bagging_fraction"": 0.766732967316, ""bagging_freq"": 1, ""cat_l2"": 0.2949769749976, ""cat_smooth"": 76.211749790676, ""extra_trees"": false, ""feature_fraction"": 0.9380027758242, ""lambda_l1"": 0.0207489343658, ""lambda_l2"": 1.6621138056269, ""learning_rate"": 0.0087194268009, ""max_cat_to_onehot"": 51, ""min_data_in_leaf"": 2, ""min_data_per_group"": 20, ""n_estimators"": 428, ""num_leaves"": 19}",8d3659ac,r20,0.0616886777628548,,28.439229187000137,0.6830616989998362,,,,,,,,,,,,-0.0282420022943472,0.0616886777628548,0.3711715025153098,,,,
lightgbm,rel-stack,post-votes,REGRESSION,0,30,mae,cpu,False,"{""bagging_fraction"": 0.806683821355, ""bagging_freq"": 1, ""cat_l2"": 0.0082421437739, ""cat_smooth"": 0.0160008811562, ""extra_trees"": false, ""feature_fraction"": 0.5089787202952, ""lambda_l1"": 0.2184810145264, ""lambda_l2"": 0.9723705046664, ""learning_rate"": 0.0507096180332, ""max_cat_to_onehot"": 54, ""min_data_in_leaf"": 3, ""min_data_per_group"": 18, ""n_estimators"": 165, ""num_leaves"": 161}",a6d8d71e,r21,0.0605875044335244,,110.82699089400012,14.245562518000042,,,,,,,,,,,,0.1083748488080778,0.0605875044335244,0.345635315325011,,,,
lightgbm,rel-stack,post-votes,REGRESSION,0,30,mae,cpu,False,"{""bagging_fraction"": 0.9821295835758, ""bagging_freq"": 1, ""cat_l2"": 0.1367124095637, ""cat_smooth"": 0.0031729973642, ""extra_trees"": true, ""feature_fraction"": 0.7074360779775, ""lambda_l1"": 0.4552232983118, ""lambda_l2"": 1.417125445225, ""learning_rate"": 0.0925784167972, ""max_cat_to_onehot"": 8, ""min_data_in_leaf"": 5, ""min_data_per_group"": 7, ""n_estimators"": 123, ""num_leaves"": 2}",38aedfa8,r22,0.0605308242058755,,12.080268285000102,0.3548558550000962,,,,,,,,,,,,0.0968787021800127,0.0605308242058755,0.3478563990376649,,,,
lightgbm,rel-stack,post-votes,REGRESSION,0,30,mae,cpu,False,"{""bagging_fraction"": 0.9295975761421, ""bagging_freq"": 1, ""cat_l2"": 0.1658867884192, ""cat_smooth"": 0.0012082259188, ""extra_trees"": false, ""feature_fraction"": 0.7482682823129, ""lambda_l1"": 0.8788818548033, ""lambda_l2"": 0.9963306369924, ""learning_rate"": 0.0662004421712, ""max_cat_to_onehot"": 15, ""min_data_in_leaf"": 1, ""min_data_per_group"": 44, ""n_estimators"": 510, ""num_leaves"": 23}",3e9b950f,r23,0.0600688345991892,,75.49159310899995,7.475151081999911,,,,,,,,,,,,0.1437802948662836,0.0600688345991892,0.3387034061168644,,,,
lightgbm,rel-stack,post-votes,REGRESSION,0,30,mae,cpu,False,"{""bagging_fraction"": 0.9245990859552, ""bagging_freq"": 1, ""cat_l2"": 1.592158021275, ""cat_smooth"": 44.4269586841343, ""extra_trees"": false, ""feature_fraction"": 0.872525293573, ""lambda_l1"": 0.492319014681, ""lambda_l2"": 1.6891157039359, ""learning_rate"": 0.0517998481756, ""max_cat_to_onehot"": 22, ""min_data_in_leaf"": 59, ""min_data_per_group"": 10, ""n_estimators"": 802, ""num_leaves"": 8}",0d0b00fe,r24,0.061700044000688,,41.31962596800008,1.3477213710000342,,,,,,,,,,,,-0.0280244727847562,0.061700044000688,0.3711322388859983,,,,
lightgbm,rel-stack,post-votes,REGRESSION,0,30,mae,cpu,False,"{""bagging_fraction"": 0.9711159219238, ""bagging_freq"": 1, ""cat_l2"": 0.0287842816393, ""cat_smooth"": 2.2365712242177, ""extra_trees"": false, ""feature_fraction"": 0.7638852760411, ""lambda_l1"": 0.7155896013433, ""lambda_l2"": 0.3887650116637, ""learning_rate"": 0.0956151137114, ""max_cat_to_onehot"": 23, ""min_data_in_leaf"": 5, ""min_data_per_group"": 8, ""n_estimators"": 132, ""num_leaves"": 117}",311db951,r25,0.0602160788231857,,62.84251263500005,6.042710591000059,,,,,,,,,,,,0.1368821565398736,0.0602160788231857,0.3400650519325915,,,,
lightgbm,rel-stack,post-votes,REGRESSION,0,30,mae,cpu,False,"{""bagging_fraction"": 0.7751868160582, ""bagging_freq"": 1, ""cat_l2"": 0.7205179793324, ""cat_smooth"": 0.2412048314858, ""extra_trees"": false, ""feature_fraction"": 0.5086905770421, ""lambda_l1"": 0.7774298210926, ""lambda_l2"": 0.7417685131559, ""learning_rate"": 0.006296404929, ""max_cat_to_onehot"": 41, ""min_data_in_leaf"": 17, ""min_data_per_group"": 4, ""n_estimators"": 197, ""num_leaves"": 50}",e3b85f93,r26,0.0604880542809878,,58.69258112600005,6.269253512999967,,,,,,,,,,,,0.0865312370339994,0.0604880542809878,0.3498434967517462,,,,
lightgbm,rel-stack,post-votes,REGRESSION,0,30,mae,cpu,False,"{""bagging_fraction"": 0.9032235488416, ""bagging_freq"": 1, ""cat_l2"": 0.0484438463597, ""cat_smooth"": 0.2752154717585, ""extra_trees"": false, ""feature_fraction"": 0.8731273073839, ""lambda_l1"": 0.2594966220889, ""lambda_l2"": 0.3941888549433, ""learning_rate"": 0.0236586574252, ""max_cat_to_onehot"": 8, ""min_data_in_leaf"": 3, ""min_data_per_group"": 69, ""n_estimators"": 438, ""num_leaves"": 9}",d90cbc4e,r27,0.0600798167938723,,37.57103928300012,1.6660893739999665,,,,,,,,,,,,0.131998707540888,0.0600798167938723,0.3410257248927797,,,,
lightgbm,rel-stack,post-votes,REGRESSION,0,30,mae,cpu,False,"{""bagging_fraction"": 0.943127227378, ""bagging_freq"": 1, ""cat_l2"": 0.0089165711882, ""cat_smooth"": 0.196142976357, ""extra_trees"": false, ""feature_fraction"": 0.4341088458599, ""lambda_l1"": 0.3738757566188, ""lambda_l2"": 0.9197657819236, ""learning_rate"": 0.0125354274243, ""max_cat_to_onehot"": 23, ""min_data_in_leaf"": 1, ""min_data_per_group"": 16, ""n_estimators"": 165, ""num_leaves"": 65}",10f688c8,r28,0.0603765044071023,,53.57861978000005,4.846184684000036,,,,,,,,,,,,0.1071136483746182,0.0603765044071023,0.3458796788715486,,,,
lightgbm,rel-stack,post-votes,REGRESSION,0,30,mae,cpu,True,"{""bagging_fraction"": 0.8296444149774, ""bagging_freq"": 1, ""cat_l2"": 0.0231985345244, ""cat_smooth"": 0.419723324168, ""extra_trees"": true, ""feature_fraction"": 0.818198345035, ""lambda_l1"": 0.5876408752329, ""lambda_l2"": 0.0893201412781, ""learning_rate"": 0.0282078967013, ""max_cat_to_onehot"": 29, ""min_data_in_leaf"": 5, ""min_data_per_group"": 12, ""n_estimators"": 750, ""num_leaves"": 37}",fb774425,r29,0.0599156331999548,0.0660988794718334,146.02469529100017,16.15625187700016,145.61884555300003,15.93000797600007,,,,,,,,,,0.1662934749368402,0.0599156331999548,0.3342208620903246,0.1298461605742841,0.0660988794718334,0.3442842723773019,
lightgbm,rel-stack,post-votes,REGRESSION,0,30,mae,cpu,False,"{""bagging_fraction"": 0.8808290128215, ""bagging_freq"": 1, ""cat_l2"": 1.0457234595842, ""cat_smooth"": 0.6921859910209, ""extra_trees"": true, ""feature_fraction"": 0.9220523550151, ""lambda_l1"": 0.7206605914604, ""lambda_l2"": 0.9472534786514, ""learning_rate"": 0.0132034424949, ""max_cat_to_onehot"": 25, ""min_data_in_leaf"": 15, ""min_data_per_group"": 7, ""n_estimators"": 335, ""num_leaves"": 35}",7ae6364f,r3,0.0599781871125081,,70.90780257100002,6.506538089999992,,,,,,,,,,,,0.1438737461462201,0.0599781871125081,0.3386849218830037,,,,
lightgbm,rel-stack,post-votes,REGRESSION,0,30,mae,cpu,False,"{""bagging_fraction"": 0.9256403562964, ""bagging_freq"": 1, ""cat_l2"": 0.173468569422, ""cat_smooth"": 0.1622096133057, ""extra_trees"": true, ""feature_fraction"": 0.8672172375647, ""lambda_l1"": 0.2728946202342, ""lambda_l2"": 1.5996117895528, ""learning_rate"": 0.0885567275464, ""max_cat_to_onehot"": 31, ""min_data_in_leaf"": 54, ""min_data_per_group"": 63, ""n_estimators"": 395, ""num_leaves"": 6}",a691dd6f,r30,0.0600019716754508,,26.515691018000098,0.6787479760000679,,,,,,,,,,,,0.1693094127316639,0.0600019716754508,0.3336157915086759,,,,
lightgbm,rel-stack,post-votes,REGRESSION,0,30,mae,cpu,False,"{""bagging_fraction"": 0.8634649548991, ""bagging_freq"": 1, ""cat_l2"": 1.6087120636028, ""cat_smooth"": 42.4603130176821, ""extra_trees"": false, ""feature_fraction"": 0.6841648271642, ""lambda_l1"": 0.5820615900959, ""lambda_l2"": 0.3727460534192, ""learning_rate"": 0.0078289135266, ""max_cat_to_onehot"": 37, ""min_data_in_leaf"": 2, ""min_data_per_group"": 2, ""n_estimators"": 987, ""num_leaves"": 9}",1d48d1c9,r4,0.0616912417418651,,53.69650177599999,1.85923174200002,,,,,,,,,,,,-0.0283067580898683,0.0616912417418651,0.3711831900010652,,,,
lightgbm,rel-stack,post-votes,REGRESSION,0,30,mae,cpu,False,"{""bagging_fraction"": 0.8270964398017, ""bagging_freq"": 1, ""cat_l2"": 0.0497402357678, ""cat_smooth"": 0.0022655846367, ""extra_trees"": true, ""feature_fraction"": 0.8805464511878, ""lambda_l1"": 0.5374194921261, ""lambda_l2"": 1.4738626624402, ""learning_rate"": 0.009732329389, ""max_cat_to_onehot"": 78, ""min_data_in_leaf"": 4, ""min_data_per_group"": 24, ""n_estimators"": 285, ""num_leaves"": 44}",4f68409e,r5,0.0602157573078348,,44.57135086400001,2.6862631920000126,,,,,,,,,,,,0.1224742648942924,0.0602157573078348,0.3428916312972921,,,,
lightgbm,rel-stack,post-votes,REGRESSION,0,30,mae,cpu,False,"{""bagging_fraction"": 0.7951605226208, ""bagging_freq"": 1, ""cat_l2"": 0.2087627025057, ""cat_smooth"": 0.0018992120999, ""extra_trees"": true, ""feature_fraction"": 0.5907899076364, ""lambda_l1"": 0.2654629519904, ""lambda_l2"": 0.6372060480074, ""learning_rate"": 0.0086558049456, ""max_cat_to_onehot"": 44, ""min_data_in_leaf"": 11, ""min_data_per_group"": 11, ""n_estimators"": 164, ""num_leaves"": 56}",3c57d7d3,r6,0.0603942619125699,,49.94676487699997,4.093578485000023,,,,,,,,,,,,0.1012622100374216,0.0603942619125699,0.3470111714661522,,,,
lightgbm,rel-stack,post-votes,REGRESSION,0,30,mae,cpu,False,"{""bagging_fraction"": 0.9335036446078, ""bagging_freq"": 1, ""cat_l2"": 0.2830562687557, ""cat_smooth"": 0.1802171314263, ""extra_trees"": true, ""feature_fraction"": 0.6485577967088, ""lambda_l1"": 0.5232957286614, ""lambda_l2"": 1.3348540188894, ""learning_rate"": 0.0289761662926, ""max_cat_to_onehot"": 15, ""min_data_in_leaf"": 11, ""min_data_per_group"": 55, ""n_estimators"": 701, ""num_leaves"": 20}",134c98bb,r7,0.0600138897934889,,44.33440989100001,1.298723117999998,,,,,,,,,,,,0.1528562840679951,0.0600138897934889,0.3369034835983662,,,,
lightgbm,rel-stack,post-votes,REGRESSION,0,30,mae,cpu,False,"{""bagging_fraction"": 0.9848713160352, ""bagging_freq"": 1, ""cat_l2"": 1.6905546285477, ""cat_smooth"": 0.001258746648, ""extra_trees"": true, ""feature_fraction"": 0.4384884978093, ""lambda_l1"": 0.0940311167074, ""lambda_l2"": 0.2636825450225, ""learning_rate"": 0.0053104402291, ""max_cat_to_onehot"": 51, ""min_data_in_leaf"": 10, ""min_data_per_group"": 31, ""n_estimators"": 285, ""num_leaves"": 164}",42517afb,r8,0.0605659780955069,,42.82018069200001,1.8052897219999977,,,,,,,,,,,,0.0909490079176744,0.0605659780955069,0.3489965046856199,,,,
lightgbm,rel-stack,post-votes,REGRESSION,0,30,mae,cpu,False,"{""bagging_fraction"": 0.898758060085, ""bagging_freq"": 1, ""cat_l2"": 0.964011246959, ""cat_smooth"": 0.1616421454928, ""extra_trees"": false, ""feature_fraction"": 0.815483271622, ""lambda_l1"": 0.5759889009066, ""lambda_l2"": 1.4326827755167, ""learning_rate"": 0.0599026240177, ""max_cat_to_onehot"": 91, ""min_data_in_leaf"": 2, ""min_data_per_group"": 6, ""n_estimators"": 702, ""num_leaves"": 39}",b7f5d391,r9,0.0600568045795414,,147.12544226600005,17.25015258399992,,,,,,,,,,,,0.145593370153797,0.0600568045795414,0.3383446078970804,,,,
lightgbm,rel-stack,user-badge,BINARY_CLASSIFICATION,0,30,roc_auc,cpu,False,{},bf21a9e8,default,0.6718965660341187,0.5407354851087066,19.248359416,0.9576829329999867,18.17375645800007,1.0539970929999072,,0.1049347689413459,0.9706869093525412,0.0231681034482758,0.6718965660341187,0.0421169565326065,0.8110706453634086,0.052403119046216,0.5407354851087066,,,,,,,
lightgbm,rel-stack,user-badge,BINARY_CLASSIFICATION,0,30,roc_auc,cpu,False,"{""bagging_fraction"": 0.8646440511782, ""bagging_freq"": 1, ""cat_l2"": 0.2396763788772, ""cat_smooth"": 9.0912832806515, ""extra_trees"": true, ""feature_fraction"": 0.9742930953718, ""lambda_l1"": 0.5205254318032, ""lambda_l2"": 1.5172553870823, ""learning_rate"": 0.0095655183906, ""max_cat_to_onehot"": 21, ""min_data_in_leaf"": 1, ""min_data_per_group"": 38, ""n_estimators"": 885, ""num_leaves"": 13}",9ddece77,r1,0.6548174361138864,,86.87959968800001,6.396001790999975,,,,0.1024503909674874,0.97071116177172,0.0216041047799081,0.6548174361138864,,,,,,,,,,,
lightgbm,rel-stack,user-badge,BINARY_CLASSIFICATION,0,30,roc_auc,cpu,False,"{""bagging_fraction"": 0.7040714906836, ""bagging_freq"": 1, ""cat_l2"": 0.1059359109832, ""cat_smooth"": 79.0557829290776, ""extra_trees"": true, ""feature_fraction"": 0.7399608725239, ""lambda_l1"": 0.9293032679565, ""lambda_l2"": 0.5788832452851, ""learning_rate"": 0.0050708289337, ""max_cat_to_onehot"": 15, ""min_data_in_leaf"": 53, ""min_data_per_group"": 48, ""n_estimators"": 398, ""num_leaves"": 14}",85d4ebc9,r10,0.6254597120304977,,28.415930753999987,1.4711359499999617,,,,0.0584381249628268,0.9704888479292476,0.0,0.6254597120304977,,,,,,,,,,,
lightgbm,rel-stack,user-badge,BINARY_CLASSIFICATION,0,30,roc_auc,cpu,False,"{""bagging_fraction"": 0.8819179642384, ""bagging_freq"": 1, ""cat_l2"": 0.2028071332361, ""cat_smooth"": 0.9002514016925, ""extra_trees"": true, ""feature_fraction"": 0.9904253448185, ""lambda_l1"": 0.3523764300344, ""lambda_l2"": 1.0166800656129, ""learning_rate"": 0.0076046378471, ""max_cat_to_onehot"": 9, ""min_data_in_leaf"": 51, ""min_data_per_group"": 4, ""n_estimators"": 309, ""num_leaves"": 50}",eb5d77d2,r11,0.651111286661713,,57.57777095200004,2.607147815000076,,,,0.1089667456215628,0.9707637086799408,0.0226996351844345,0.651111286661713,,,,,,,,,,,
lightgbm,rel-stack,user-badge,BINARY_CLASSIFICATION,0,30,roc_auc,cpu,False,"{""bagging_fraction"": 0.7057579594928, ""bagging_freq"": 1, ""cat_l2"": 0.0652607238611, ""cat_smooth"": 0.7440913299852, ""extra_trees"": true, ""feature_fraction"": 0.5562045565524, ""lambda_l1"": 0.4693022490728, ""lambda_l2"": 0.3337783413457, ""learning_rate"": 0.005523232486, ""max_cat_to_onehot"": 20, ""min_data_in_leaf"": 22, ""min_data_per_group"": 3, ""n_estimators"": 298, ""num_leaves"": 194}",97b0d170,r12,0.6588602056105141,,136.34827142899996,11.592078019999915,,,,0.1118948169194272,0.9707313721210358,0.0224112326177939,0.6588602056105141,,,,,,,,,,,
lightgbm,rel-stack,user-badge,BINARY_CLASSIFICATION,0,30,roc_auc,cpu,False,"{""bagging_fraction"": 0.7904724450024, ""bagging_freq"": 1, ""cat_l2"": 0.0112585288934, ""cat_smooth"": 1.8450328342775, ""extra_trees"": false, ""feature_fraction"": 0.7222135128255, ""lambda_l1"": 0.8411560157726, ""lambda_l2"": 1.5581241341161, ""learning_rate"": 0.0949138303247, ""max_cat_to_onehot"": 8, ""min_data_in_leaf"": 4, ""min_data_per_group"": 12, ""n_estimators"": 523, ""num_leaves"": 6}",b0f88568,r13,0.6605619441474004,,36.11727539900005,1.6879060080000272,,,,0.1005529606024536,0.9707152038415832,0.0276472956650114,0.6605619441474004,,,,,,,,,,,
lightgbm,rel-stack,user-badge,BINARY_CLASSIFICATION,0,30,roc_auc,cpu,False,"{""bagging_fraction"": 0.8980520612478, ""bagging_freq"": 1, ""cat_l2"": 0.0298619738506, ""cat_smooth"": 1.8218656600978, ""extra_trees"": false, ""feature_fraction"": 0.6687557031224, ""lambda_l1"": 0.9046572794351, ""lambda_l2"": 1.7298800978754, ""learning_rate"": 0.0152979229147, ""max_cat_to_onehot"": 14, ""min_data_in_leaf"": 7, ""min_data_per_group"": 61, ""n_estimators"": 223, ""num_leaves"": 45}",c9bdab03,r14,0.6654147221784672,,39.174341669000114,1.4921039459998156,,,,0.1057593109999482,0.9707152038415832,0.0213426989058489,0.6654147221784672,,,,,,,,,,,
lightgbm,rel-stack,user-badge,BINARY_CLASSIFICATION,0,30,roc_auc,cpu,False,"{""bagging_fraction"": 0.7870232821631, ""bagging_freq"": 1, ""cat_l2"": 0.1520732736224, ""cat_smooth"": 0.143579414226, ""extra_trees"": false, ""feature_fraction"": 0.4597414534665, ""lambda_l1"": 0.0376556278898, ""lambda_l2"": 0.8228523078385, ""learning_rate"": 0.0175995134195, ""max_cat_to_onehot"": 55, ""min_data_in_leaf"": 4, ""min_data_per_group"": 81, ""n_estimators"": 58, ""num_leaves"": 107}",5c4e94f9,r15,0.6617689227698268,,19.16991919800012,0.7857360180000796,,,,0.1055330016271466,0.9705535210470578,0.0051891301379216,0.6617689227698268,,,,,,,,,,,
lightgbm,rel-stack,user-badge,BINARY_CLASSIFICATION,0,30,roc_auc,cpu,False,"{""bagging_fraction"": 0.9252532736885, ""bagging_freq"": 1, ""cat_l2"": 0.0185425303217, ""cat_smooth"": 0.0026697944708, ""extra_trees"": true, ""feature_fraction"": 0.4403497788779, ""lambda_l1"": 0.990339913502, ""lambda_l2"": 1.5167814698069, ""learning_rate"": 0.032907451476, ""max_cat_to_onehot"": 89, ""min_data_in_leaf"": 2, ""min_data_per_group"": 10, ""n_estimators"": 665, ""num_leaves"": 12}",66abad1a,r16,0.6519395578579097,,57.217371031999846,3.632333559000017,,,,0.1050248263720806,0.9707273300511726,0.0224082073434125,0.6519395578579097,,,,,,,,,,,
lightgbm,rel-stack,user-badge,BINARY_CLASSIFICATION,0,30,roc_auc,cpu,False,"{""bagging_fraction"": 0.9893469303368, ""bagging_freq"": 1, ""cat_l2"": 0.1517170923124, ""cat_smooth"": 0.0019146599966, ""extra_trees"": true, ""feature_fraction"": 0.8076356640991, ""lambda_l1"": 0.2169752947, ""lambda_l2"": 0.6401022999299, ""learning_rate"": 0.0682833284969, ""max_cat_to_onehot"": 45, ""min_data_in_leaf"": 2, ""min_data_per_group"": 8, ""n_estimators"": 71, ""num_leaves"": 27}",e3bf995d,r17,0.6503371283024857,,10.53602006699998,0.4487659979999989,,,,0.106961494172556,0.9707313721210358,0.021354237059062,0.6503371283024857,,,,,,,,,,,
lightgbm,rel-stack,user-badge,BINARY_CLASSIFICATION,0,30,roc_auc,cpu,False,"{""bagging_fraction"": 0.8662727305253, ""bagging_freq"": 1, ""cat_l2"": 0.0750558998512, ""cat_smooth"": 0.2749087238468, ""extra_trees"": true, ""feature_fraction"": 0.6722181067336, ""lambda_l1"": 0.6631118952798, ""lambda_l2"": 0.7669894419544, ""learning_rate"": 0.011346355764, ""max_cat_to_onehot"": 13, ""min_data_in_leaf"": 8, ""min_data_per_group"": 12, ""n_estimators"": 235, ""num_leaves"": 4}",d16f6217,r18,0.5969621072036734,,14.48730951099992,0.4381825319999279,,,,0.0785353270656908,0.9704888479292476,0.0,0.5969621072036734,,,,,,,,,,,
lightgbm,rel-stack,user-badge,BINARY_CLASSIFICATION,0,30,roc_auc,cpu,False,"{""bagging_fraction"": 0.7637171496671, ""bagging_freq"": 1, ""cat_l2"": 1.6733394870119, ""cat_smooth"": 25.4110617183616, ""extra_trees"": true, ""feature_fraction"": 0.7219475266652, ""lambda_l1"": 0.2633960444995, ""lambda_l2"": 1.1766753953959, ""learning_rate"": 0.0546075727721, ""max_cat_to_onehot"": 88, ""min_data_in_leaf"": 1, ""min_data_per_group"": 5, ""n_estimators"": 74, ""num_leaves"": 3}",3c940a82,r19,0.600240501573704,,6.139384494000069,0.2929549820000829,,,,0.0644746702703017,0.9704888479292476,0.0,0.600240501573704,,,,,,,,,,,
lightgbm,rel-stack,user-badge,BINARY_CLASSIFICATION,0,30,roc_auc,cpu,False,"{""bagging_fraction"": 0.9145568099117, ""bagging_freq"": 1, ""cat_l2"": 0.0688015432043, ""cat_smooth"": 0.4410365667971, ""extra_trees"": false, ""feature_fraction"": 0.4842104682476, ""lambda_l1"": 0.6789116421659, ""lambda_l2"": 0.2119046236149, ""learning_rate"": 0.007497093098, ""max_cat_to_onehot"": 78, ""min_data_in_leaf"": 57, ""min_data_per_group"": 21, ""n_estimators"": 353, ""num_leaves"": 17}",a3464b9d,r2,0.6330365260645521,,33.396884279999995,1.3208537429999865,,,,0.0953184200977204,0.9705939417456892,0.0084503202943982,0.6330365260645521,,,,,,,,,,,
lightgbm,rel-stack,user-badge,BINARY_CLASSIFICATION,0,30,roc_auc,cpu,False,"{""bagging_fraction"": 0.766732967316, ""bagging_freq"": 1, ""cat_l2"": 0.2949769749976, ""cat_smooth"": 76.211749790676, ""extra_trees"": false, ""feature_fraction"": 0.9380027758242, ""lambda_l1"": 0.0207489343658, ""lambda_l2"": 1.6621138056269, ""learning_rate"": 0.0087194268009, ""max_cat_to_onehot"": 51, ""min_data_in_leaf"": 2, ""min_data_per_group"": 20, ""n_estimators"": 428, ""num_leaves"": 19}",8d3659ac,r20,0.6415454959961946,,36.32547656800011,2.3632582979998915,,,,0.0715034428807277,0.9705777734662366,0.0081755007494209,0.6415454959961946,,,,,,,,,,,
lightgbm,rel-stack,user-badge,BINARY_CLASSIFICATION,0,30,roc_auc,cpu,False,"{""bagging_fraction"": 0.806683821355, ""bagging_freq"": 1, ""cat_l2"": 0.0082421437739, ""cat_smooth"": 0.0160008811562, ""extra_trees"": false, ""feature_fraction"": 0.5089787202952, ""lambda_l1"": 0.2184810145264, ""lambda_l2"": 0.9723705046664, ""learning_rate"": 0.0507096180332, ""max_cat_to_onehot"": 54, ""min_data_in_leaf"": 3, ""min_data_per_group"": 18, ""n_estimators"": 165, ""num_leaves"": 161}",a6d8d71e,r21,0.6938196497086787,,77.84743018600011,7.873792208000168,,,,0.1026151146785553,0.9700644305936184,0.0475823045267489,0.6938196497086787,,,,,,,,,,,
lightgbm,rel-stack,user-badge,BINARY_CLASSIFICATION,0,30,roc_auc,cpu,False,"{""bagging_fraction"": 0.9821295835758, ""bagging_freq"": 1, ""cat_l2"": 0.1367124095637, ""cat_smooth"": 0.0031729973642, ""extra_trees"": true, ""feature_fraction"": 0.7074360779775, ""lambda_l1"": 0.4552232983118, ""lambda_l2"": 1.417125445225, ""learning_rate"": 0.0925784167972, ""max_cat_to_onehot"": 8, ""min_data_in_leaf"": 5, ""min_data_per_group"": 7, ""n_estimators"": 123, ""num_leaves"": 2}",38aedfa8,r22,0.5975066934622029,,7.609233327000084,0.3207453319998876,,,,0.0753721733670099,0.9704888479292476,0.0,0.5975066934622029,,,,,,,,,,,
lightgbm,rel-stack,user-badge,BINARY_CLASSIFICATION,0,30,roc_auc,cpu,False,"{""bagging_fraction"": 0.9295975761421, ""bagging_freq"": 1, ""cat_l2"": 0.1658867884192, ""cat_smooth"": 0.0012082259188, ""extra_trees"": false, ""feature_fraction"": 0.7482682823129, ""lambda_l1"": 0.8788818548033, ""lambda_l2"": 0.9963306369924, ""learning_rate"": 0.0662004421712, ""max_cat_to_onehot"": 15, ""min_data_in_leaf"": 1, ""min_data_per_group"": 44, ""n_estimators"": 510, ""num_leaves"": 23}",3e9b950f,r23,0.6831394664425443,,76.77165573999991,8.799520684000072,,,,0.1006160699100763,0.9706384045141836,0.0373707924728332,0.6831394664425443,,,,,,,,,,,
lightgbm,rel-stack,user-badge,BINARY_CLASSIFICATION,0,30,roc_auc,cpu,False,"{""bagging_fraction"": 0.9245990859552, ""bagging_freq"": 1, ""cat_l2"": 1.592158021275, ""cat_smooth"": 44.4269586841343, ""extra_trees"": false, ""feature_fraction"": 0.872525293573, ""lambda_l1"": 0.492319014681, ""lambda_l2"": 1.6891157039359, ""learning_rate"": 0.0517998481756, ""max_cat_to_onehot"": 22, ""min_data_in_leaf"": 59, ""min_data_per_group"": 10, ""n_estimators"": 802, ""num_leaves"": 8}",0d0b00fe,r24,0.6550717482497288,,48.095650204000094,4.6017528449999645,,,,0.0911631229693255,0.970707119701857,0.0223930932146229,0.6550717482497288,,,,,,,,,,,
lightgbm,rel-stack,user-badge,BINARY_CLASSIFICATION,0,30,roc_auc,cpu,True,"{""bagging_fraction"": 0.9711159219238, ""bagging_freq"": 1, ""cat_l2"": 0.0287842816393, ""cat_smooth"": 2.2365712242177, ""extra_trees"": false, ""feature_fraction"": 0.7638852760411, ""lambda_l1"": 0.7155896013433, ""lambda_l2"": 0.3887650116637, ""learning_rate"": 0.0956151137114, ""max_cat_to_onehot"": 23, ""min_data_in_leaf"": 5, ""min_data_per_group"": 8, ""n_estimators"": 132, ""num_leaves"": 117}",311db951,r25,0.6960515773302113,0.5379945510254432,56.99540776999993,6.187893884999994,55.68150615499985,6.629903796999997,,0.1057408822727205,0.9701210195717024,0.0523076923076923,0.6960515773302113,0.0379696279390694,0.5319588032581454,0.0545654461029766,0.5379945510254432,,,,,,,
lightgbm,rel-stack,user-badge,BINARY_CLASSIFICATION,0,30,roc_auc,cpu,False,"{""bagging_fraction"": 0.7751868160582, ""bagging_freq"": 1, ""cat_l2"": 0.7205179793324, ""cat_smooth"": 0.2412048314858, ""extra_trees"": false, ""feature_fraction"": 0.5086905770421, ""lambda_l1"": 0.7774298210926, ""lambda_l2"": 0.7417685131559, ""learning_rate"": 0.006296404929, ""max_cat_to_onehot"": 41, ""min_data_in_leaf"": 17, ""min_data_per_group"": 4, ""n_estimators"": 197, ""num_leaves"": 50}",e3b85f93,r26,0.643780902613861,,32.33527889800007,1.2503906009999357,,,,0.1005572146629509,0.9705777734662366,0.00655111232428,0.643780902613861,,,,,,,,,,,
lightgbm,rel-stack,user-badge,BINARY_CLASSIFICATION,0,30,roc_auc,cpu,False,"{""bagging_fraction"": 0.9032235488416, ""bagging_freq"": 1, ""cat_l2"": 0.0484438463597, ""cat_smooth"": 0.2752154717585, ""extra_trees"": false, ""feature_fraction"": 0.8731273073839, ""lambda_l1"": 0.2594966220889, ""lambda_l2"": 0.3941888549433, ""learning_rate"": 0.0236586574252, ""max_cat_to_onehot"": 8, ""min_data_in_leaf"": 3, ""min_data_per_group"": 69, ""n_estimators"": 438, ""num_leaves"": 9}",d90cbc4e,r27,0.6493825704308591,,39.21847022400016,1.7419397819999176,,,,0.0992441324039987,0.9706586148634992,0.0149273985615415,0.6493825704308591,,,,,,,,,,,
lightgbm,rel-stack,user-badge,BINARY_CLASSIFICATION,0,30,roc_auc,cpu,False,"{""bagging_fraction"": 0.943127227378, ""bagging_freq"": 1, ""cat_l2"": 0.0089165711882, ""cat_smooth"": 0.196142976357, ""extra_trees"": false, ""feature_fraction"": 0.4341088458599, ""lambda_l1"": 0.3738757566188, ""lambda_l2"": 0.9197657819236, ""learning_rate"": 0.0125354274243, ""max_cat_to_onehot"": 23, ""min_data_in_leaf"": 1, ""min_data_per_group"": 16, ""n_estimators"": 165, ""num_leaves"": 65}",10f688c8,r28,0.6643037375507793,,32.79830158499999,1.7313717480001287,,,,0.1050668704524034,0.9706586148634992,0.0135888028264709,0.6643037375507793,,,,,,,,,,,
lightgbm,rel-stack,user-badge,BINARY_CLASSIFICATION,0,30,roc_auc,cpu,False,"{""bagging_fraction"": 0.8296444149774, ""bagging_freq"": 1, ""cat_l2"": 0.0231985345244, ""cat_smooth"": 0.419723324168, ""extra_trees"": true, ""feature_fraction"": 0.818198345035, ""lambda_l1"": 0.5876408752329, ""lambda_l2"": 0.0893201412781, ""learning_rate"": 0.0282078967013, ""max_cat_to_onehot"": 29, ""min_data_in_leaf"": 5, ""min_data_per_group"": 12, ""n_estimators"": 750, ""num_leaves"": 37}",fb774425,r29,0.6846680689446524,,140.58251817799987,14.90973923599995,,,,0.1128779061477511,0.97071116177172,0.0450711649973642,0.6846680689446524,,,,,,,,,,,
lightgbm,rel-stack,user-badge,BINARY_CLASSIFICATION,0,30,roc_auc,cpu,False,"{""bagging_fraction"": 0.8808290128215, ""bagging_freq"": 1, ""cat_l2"": 1.0457234595842, ""cat_smooth"": 0.6921859910209, ""extra_trees"": true, ""feature_fraction"": 0.9220523550151, ""lambda_l1"": 0.7206605914604, ""lambda_l2"": 0.9472534786514, ""learning_rate"": 0.0132034424949, ""max_cat_to_onehot"": 25, ""min_data_in_leaf"": 15, ""min_data_per_group"": 7, ""n_estimators"": 335, ""num_leaves"": 35}",7ae6364f,r3,0.6574945970864877,,52.01359091699999,2.5624612020000086,,,,0.1101129147957824,0.9707839190292564,0.0253505933117583,0.6574945970864877,,,,,,,,,,,
lightgbm,rel-stack,user-badge,BINARY_CLASSIFICATION,0,30,roc_auc,cpu,False,"{""bagging_fraction"": 0.9256403562964, ""bagging_freq"": 1, ""cat_l2"": 0.173468569422, ""cat_smooth"": 0.1622096133057, ""extra_trees"": true, ""feature_fraction"": 0.8672172375647, ""lambda_l1"": 0.2728946202342, ""lambda_l2"": 1.5996117895528, ""learning_rate"": 0.0885567275464, ""max_cat_to_onehot"": 31, ""min_data_in_leaf"": 54, ""min_data_per_group"": 63, ""n_estimators"": 395, ""num_leaves"": 6}",a691dd6f,r30,0.6432443687895245,,25.76040828000009,1.009337209000023,,,,0.1001877334692839,0.9707354141908988,0.0213571235469045,0.6432443687895245,,,,,,,,,,,
lightgbm,rel-stack,user-badge,BINARY_CLASSIFICATION,0,30,roc_auc,cpu,False,"{""bagging_fraction"": 0.8634649548991, ""bagging_freq"": 1, ""cat_l2"": 1.6087120636028, ""cat_smooth"": 42.4603130176821, ""extra_trees"": false, ""feature_fraction"": 0.6841648271642, ""lambda_l1"": 0.5820615900959, ""lambda_l2"": 0.3727460534192, ""learning_rate"": 0.0078289135266, ""max_cat_to_onehot"": 37, ""min_data_in_leaf"": 2, ""min_data_per_group"": 2, ""n_estimators"": 987, ""num_leaves"": 9}",1d48d1c9,r4,0.6430698014517539,,65.047726925,5.346963620999986,,,,0.0817917365897073,0.9706545727936362,0.0143904425739885,0.6430698014517539,,,,,,,,,,,
lightgbm,rel-stack,user-badge,BINARY_CLASSIFICATION,0,30,roc_auc,cpu,False,"{""bagging_fraction"": 0.8270964398017, ""bagging_freq"": 1, ""cat_l2"": 0.0497402357678, ""cat_smooth"": 0.0022655846367, ""extra_trees"": true, ""feature_fraction"": 0.8805464511878, ""lambda_l1"": 0.5374194921261, ""lambda_l2"": 1.4738626624402, ""learning_rate"": 0.009732329389, ""max_cat_to_onehot"": 78, ""min_data_in_leaf"": 4, ""min_data_per_group"": 24, ""n_estimators"": 285, ""num_leaves"": 44}",4f68409e,r5,0.6362135101360328,,37.13711238900004,1.4412221779999754,,,,0.1026719227814836,0.9706424465840467,0.0125084976206662,0.6362135101360328,,,,,,,,,,,
lightgbm,rel-stack,user-badge,BINARY_CLASSIFICATION,0,30,roc_auc,cpu,False,"{""bagging_fraction"": 0.7951605226208, ""bagging_freq"": 1, ""cat_l2"": 0.2087627025057, ""cat_smooth"": 0.0018992120999, ""extra_trees"": true, ""feature_fraction"": 0.5907899076364, ""lambda_l1"": 0.2654629519904, ""lambda_l2"": 0.6372060480074, ""learning_rate"": 0.0086558049456, ""max_cat_to_onehot"": 44, ""min_data_in_leaf"": 11, ""min_data_per_group"": 11, ""n_estimators"": 164, ""num_leaves"": 56}",3c57d7d3,r6,0.6253370589478977,,32.59322186600002,1.6933946160000346,,,,0.0994129051151289,0.9706424465840467,0.0122399020807833,0.6253370589478977,,,,,,,,,,,
lightgbm,rel-stack,user-badge,BINARY_CLASSIFICATION,0,30,roc_auc,cpu,False,"{""bagging_fraction"": 0.9335036446078, ""bagging_freq"": 1, ""cat_l2"": 0.2830562687557, ""cat_smooth"": 0.1802171314263, ""extra_trees"": true, ""feature_fraction"": 0.6485577967088, ""lambda_l1"": 0.5232957286614, ""lambda_l2"": 1.3348540188894, ""learning_rate"": 0.0289761662926, ""max_cat_to_onehot"": 15, ""min_data_in_leaf"": 11, ""min_data_per_group"": 55, ""n_estimators"": 701, ""num_leaves"": 20}",134c98bb,r7,0.6598182139548987,,68.20911527299995,5.306217385000082,,,,0.1079478348362191,0.970767750749804,0.0258620689655172,0.6598182139548987,,,,,,,,,,,
lightgbm,rel-stack,user-badge,BINARY_CLASSIFICATION,0,30,roc_auc,cpu,False,"{""bagging_fraction"": 0.9848713160352, ""bagging_freq"": 1, ""cat_l2"": 1.6905546285477, ""cat_smooth"": 0.001258746648, ""extra_trees"": true, ""feature_fraction"": 0.4384884978093, ""lambda_l1"": 0.0940311167074, ""lambda_l2"": 0.2636825450225, ""learning_rate"": 0.0053104402291, ""max_cat_to_onehot"": 51, ""min_data_in_leaf"": 10, ""min_data_per_group"": 31, ""n_estimators"": 285, ""num_leaves"": 164}",42517afb,r8,0.6243580933384537,,55.73602972800006,4.016164952000054,,,,0.0962810776075492,0.970525226558016,0.0024623803009575,0.6243580933384537,,,,,,,,,,,
lightgbm,rel-stack,user-badge,BINARY_CLASSIFICATION,0,30,roc_auc,cpu,False,"{""bagging_fraction"": 0.898758060085, ""bagging_freq"": 1, ""cat_l2"": 0.964011246959, ""cat_smooth"": 0.1616421454928, ""extra_trees"": false, ""feature_fraction"": 0.815483271622, ""lambda_l1"": 0.5759889009066, ""lambda_l2"": 1.4326827755167, ""learning_rate"": 0.0599026240177, ""max_cat_to_onehot"": 91, ""min_data_in_leaf"": 2, ""min_data_per_group"": 6, ""n_estimators"": 702, ""num_leaves"": 39}",b7f5d391,r9,0.6907406049261592,,167.89935871900002,24.347294208999983,,,,0.1035904767301345,0.9703109968552696,0.0477116556463114,0.6907406049261592,,,,,,,,,,,
lightgbm,rel-stack,user-engagement,BINARY_CLASSIFICATION,0,30,roc_auc,cpu,False,{},bf21a9e8,default,0.7676236135985374,0.7805998968886945,16.093376907999996,0.3518309829999992,17.102915060999976,0.3480578080000214,,0.2087661034796077,0.9735974366443344,0.1563663440059568,0.7676236135985374,0.2025032702080604,0.9739496465729488,0.1374906085649887,0.7805998968886945,,,,,,,
lightgbm,rel-stack,user-engagement,BINARY_CLASSIFICATION,0,30,roc_auc,cpu,False,"{""bagging_fraction"": 0.8646440511782, ""bagging_freq"": 1, ""cat_l2"": 0.2396763788772, ""cat_smooth"": 9.0912832806515, ""extra_trees"": true, ""feature_fraction"": 0.9742930953718, ""lambda_l1"": 0.5205254318032, ""lambda_l2"": 1.5172553870823, ""learning_rate"": 0.0095655183906, ""max_cat_to_onehot"": 21, ""min_data_in_leaf"": 1, ""min_data_per_group"": 38, ""n_estimators"": 885, ""num_leaves"": 13}",9ddece77,r1,0.7394713994612042,,70.56116372600002,2.2381830669999943,,,,0.1925906665606697,0.9733411010777744,0.1206764027671022,0.7394713994612042,,,,,,,,,,,
lightgbm,rel-stack,user-engagement,BINARY_CLASSIFICATION,0,30,roc_auc,cpu,False,"{""bagging_fraction"": 0.7040714906836, ""bagging_freq"": 1, ""cat_l2"": 0.1059359109832, ""cat_smooth"": 79.0557829290776, ""extra_trees"": true, ""feature_fraction"": 0.7399608725239, ""lambda_l1"": 0.9293032679565, ""lambda_l2"": 0.5788832452851, ""learning_rate"": 0.0050708289337, ""max_cat_to_onehot"": 15, ""min_data_in_leaf"": 53, ""min_data_per_group"": 48, ""n_estimators"": 398, ""num_leaves"": 14}",85d4ebc9,r10,0.6448801380310716,,13.609134839000037,0.7204928459999564,,,,0.0552439526643857,0.9719662103116808,0.0,0.6448801380310716,,,,,,,,,,,
lightgbm,rel-stack,user-engagement,BINARY_CLASSIFICATION,0,30,roc_auc,cpu,False,"{""bagging_fraction"": 0.8819179642384, ""bagging_freq"": 1, ""cat_l2"": 0.2028071332361, ""cat_smooth"": 0.9002514016925, ""extra_trees"": true, ""feature_fraction"": 0.9904253448185, ""lambda_l1"": 0.3523764300344, ""lambda_l2"": 1.0166800656129, ""learning_rate"": 0.0076046378471, ""max_cat_to_onehot"": 9, ""min_data_in_leaf"": 51, ""min_data_per_group"": 4, ""n_estimators"": 309, ""num_leaves"": 50}",eb5d77d2,r11,0.7586396969451564,,66.871195166,1.1580153520000067,,,,0.2152446765113135,0.9734110107777454,0.1141304347826086,0.7586396969451564,,,,,,,,,,,
lightgbm,rel-stack,user-engagement,BINARY_CLASSIFICATION,0,30,roc_auc,cpu,False,"{""bagging_fraction"": 0.7057579594928, ""bagging_freq"": 1, ""cat_l2"": 0.0652607238611, ""cat_smooth"": 0.7440913299852, ""extra_trees"": true, ""feature_fraction"": 0.5562045565524, ""lambda_l1"": 0.4693022490728, ""lambda_l2"": 0.3337783413457, ""learning_rate"": 0.005523232486, ""max_cat_to_onehot"": 20, ""min_data_in_leaf"": 22, ""min_data_per_group"": 3, ""n_estimators"": 298, ""num_leaves"": 194}",97b0d170,r12,0.7619970859482637,,163.04690969800004,5.520620272000087,,,,0.2067352243162676,0.9733644043110982,0.1321184510250569,0.7619970859482637,,,,,,,,,,,
lightgbm,rel-stack,user-engagement,BINARY_CLASSIFICATION,0,30,roc_auc,cpu,False,"{""bagging_fraction"": 0.7904724450024, ""bagging_freq"": 1, ""cat_l2"": 0.0112585288934, ""cat_smooth"": 1.8450328342775, ""extra_trees"": false, ""feature_fraction"": 0.7222135128255, ""lambda_l1"": 0.8411560157726, ""lambda_l2"": 1.5581241341161, ""learning_rate"": 0.0949138303247, ""max_cat_to_onehot"": 8, ""min_data_in_leaf"": 4, ""min_data_per_group"": 12, ""n_estimators"": 523, ""num_leaves"": 6}",b0f88568,r13,0.7574459590204611,,23.48859355700006,0.5321286199999804,,,,0.1925637472909249,0.9731663268278472,0.1591821832785688,0.7574459590204611,,,,,,,,,,,
lightgbm,rel-stack,user-engagement,BINARY_CLASSIFICATION,0,30,roc_auc,cpu,False,"{""bagging_fraction"": 0.8980520612478, ""bagging_freq"": 1, ""cat_l2"": 0.0298619738506, ""cat_smooth"": 1.8218656600978, ""extra_trees"": false, ""feature_fraction"": 0.6687557031224, ""lambda_l1"": 0.9046572794351, ""lambda_l2"": 1.7298800978754, ""learning_rate"": 0.0152979229147, ""max_cat_to_onehot"": 14, ""min_data_in_leaf"": 7, ""min_data_per_group"": 61, ""n_estimators"": 223, ""num_leaves"": 45}",c9bdab03,r14,0.7682965726694304,,40.58738421099997,0.7153625079999983,,,,0.2118827679471783,0.97350422371104,0.1418867924528302,0.7682965726694304,,,,,,,,,,,
lightgbm,rel-stack,user-engagement,BINARY_CLASSIFICATION,0,30,roc_auc,cpu,False,"{""bagging_fraction"": 0.7870232821631, ""bagging_freq"": 1, ""cat_l2"": 0.1520732736224, ""cat_smooth"": 0.143579414226, ""extra_trees"": false, ""feature_fraction"": 0.4597414534665, ""lambda_l1"": 0.0376556278898, ""lambda_l2"": 0.8228523078385, ""learning_rate"": 0.0175995134195, ""max_cat_to_onehot"": 55, ""min_data_in_leaf"": 4, ""min_data_per_group"": 81, ""n_estimators"": 58, ""num_leaves"": 107}",5c4e94f9,r15,0.7688698536607609,,18.10627681200004,0.3956305179999617,,,,0.1965370669717017,0.9726420040780658,0.0501618122977346,0.7688698536607609,,,,,,,,,,,
lightgbm,rel-stack,user-engagement,BINARY_CLASSIFICATION,0,30,roc_auc,cpu,False,"{""bagging_fraction"": 0.9252532736885, ""bagging_freq"": 1, ""cat_l2"": 0.0185425303217, ""cat_smooth"": 0.0026697944708, ""extra_trees"": true, ""feature_fraction"": 0.4403497788779, ""lambda_l1"": 0.990339913502, ""lambda_l2"": 1.5167814698069, ""learning_rate"": 0.032907451476, ""max_cat_to_onehot"": 89, ""min_data_in_leaf"": 2, ""min_data_per_group"": 10, ""n_estimators"": 665, ""num_leaves"": 12}",66abad1a,r16,0.7623291784723609,,37.863046200999975,1.0966821609999895,,,,0.2009811073752687,0.9729099912612876,0.092859929769801,0.7623291784723609,,,,,,,,,,,
lightgbm,rel-stack,user-engagement,BINARY_CLASSIFICATION,0,30,roc_auc,cpu,False,"{""bagging_fraction"": 0.9893469303368, ""bagging_freq"": 1, ""cat_l2"": 0.1517170923124, ""cat_smooth"": 0.0019146599966, ""extra_trees"": true, ""feature_fraction"": 0.8076356640991, ""lambda_l1"": 0.2169752947, ""lambda_l2"": 0.6401022999299, ""learning_rate"": 0.0682833284969, ""max_cat_to_onehot"": 45, ""min_data_in_leaf"": 2, ""min_data_per_group"": 8, ""n_estimators"": 71, ""num_leaves"": 27}",e3bf995d,r17,0.7645760432589513,,8.467571328999952,0.2050048449999622,,,,0.2120389567259704,0.9729682493445966,0.087332808811959,0.7645760432589513,,,,,,,,,,,
lightgbm,rel-stack,user-engagement,BINARY_CLASSIFICATION,0,30,roc_auc,cpu,False,"{""bagging_fraction"": 0.8662727305253, ""bagging_freq"": 1, ""cat_l2"": 0.0750558998512, ""cat_smooth"": 0.2749087238468, ""extra_trees"": true, ""feature_fraction"": 0.6722181067336, ""lambda_l1"": 0.6631118952798, ""lambda_l2"": 0.7669894419544, ""learning_rate"": 0.011346355764, ""max_cat_to_onehot"": 13, ""min_data_in_leaf"": 8, ""min_data_per_group"": 12, ""n_estimators"": 235, ""num_leaves"": 4}",d16f6217,r18,0.6773997951053947,,8.116107893000049,0.1684267299999646,,,,0.1576569692234914,0.9719662103116808,0.0,0.6773997951053947,,,,,,,,,,,
lightgbm,rel-stack,user-engagement,BINARY_CLASSIFICATION,0,30,roc_auc,cpu,False,"{""bagging_fraction"": 0.7637171496671, ""bagging_freq"": 1, ""cat_l2"": 1.6733394870119, ""cat_smooth"": 25.4110617183616, ""extra_trees"": true, ""feature_fraction"": 0.7219475266652, ""lambda_l1"": 0.2633960444995, ""lambda_l2"": 1.1766753953959, ""learning_rate"": 0.0546075727721, ""max_cat_to_onehot"": 88, ""min_data_in_leaf"": 1, ""min_data_per_group"": 5, ""n_estimators"": 74, ""num_leaves"": 3}",3c940a82,r19,0.5589309800497657,,2.5845860069999844,0.102830211999958,,,,0.0891319895687695,0.972071074861637,0.0074534161490683,0.5589309800497657,,,,,,,,,,,
lightgbm,rel-stack,user-engagement,BINARY_CLASSIFICATION,0,30,roc_auc,cpu,False,"{""bagging_fraction"": 0.9145568099117, ""bagging_freq"": 1, ""cat_l2"": 0.0688015432043, ""cat_smooth"": 0.4410365667971, ""extra_trees"": false, ""feature_fraction"": 0.4842104682476, ""lambda_l1"": 0.6789116421659, ""lambda_l2"": 0.2119046236149, ""learning_rate"": 0.007497093098, ""max_cat_to_onehot"": 78, ""min_data_in_leaf"": 57, ""min_data_per_group"": 21, ""n_estimators"": 353, ""num_leaves"": 17}",a3464b9d,r2,0.7428860861707481,,27.41024835300001,0.5909873419999769,,,,0.1927550104472734,0.9726420040780658,0.0493927125506072,0.7428860861707481,,,,,,,,,,,
lightgbm,rel-stack,user-engagement,BINARY_CLASSIFICATION,0,30,roc_auc,cpu,False,"{""bagging_fraction"": 0.766732967316, ""bagging_freq"": 1, ""cat_l2"": 0.2949769749976, ""cat_smooth"": 76.211749790676, ""extra_trees"": false, ""feature_fraction"": 0.9380027758242, ""lambda_l1"": 0.0207489343658, ""lambda_l2"": 1.6621138056269, ""learning_rate"": 0.0087194268009, ""max_cat_to_onehot"": 51, ""min_data_in_leaf"": 2, ""min_data_per_group"": 20, ""n_estimators"": 428, ""num_leaves"": 19}",8d3659ac,r20,0.665466695747993,,19.50618690099997,0.7803124819999994,,,,0.081405640895314,0.9723041071948731,0.0325600325600325,0.665466695747993,,,,,,,,,,,
lightgbm,rel-stack,user-engagement,BINARY_CLASSIFICATION,0,30,roc_auc,cpu,False,"{""bagging_fraction"": 0.806683821355, ""bagging_freq"": 1, ""cat_l2"": 0.0082421437739, ""cat_smooth"": 0.0160008811562, ""extra_trees"": false, ""feature_fraction"": 0.5089787202952, ""lambda_l1"": 0.2184810145264, ""lambda_l2"": 0.9723705046664, ""learning_rate"": 0.0507096180332, ""max_cat_to_onehot"": 54, ""min_data_in_leaf"": 3, ""min_data_per_group"": 18, ""n_estimators"": 165, ""num_leaves"": 161}",a6d8d71e,r21,0.80271167773195,,69.75068153899997,1.5099537970002077,,,,0.2356304371977647,0.9729449461112728,0.2107409925220938,0.80271167773195,,,,,,,,,,,
lightgbm,rel-stack,user-engagement,BINARY_CLASSIFICATION,0,30,roc_auc,cpu,False,"{""bagging_fraction"": 0.9821295835758, ""bagging_freq"": 1, ""cat_l2"": 0.1367124095637, ""cat_smooth"": 0.0031729973642, ""extra_trees"": true, ""feature_fraction"": 0.7074360779775, ""lambda_l1"": 0.4552232983118, ""lambda_l2"": 1.417125445225, ""learning_rate"": 0.0925784167972, ""max_cat_to_onehot"": 8, ""min_data_in_leaf"": 5, ""min_data_per_group"": 7, ""n_estimators"": 123, ""num_leaves"": 2}",38aedfa8,r22,0.6805009188708622,,3.3360746630000904,0.1094294960000752,,,,0.142378844837837,0.9719662103116808,0.0,0.6805009188708622,,,,,,,,,,,
lightgbm,rel-stack,user-engagement,BINARY_CLASSIFICATION,0,30,roc_auc,cpu,False,"{""bagging_fraction"": 0.9295975761421, ""bagging_freq"": 1, ""cat_l2"": 0.1658867884192, ""cat_smooth"": 0.0012082259188, ""extra_trees"": false, ""feature_fraction"": 0.7482682823129, ""lambda_l1"": 0.8788818548033, ""lambda_l2"": 0.9963306369924, ""learning_rate"": 0.0662004421712, ""max_cat_to_onehot"": 15, ""min_data_in_leaf"": 1, ""min_data_per_group"": 44, ""n_estimators"": 510, ""num_leaves"": 23}",3e9b950f,r23,0.7925649165824615,,59.91842084199993,1.7214373250001245,,,,0.220551916155736,0.972513836294786,0.1868321268528093,0.7925649165824615,,,,,,,,,,,
lightgbm,rel-stack,user-engagement,BINARY_CLASSIFICATION,0,30,roc_auc,cpu,False,"{""bagging_fraction"": 0.9245990859552, ""bagging_freq"": 1, ""cat_l2"": 1.592158021275, ""cat_smooth"": 44.4269586841343, ""extra_trees"": false, ""feature_fraction"": 0.872525293573, ""lambda_l1"": 0.492319014681, ""lambda_l2"": 1.6891157039359, ""learning_rate"": 0.0517998481756, ""max_cat_to_onehot"": 22, ""min_data_in_leaf"": 59, ""min_data_per_group"": 10, ""n_estimators"": 802, ""num_leaves"": 8}",0d0b00fe,r24,0.7001891282694059,,22.139739341999984,1.2138521580000088,,,,0.127564948351769,0.9728051267113312,0.086139389193422,0.7001891282694059,,,,,,,,,,,
lightgbm,rel-stack,user-engagement,BINARY_CLASSIFICATION,0,30,roc_auc,cpu,True,"{""bagging_fraction"": 0.9711159219238, ""bagging_freq"": 1, ""cat_l2"": 0.0287842816393, ""cat_smooth"": 2.2365712242177, ""extra_trees"": false, ""feature_fraction"": 0.7638852760411, ""lambda_l1"": 0.7155896013433, ""lambda_l2"": 0.3887650116637, ""learning_rate"": 0.0956151137114, ""max_cat_to_onehot"": 23, ""min_data_in_leaf"": 5, ""min_data_per_group"": 8, ""n_estimators"": 132, ""num_leaves"": 117}",311db951,r25,0.8061396998598658,0.8118359297062251,49.18599774299992,1.0498565540001437,58.22740355700011,1.2871035519999623,,0.2385700330294549,0.9717331779784444,0.2347003154574132,0.8061396998598658,0.2240382081021206,0.972565437897818,0.2072131147540983,0.8118359297062251,,,,,,,
lightgbm,rel-stack,user-engagement,BINARY_CLASSIFICATION,0,30,roc_auc,cpu,False,"{""bagging_fraction"": 0.7751868160582, ""bagging_freq"": 1, ""cat_l2"": 0.7205179793324, ""cat_smooth"": 0.2412048314858, ""extra_trees"": false, ""feature_fraction"": 0.5086905770421, ""lambda_l1"": 0.7774298210926, ""lambda_l2"": 0.7417685131559, ""learning_rate"": 0.006296404929, ""max_cat_to_onehot"": 41, ""min_data_in_leaf"": 17, ""min_data_per_group"": 4, ""n_estimators"": 197, ""num_leaves"": 50}",e3b85f93,r26,0.7578338345985813,,36.960409045000006,0.7635938739999801,,,,0.2015204855259875,0.972758520244684,0.0587761674718196,0.7578338345985813,,,,,,,,,,,
lightgbm,rel-stack,user-engagement,BINARY_CLASSIFICATION,0,30,roc_auc,cpu,False,"{""bagging_fraction"": 0.9032235488416, ""bagging_freq"": 1, ""cat_l2"": 0.0484438463597, ""cat_smooth"": 0.2752154717585, ""extra_trees"": false, ""feature_fraction"": 0.8731273073839, ""lambda_l1"": 0.2594966220889, ""lambda_l2"": 0.3941888549433, ""learning_rate"": 0.0236586574252, ""max_cat_to_onehot"": 8, ""min_data_in_leaf"": 3, ""min_data_per_group"": 69, ""n_estimators"": 438, ""num_leaves"": 9}",d90cbc4e,r27,0.7526023746341878,,26.17421084800003,0.566379635000203,,,,0.1999121730052731,0.9729682493445966,0.085173501577287,0.7526023746341878,,,,,,,,,,,
lightgbm,rel-stack,user-engagement,BINARY_CLASSIFICATION,0,30,roc_auc,cpu,False,"{""bagging_fraction"": 0.943127227378, ""bagging_freq"": 1, ""cat_l2"": 0.0089165711882, ""cat_smooth"": 0.196142976357, ""extra_trees"": false, ""feature_fraction"": 0.4341088458599, ""lambda_l1"": 0.3738757566188, ""lambda_l2"": 0.9197657819236, ""learning_rate"": 0.0125354274243, ""max_cat_to_onehot"": 23, ""min_data_in_leaf"": 1, ""min_data_per_group"": 16, ""n_estimators"": 165, ""num_leaves"": 65}",10f688c8,r28,0.7709921507423536,,33.70400564700003,0.7700282890000381,,,,0.2040916035750215,0.9730265074279056,0.0932236584410497,0.7709921507423536,,,,,,,,,,,
lightgbm,rel-stack,user-engagement,BINARY_CLASSIFICATION,0,30,roc_auc,cpu,False,"{""bagging_fraction"": 0.8296444149774, ""bagging_freq"": 1, ""cat_l2"": 0.0231985345244, ""cat_smooth"": 0.419723324168, ""extra_trees"": true, ""feature_fraction"": 0.818198345035, ""lambda_l1"": 0.5876408752329, ""lambda_l2"": 0.0893201412781, ""learning_rate"": 0.0282078967013, ""max_cat_to_onehot"": 29, ""min_data_in_leaf"": 5, ""min_data_per_group"": 12, ""n_estimators"": 750, ""num_leaves"": 37}",fb774425,r29,0.7853358268896582,,134.23329953300004,5.028754715000105,,,,0.2303805579228172,0.9734226623944072,0.1908478183753104,0.7853358268896582,,,,,,,,,,,
lightgbm,rel-stack,user-engagement,BINARY_CLASSIFICATION,0,30,roc_auc,cpu,False,"{""bagging_fraction"": 0.8808290128215, ""bagging_freq"": 1, ""cat_l2"": 1.0457234595842, ""cat_smooth"": 0.6921859910209, ""extra_trees"": true, ""feature_fraction"": 0.9220523550151, ""lambda_l1"": 0.7206605914604, ""lambda_l2"": 0.9472534786514, ""learning_rate"": 0.0132034424949, ""max_cat_to_onehot"": 25, ""min_data_in_leaf"": 15, ""min_data_per_group"": 7, ""n_estimators"": 335, ""num_leaves"": 35}",7ae6364f,r3,0.7625703619571848,,52.76143714699998,1.095084208000003,,,,0.2171323679124911,0.9734459656277308,0.1217726396917148,0.7625703619571848,,,,,,,,,,,
lightgbm,rel-stack,user-engagement,BINARY_CLASSIFICATION,0,30,roc_auc,cpu,False,"{""bagging_fraction"": 0.9256403562964, ""bagging_freq"": 1, ""cat_l2"": 0.173468569422, ""cat_smooth"": 0.1622096133057, ""extra_trees"": true, ""feature_fraction"": 0.8672172375647, ""lambda_l1"": 0.2728946202342, ""lambda_l2"": 1.5996117895528, ""learning_rate"": 0.0885567275464, ""max_cat_to_onehot"": 31, ""min_data_in_leaf"": 54, ""min_data_per_group"": 63, ""n_estimators"": 395, ""num_leaves"": 6}",a691dd6f,r30,0.7462337470197844,,14.558588350000036,0.3769512710000526,,,,0.1757976986663392,0.972875036411302,0.0812943962115232,0.7462337470197844,,,,,,,,,,,
lightgbm,rel-stack,user-engagement,BINARY_CLASSIFICATION,0,30,roc_auc,cpu,False,"{""bagging_fraction"": 0.8634649548991, ""bagging_freq"": 1, ""cat_l2"": 1.6087120636028, ""cat_smooth"": 42.4603130176821, ""extra_trees"": false, ""feature_fraction"": 0.6841648271642, ""lambda_l1"": 0.5820615900959, ""lambda_l2"": 0.3727460534192, ""learning_rate"": 0.0078289135266, ""max_cat_to_onehot"": 37, ""min_data_in_leaf"": 2, ""min_data_per_group"": 2, ""n_estimators"": 987, ""num_leaves"": 9}",1d48d1c9,r4,0.6749897813277377,,29.93493573999996,1.6718810819999703,,,,0.1087096646979914,0.9726769589280512,0.0646190666134822,0.6749897813277377,,,,,,,,,,,
lightgbm,rel-stack,user-engagement,BINARY_CLASSIFICATION,0,30,roc_auc,cpu,False,"{""bagging_fraction"": 0.8270964398017, ""bagging_freq"": 1, ""cat_l2"": 0.0497402357678, ""cat_smooth"": 0.0022655846367, ""extra_trees"": true, ""feature_fraction"": 0.8805464511878, ""lambda_l1"": 0.5374194921261, ""lambda_l2"": 1.4738626624402, ""learning_rate"": 0.009732329389, ""max_cat_to_onehot"": 78, ""min_data_in_leaf"": 4, ""min_data_per_group"": 24, ""n_estimators"": 285, ""num_leaves"": 44}",4f68409e,r5,0.7497763047716622,,27.399480891999985,0.72855244699997,,,,0.1896747729837191,0.972269152344888,0.0229885057471264,0.7497763047716622,,,,,,,,,,,
lightgbm,rel-stack,user-engagement,BINARY_CLASSIFICATION,0,30,roc_auc,cpu,False,"{""bagging_fraction"": 0.7951605226208, ""bagging_freq"": 1, ""cat_l2"": 0.2087627025057, ""cat_smooth"": 0.0018992120999, ""extra_trees"": true, ""feature_fraction"": 0.5907899076364, ""lambda_l1"": 0.2654629519904, ""lambda_l2"": 0.6372060480074, ""learning_rate"": 0.0086558049456, ""max_cat_to_onehot"": 44, ""min_data_in_leaf"": 11, ""min_data_per_group"": 11, ""n_estimators"": 164, ""num_leaves"": 56}",3c57d7d3,r6,0.7547132171569024,,28.07689099600003,0.7214467889999696,,,,0.1934928249094236,0.9727934750946694,0.0633774568792619,0.7547132171569024,,,,,,,,,,,
lightgbm,rel-stack,user-engagement,BINARY_CLASSIFICATION,0,30,roc_auc,cpu,False,"{""bagging_fraction"": 0.9335036446078, ""bagging_freq"": 1, ""cat_l2"": 0.2830562687557, ""cat_smooth"": 0.1802171314263, ""extra_trees"": true, ""feature_fraction"": 0.6485577967088, ""lambda_l1"": 0.5232957286614, ""lambda_l2"": 1.3348540188894, ""learning_rate"": 0.0289761662926, ""max_cat_to_onehot"": 15, ""min_data_in_leaf"": 11, ""min_data_per_group"": 55, ""n_estimators"": 701, ""num_leaves"": 20}",134c98bb,r7,0.7560615193815172,,37.66946806499999,1.4066461599999798,,,,0.1900967584649705,0.9728633847946404,0.0783537791848041,0.7560615193815172,,,,,,,,,,,
lightgbm,rel-stack,user-engagement,BINARY_CLASSIFICATION,0,30,roc_auc,cpu,False,"{""bagging_fraction"": 0.9848713160352, ""bagging_freq"": 1, ""cat_l2"": 1.6905546285477, ""cat_smooth"": 0.001258746648, ""extra_trees"": true, ""feature_fraction"": 0.4384884978093, ""lambda_l1"": 0.0940311167074, ""lambda_l2"": 0.2636825450225, ""learning_rate"": 0.0053104402291, ""max_cat_to_onehot"": 51, ""min_data_in_leaf"": 10, ""min_data_per_group"": 31, ""n_estimators"": 285, ""num_leaves"": 164}",42517afb,r8,0.7394615866061758,,25.223428305000027,1.0037018010000338,,,,0.1670163457489319,0.9720244683949898,0.0041476565740356,0.7394615866061758,,,,,,,,,,,
lightgbm,rel-stack,user-engagement,BINARY_CLASSIFICATION,0,30,roc_auc,cpu,False,"{""bagging_fraction"": 0.898758060085, ""bagging_freq"": 1, ""cat_l2"": 0.964011246959, ""cat_smooth"": 0.1616421454928, ""extra_trees"": false, ""feature_fraction"": 0.815483271622, ""lambda_l1"": 0.5759889009066, ""lambda_l2"": 1.4326827755167, ""learning_rate"": 0.0599026240177, ""max_cat_to_onehot"": 91, ""min_data_in_leaf"": 2, ""min_data_per_group"": 6, ""n_estimators"": 702, ""num_leaves"": 39}",b7f5d391,r9,0.8002487233647502,,153.59793218999994,7.752554443000008,,,,0.232405671656012,0.9724788814448004,0.2142381902860944,0.8002487233647502,,,,,,,,,,,
lightgbm,rel-trial,site-success,REGRESSION,0,30,mae,cpu,False,{},bf21a9e8,default,0.4643650440779255,0.4454916179025445,1.5764502429999965,0.1143771429999986,1.243754435000028,0.1180850419999615,,,,,,,,,,-0.7117033714396861,0.4643650440779255,0.624976983070419,-0.5706931997488229,0.4454916179025445,0.6031004769805676,
lightgbm,rel-trial,site-success,REGRESSION,0,30,mae,cpu,False,"{""bagging_fraction"": 0.8646440511782, ""bagging_freq"": 1, ""cat_l2"": 0.2396763788772, ""cat_smooth"": 9.0912832806515, ""extra_trees"": true, ""feature_fraction"": 0.9742930953718, ""lambda_l1"": 0.5205254318032, ""lambda_l2"": 1.5172553870823, ""learning_rate"": 0.0095655183906, ""max_cat_to_onehot"": 21, ""min_data_in_leaf"": 1, ""min_data_per_group"": 38, ""n_estimators"": 885, ""num_leaves"": 13}",9ddece77,r1,0.4521695702085965,,4.640421622000005,0.4020307310000106,,,,,,,,,,,,-0.6141290957948768,0.4521695702085965,0.6069024675235101,,,,
lightgbm,rel-trial,site-success,REGRESSION,0,30,mae,cpu,False,"{""bagging_fraction"": 0.7040714906836, ""bagging_freq"": 1, ""cat_l2"": 0.1059359109832, ""cat_smooth"": 79.0557829290776, ""extra_trees"": true, ""feature_fraction"": 0.7399608725239, ""lambda_l1"": 0.9293032679565, ""lambda_l2"": 0.5788832452851, ""learning_rate"": 0.0050708289337, ""max_cat_to_onehot"": 15, ""min_data_in_leaf"": 53, ""min_data_per_group"": 48, ""n_estimators"": 398, ""num_leaves"": 14}",85d4ebc9,r10,0.4562143262553706,,2.300742512,0.2407279009999854,,,,,,,,,,,,-0.516512973004305,0.4562143262553706,0.5882647632144785,,,,
lightgbm,rel-trial,site-success,REGRESSION,0,30,mae,cpu,False,"{""bagging_fraction"": 0.8819179642384, ""bagging_freq"": 1, ""cat_l2"": 0.2028071332361, ""cat_smooth"": 0.9002514016925, ""extra_trees"": true, ""feature_fraction"": 0.9904253448185, ""lambda_l1"": 0.3523764300344, ""lambda_l2"": 1.0166800656129, ""learning_rate"": 0.0076046378471, ""max_cat_to_onehot"": 9, ""min_data_in_leaf"": 51, ""min_data_per_group"": 4, ""n_estimators"": 309, ""num_leaves"": 50}",eb5d77d2,r11,0.4552415457300788,,5.6427881660000025,0.270880223000006,,,,,,,,,,,,-0.6998500919587203,0.4552415457300788,0.6228092896400604,,,,
lightgbm,rel-trial,site-success,REGRESSION,0,30,mae,cpu,False,"{""bagging_fraction"": 0.7057579594928, ""bagging_freq"": 1, ""cat_l2"": 0.0652607238611, ""cat_smooth"": 0.7440913299852, ""extra_trees"": true, ""feature_fraction"": 0.5562045565524, ""lambda_l1"": 0.4693022490728, ""lambda_l2"": 0.3337783413457, ""learning_rate"": 0.005523232486, ""max_cat_to_onehot"": 20, ""min_data_in_leaf"": 22, ""min_data_per_group"": 3, ""n_estimators"": 298, ""num_leaves"": 194}",97b0d170,r12,0.4581427825885523,,4.775966968000006,0.2880580339999881,,,,,,,,,,,,-0.7019308349423314,0.4581427825885523,0.6231903555166478,,,,
lightgbm,rel-trial,site-success,REGRESSION,0,30,mae,cpu,False,"{""bagging_fraction"": 0.7904724450024, ""bagging_freq"": 1, ""cat_l2"": 0.0112585288934, ""cat_smooth"": 1.8450328342775, ""extra_trees"": false, ""feature_fraction"": 0.7222135128255, ""lambda_l1"": 0.8411560157726, ""lambda_l2"": 1.5581241341161, ""learning_rate"": 0.0949138303247, ""max_cat_to_onehot"": 8, ""min_data_in_leaf"": 4, ""min_data_per_group"": 12, ""n_estimators"": 523, ""num_leaves"": 6}",b0f88568,r13,0.4571229019442117,,3.1304922570000144,0.1767087499999888,,,,,,,,,,,,-0.7956330862687473,0.4571229019442117,0.640115833499074,,,,
lightgbm,rel-trial,site-success,REGRESSION,0,30,mae,cpu,False,"{""bagging_fraction"": 0.8980520612478, ""bagging_freq"": 1, ""cat_l2"": 0.0298619738506, ""cat_smooth"": 1.8218656600978, ""extra_trees"": false, ""feature_fraction"": 0.6687557031224, ""lambda_l1"": 0.9046572794351, ""lambda_l2"": 1.7298800978754, ""learning_rate"": 0.0152979229147, ""max_cat_to_onehot"": 14, ""min_data_in_leaf"": 7, ""min_data_per_group"": 61, ""n_estimators"": 223, ""num_leaves"": 45}",c9bdab03,r14,0.4523216799109643,,6.706745347000009,0.3097675089999825,,,,,,,,,,,,-0.6957222700957388,0.4523216799109643,0.6220526322038575,,,,
lightgbm,rel-trial,site-success,REGRESSION,0,30,mae,cpu,False,"{""bagging_fraction"": 0.7870232821631, ""bagging_freq"": 1, ""cat_l2"": 0.1520732736224, ""cat_smooth"": 0.143579414226, ""extra_trees"": false, ""feature_fraction"": 0.4597414534665, ""lambda_l1"": 0.0376556278898, ""lambda_l2"": 0.8228523078385, ""learning_rate"": 0.0175995134195, ""max_cat_to_onehot"": 55, ""min_data_in_leaf"": 4, ""min_data_per_group"": 81, ""n_estimators"": 58, ""num_leaves"": 107}",5c4e94f9,r15,0.4608445568956661,,2.065580904000001,0.1363069349999932,,,,,,,,,,,,-0.698463899342592,0.4608445568956661,0.6225552937959191,,,,
lightgbm,rel-trial,site-success,REGRESSION,0,30,mae,cpu,False,"{""bagging_fraction"": 0.9252532736885, ""bagging_freq"": 1, ""cat_l2"": 0.0185425303217, ""cat_smooth"": 0.0026697944708, ""extra_trees"": true, ""feature_fraction"": 0.4403497788779, ""lambda_l1"": 0.990339913502, ""lambda_l2"": 1.5167814698069, ""learning_rate"": 0.032907451476, ""max_cat_to_onehot"": 89, ""min_data_in_leaf"": 2, ""min_data_per_group"": 10, ""n_estimators"": 665, ""num_leaves"": 12}",66abad1a,r16,0.4520464497710862,,4.040447215,0.2585162960000104,,,,,,,,,,,,-0.7109422970671324,0.4520464497710862,0.6248380259188966,,,,
lightgbm,rel-trial,site-success,REGRESSION,0,30,mae,cpu,False,"{""bagging_fraction"": 0.9893469303368, ""bagging_freq"": 1, ""cat_l2"": 0.1517170923124, ""cat_smooth"": 0.0019146599966, ""extra_trees"": true, ""feature_fraction"": 0.8076356640991, ""lambda_l1"": 0.2169752947, ""lambda_l2"": 0.6401022999299, ""learning_rate"": 0.0682833284969, ""max_cat_to_onehot"": 45, ""min_data_in_leaf"": 2, ""min_data_per_group"": 8, ""n_estimators"": 71, ""num_leaves"": 27}",e3bf995d,r17,0.4539638270666581,,1.0425148879999997,0.1175230909999811,,,,,,,,,,,,-0.6565349079756142,0.4539638270666581,0.6148229441861808,,,,
lightgbm,rel-trial,site-success,REGRESSION,0,30,mae,cpu,False,"{""bagging_fraction"": 0.8662727305253, ""bagging_freq"": 1, ""cat_l2"": 0.0750558998512, ""cat_smooth"": 0.2749087238468, ""extra_trees"": true, ""feature_fraction"": 0.6722181067336, ""lambda_l1"": 0.6631118952798, ""lambda_l2"": 0.7669894419544, ""learning_rate"": 0.011346355764, ""max_cat_to_onehot"": 13, ""min_data_in_leaf"": 8, ""min_data_per_group"": 12, ""n_estimators"": 235, ""num_leaves"": 4}",d16f6217,r18,0.4589738836412633,,1.333210121999997,0.121230311000005,,,,,,,,,,,,-0.7277594256478224,0.4589738836412633,0.6279013339000079,,,,
lightgbm,rel-trial,site-success,REGRESSION,0,30,mae,cpu,False,"{""bagging_fraction"": 0.7637171496671, ""bagging_freq"": 1, ""cat_l2"": 1.6733394870119, ""cat_smooth"": 25.4110617183616, ""extra_trees"": true, ""feature_fraction"": 0.7219475266652, ""lambda_l1"": 0.2633960444995, ""lambda_l2"": 1.1766753953959, ""learning_rate"": 0.0546075727721, ""max_cat_to_onehot"": 88, ""min_data_in_leaf"": 1, ""min_data_per_group"": 5, ""n_estimators"": 74, ""num_leaves"": 3}",3c940a82,r19,0.4586422794885441,,0.5468324680000194,0.1017165389999945,,,,,,,,,,,,-0.7224722492077345,0.4586422794885441,0.6269398664753711,,,,
lightgbm,rel-trial,site-success,REGRESSION,0,30,mae,cpu,False,"{""bagging_fraction"": 0.9145568099117, ""bagging_freq"": 1, ""cat_l2"": 0.0688015432043, ""cat_smooth"": 0.4410365667971, ""extra_trees"": false, ""feature_fraction"": 0.4842104682476, ""lambda_l1"": 0.6789116421659, ""lambda_l2"": 0.2119046236149, ""learning_rate"": 0.007497093098, ""max_cat_to_onehot"": 78, ""min_data_in_leaf"": 57, ""min_data_per_group"": 21, ""n_estimators"": 353, ""num_leaves"": 17}",a3464b9d,r2,0.4571903622867548,,5.186532464999999,0.2921400970000007,,,,,,,,,,,,-0.7434608401225482,0.4571903622867548,0.6307479806324338,,,,
lightgbm,rel-trial,site-success,REGRESSION,0,30,mae,cpu,False,"{""bagging_fraction"": 0.766732967316, ""bagging_freq"": 1, ""cat_l2"": 0.2949769749976, ""cat_smooth"": 76.211749790676, ""extra_trees"": false, ""feature_fraction"": 0.9380027758242, ""lambda_l1"": 0.0207489343658, ""lambda_l2"": 1.6621138056269, ""learning_rate"": 0.0087194268009, ""max_cat_to_onehot"": 51, ""min_data_in_leaf"": 2, ""min_data_per_group"": 20, ""n_estimators"": 428, ""num_leaves"": 19}",8d3659ac,r20,0.4580783547701857,,2.1908525400000087,0.127789846000013,,,,,,,,,,,,-0.845448716373141,0.4580783547701857,0.648934346197956,,,,
lightgbm,rel-trial,site-success,REGRESSION,0,30,mae,cpu,True,"{""bagging_fraction"": 0.806683821355, ""bagging_freq"": 1, ""cat_l2"": 0.0082421437739, ""cat_smooth"": 0.0160008811562, ""extra_trees"": false, ""feature_fraction"": 0.5089787202952, ""lambda_l1"": 0.2184810145264, ""lambda_l2"": 0.9723705046664, ""learning_rate"": 0.0507096180332, ""max_cat_to_onehot"": 54, ""min_data_in_leaf"": 3, ""min_data_per_group"": 18, ""n_estimators"": 165, ""num_leaves"": 161}",a6d8d71e,r21,0.4437706894099235,0.4375060937751241,14.833003228999983,0.6291331979999768,18.07873889499996,0.8169895229999611,,,,,,,,,,-0.5056300652870462,0.4437706894099235,0.5861501890826692,-0.354373757757787,0.4375060937751241,0.5600325315971879,
lightgbm,rel-trial,site-success,REGRESSION,0,30,mae,cpu,False,"{""bagging_fraction"": 0.9821295835758, ""bagging_freq"": 1, ""cat_l2"": 0.1367124095637, ""cat_smooth"": 0.0031729973642, ""extra_trees"": true, ""feature_fraction"": 0.7074360779775, ""lambda_l1"": 0.4552232983118, ""lambda_l2"": 1.417125445225, ""learning_rate"": 0.0925784167972, ""max_cat_to_onehot"": 8, ""min_data_in_leaf"": 5, ""min_data_per_group"": 7, ""n_estimators"": 123, ""num_leaves"": 2}",38aedfa8,r22,0.4708354727189792,,0.6953010459999973,0.1061370120000049,,,,,,,,,,,,-0.8683909642013252,0.4708354727189792,0.6529555976878967,,,,
lightgbm,rel-trial,site-success,REGRESSION,0,30,mae,cpu,False,"{""bagging_fraction"": 0.9295975761421, ""bagging_freq"": 1, ""cat_l2"": 0.1658867884192, ""cat_smooth"": 0.0012082259188, ""extra_trees"": false, ""feature_fraction"": 0.7482682823129, ""lambda_l1"": 0.8788818548033, ""lambda_l2"": 0.9963306369924, ""learning_rate"": 0.0662004421712, ""max_cat_to_onehot"": 15, ""min_data_in_leaf"": 1, ""min_data_per_group"": 44, ""n_estimators"": 510, ""num_leaves"": 23}",3e9b950f,r23,0.4470464538807883,,11.812225178000006,0.4919445719999942,,,,,,,,,,,,-0.6783648547155847,0.4470464538807883,0.618860777457604,,,,
lightgbm,rel-trial,site-success,REGRESSION,0,30,mae,cpu,False,"{""bagging_fraction"": 0.9245990859552, ""bagging_freq"": 1, ""cat_l2"": 1.592158021275, ""cat_smooth"": 44.4269586841343, ""extra_trees"": false, ""feature_fraction"": 0.872525293573, ""lambda_l1"": 0.492319014681, ""lambda_l2"": 1.6891157039359, ""learning_rate"": 0.0517998481756, ""max_cat_to_onehot"": 22, ""min_data_in_leaf"": 59, ""min_data_per_group"": 10, ""n_estimators"": 802, ""num_leaves"": 8}",0d0b00fe,r24,0.4554414428010922,,3.695595178000019,0.2729273699999908,,,,,,,,,,,,-0.7017556292711467,0.4554414428010922,0.623158277451995,,,,
lightgbm,rel-trial,site-success,REGRESSION,0,30,mae,cpu,False,"{""bagging_fraction"": 0.9711159219238, ""bagging_freq"": 1, ""cat_l2"": 0.0287842816393, ""cat_smooth"": 2.2365712242177, ""extra_trees"": false, ""feature_fraction"": 0.7638852760411, ""lambda_l1"": 0.7155896013433, ""lambda_l2"": 0.3887650116637, ""learning_rate"": 0.0956151137114, ""max_cat_to_onehot"": 23, ""min_data_in_leaf"": 5, ""min_data_per_group"": 8, ""n_estimators"": 132, ""num_leaves"": 117}",311db951,r25,0.4456509112590652,,9.570527192000014,0.4745245139999952,,,,,,,,,,,,-0.5127352033207517,0.4456509112590652,0.5875315962190367,,,,
lightgbm,rel-trial,site-success,REGRESSION,0,30,mae,cpu,False,"{""bagging_fraction"": 0.7751868160582, ""bagging_freq"": 1, ""cat_l2"": 0.7205179793324, ""cat_smooth"": 0.2412048314858, ""extra_trees"": false, ""feature_fraction"": 0.5086905770421, ""lambda_l1"": 0.7774298210926, ""lambda_l2"": 0.7417685131559, ""learning_rate"": 0.006296404929, ""max_cat_to_onehot"": 41, ""min_data_in_leaf"": 17, ""min_data_per_group"": 4, ""n_estimators"": 197, ""num_leaves"": 50}",e3b85f93,r26,0.459504612194654,,7.239092913999997,0.3165937139999926,,,,,,,,,,,,-0.7311659688868664,0.459504612194654,0.6285200310755615,,,,
lightgbm,rel-trial,site-success,REGRESSION,0,30,mae,cpu,False,"{""bagging_fraction"": 0.9032235488416, ""bagging_freq"": 1, ""cat_l2"": 0.0484438463597, ""cat_smooth"": 0.2752154717585, ""extra_trees"": false, ""feature_fraction"": 0.8731273073839, ""lambda_l1"": 0.2594966220889, ""lambda_l2"": 0.3941888549433, ""learning_rate"": 0.0236586574252, ""max_cat_to_onehot"": 8, ""min_data_in_leaf"": 3, ""min_data_per_group"": 69, ""n_estimators"": 438, ""num_leaves"": 9}",d90cbc4e,r27,0.4579132688635706,,3.469415518000005,0.2396896140000137,,,,,,,,,,,,-0.8449714681899625,0.4579132688635706,0.6488504308985267,,,,
lightgbm,rel-trial,site-success,REGRESSION,0,30,mae,cpu,False,"{""bagging_fraction"": 0.943127227378, ""bagging_freq"": 1, ""cat_l2"": 0.0089165711882, ""cat_smooth"": 0.196142976357, ""extra_trees"": false, ""feature_fraction"": 0.4341088458599, ""lambda_l1"": 0.3738757566188, ""lambda_l2"": 0.9197657819236, ""learning_rate"": 0.0125354274243, ""max_cat_to_onehot"": 23, ""min_data_in_leaf"": 1, ""min_data_per_group"": 16, ""n_estimators"": 165, ""num_leaves"": 65}",10f688c8,r28,0.4545472345382942,,7.781768416000006,0.3075019099999849,,,,,,,,,,,,-0.6862382394508941,0.4545472345382942,0.6203106493265009,,,,
lightgbm,rel-trial,site-success,REGRESSION,0,30,mae,cpu,False,"{""bagging_fraction"": 0.8296444149774, ""bagging_freq"": 1, ""cat_l2"": 0.0231985345244, ""cat_smooth"": 0.419723324168, ""extra_trees"": true, ""feature_fraction"": 0.818198345035, ""lambda_l1"": 0.5876408752329, ""lambda_l2"": 0.0893201412781, ""learning_rate"": 0.0282078967013, ""max_cat_to_onehot"": 29, ""min_data_in_leaf"": 5, ""min_data_per_group"": 12, ""n_estimators"": 750, ""num_leaves"": 37}",fb774425,r29,0.4513772098451994,,5.710434272999976,0.4072673519999625,,,,,,,,,,,,-0.6402134106953752,0.4513772098451994,0.6117865845935118,,,,
lightgbm,rel-trial,site-success,REGRESSION,0,30,mae,cpu,False,"{""bagging_fraction"": 0.8808290128215, ""bagging_freq"": 1, ""cat_l2"": 1.0457234595842, ""cat_smooth"": 0.6921859910209, ""extra_trees"": true, ""feature_fraction"": 0.9220523550151, ""lambda_l1"": 0.7206605914604, ""lambda_l2"": 0.9472534786514, ""learning_rate"": 0.0132034424949, ""max_cat_to_onehot"": 25, ""min_data_in_leaf"": 15, ""min_data_per_group"": 7, ""n_estimators"": 335, ""num_leaves"": 35}",7ae6364f,r3,0.4528795891069685,,4.148663181999993,0.2634257209999902,,,,,,,,,,,,-0.6254057635348858,0.4528795891069685,0.6090187560908761,,,,
lightgbm,rel-trial,site-success,REGRESSION,0,30,mae,cpu,False,"{""bagging_fraction"": 0.9256403562964, ""bagging_freq"": 1, ""cat_l2"": 0.173468569422, ""cat_smooth"": 0.1622096133057, ""extra_trees"": true, ""feature_fraction"": 0.8672172375647, ""lambda_l1"": 0.2728946202342, ""lambda_l2"": 1.5996117895528, ""learning_rate"": 0.0885567275464, ""max_cat_to_onehot"": 31, ""min_data_in_leaf"": 54, ""min_data_per_group"": 63, ""n_estimators"": 395, ""num_leaves"": 6}",a691dd6f,r30,0.4551126771225908,,1.7648480279999603,0.1296255710000196,,,,,,,,,,,,-0.6569716723206471,0.4551126771225908,0.6149039913893329,,,,
lightgbm,rel-trial,site-success,REGRESSION,0,30,mae,cpu,False,"{""bagging_fraction"": 0.8634649548991, ""bagging_freq"": 1, ""cat_l2"": 1.6087120636028, ""cat_smooth"": 42.4603130176821, ""extra_trees"": false, ""feature_fraction"": 0.6841648271642, ""lambda_l1"": 0.5820615900959, ""lambda_l2"": 0.3727460534192, ""learning_rate"": 0.0078289135266, ""max_cat_to_onehot"": 37, ""min_data_in_leaf"": 2, ""min_data_per_group"": 2, ""n_estimators"": 987, ""num_leaves"": 9}",1d48d1c9,r4,0.4546246620699348,,4.550272890000002,0.4012274729999916,,,,,,,,,,,,-0.6424683706133674,0.4546246620699348,0.6122069812295979,,,,
lightgbm,rel-trial,site-success,REGRESSION,0,30,mae,cpu,False,"{""bagging_fraction"": 0.8270964398017, ""bagging_freq"": 1, ""cat_l2"": 0.0497402357678, ""cat_smooth"": 0.0022655846367, ""extra_trees"": true, ""feature_fraction"": 0.8805464511878, ""lambda_l1"": 0.5374194921261, ""lambda_l2"": 1.4738626624402, ""learning_rate"": 0.009732329389, ""max_cat_to_onehot"": 78, ""min_data_in_leaf"": 4, ""min_data_per_group"": 24, ""n_estimators"": 285, ""num_leaves"": 44}",4f68409e,r5,0.456112098978218,,2.0781495330000013,0.1669238740000054,,,,,,,,,,,,-0.68169505097247,0.456112098978218,0.6194744421602616,,,,
lightgbm,rel-trial,site-success,REGRESSION,0,30,mae,cpu,False,"{""bagging_fraction"": 0.7951605226208, ""bagging_freq"": 1, ""cat_l2"": 0.2087627025057, ""cat_smooth"": 0.0018992120999, ""extra_trees"": true, ""feature_fraction"": 0.5907899076364, ""lambda_l1"": 0.2654629519904, ""lambda_l2"": 0.6372060480074, ""learning_rate"": 0.0086558049456, ""max_cat_to_onehot"": 44, ""min_data_in_leaf"": 11, ""min_data_per_group"": 11, ""n_estimators"": 164, ""num_leaves"": 56}",3c57d7d3,r6,0.460849801057363,,1.5488741209999972,0.1454268979999966,,,,,,,,,,,,-0.7138604091751768,0.460849801057363,0.6253706478015919,,,,
lightgbm,rel-trial,site-success,REGRESSION,0,30,mae,cpu,False,"{""bagging_fraction"": 0.9335036446078, ""bagging_freq"": 1, ""cat_l2"": 0.2830562687557, ""cat_smooth"": 0.1802171314263, ""extra_trees"": true, ""feature_fraction"": 0.6485577967088, ""lambda_l1"": 0.5232957286614, ""lambda_l2"": 1.3348540188894, ""learning_rate"": 0.0289761662926, ""max_cat_to_onehot"": 15, ""min_data_in_leaf"": 11, ""min_data_per_group"": 55, ""n_estimators"": 701, ""num_leaves"": 20}",134c98bb,r7,0.453879430370551,,4.307571695000007,0.2014934149999874,,,,,,,,,,,,-0.6496568775492733,0.453879430370551,0.6135452259927774,,,,
lightgbm,rel-trial,site-success,REGRESSION,0,30,mae,cpu,False,"{""bagging_fraction"": 0.9848713160352, ""bagging_freq"": 1, ""cat_l2"": 1.6905546285477, ""cat_smooth"": 0.001258746648, ""extra_trees"": true, ""feature_fraction"": 0.4384884978093, ""lambda_l1"": 0.0940311167074, ""lambda_l2"": 0.2636825450225, ""learning_rate"": 0.0053104402291, ""max_cat_to_onehot"": 51, ""min_data_in_leaf"": 10, ""min_data_per_group"": 31, ""n_estimators"": 285, ""num_leaves"": 164}",42517afb,r8,0.4618138697110518,,1.5733799310000052,0.1512759640000069,,,,,,,,,,,,-0.7559739441548734,0.4618138697110518,0.6330074245683341,,,,
lightgbm,rel-trial,site-success,REGRESSION,0,30,mae,cpu,False,"{""bagging_fraction"": 0.898758060085, ""bagging_freq"": 1, ""cat_l2"": 0.964011246959, ""cat_smooth"": 0.1616421454928, ""extra_trees"": false, ""feature_fraction"": 0.815483271622, ""lambda_l1"": 0.5759889009066, ""lambda_l2"": 1.4326827755167, ""learning_rate"": 0.0599026240177, ""max_cat_to_onehot"": 91, ""min_data_in_leaf"": 2, ""min_data_per_group"": 6, ""n_estimators"": 702, ""num_leaves"": 39}",b7f5d391,r9,0.4479402721963421,,23.819343807,1.2515483679999877,,,,,,,,,,,,-0.7111630833175979,0.4479402721963421,0.6248783403102233,,,,
lightgbm,rel-trial,study-adverse,REGRESSION,0,30,mae,cpu,False,{},bf21a9e8,default,48.83073246317332,45.51214714165657,2.013944629999997,0.2746278509999911,1.7983913870000094,0.2818421549999925,,,,,,,,,,0.0961685320929105,48.83073246317332,371.83389796776737,0.3019637243548864,45.51214714165657,208.60926478880103,
lightgbm,rel-trial,study-adverse,REGRESSION,0,30,mae,cpu,False,"{""bagging_fraction"": 0.8646440511782, ""bagging_freq"": 1, ""cat_l2"": 0.2396763788772, ""cat_smooth"": 9.0912832806515, ""extra_trees"": true, ""feature_fraction"": 0.9742930953718, ""lambda_l1"": 0.5205254318032, ""lambda_l2"": 1.5172553870823, ""learning_rate"": 0.0095655183906, ""max_cat_to_onehot"": 21, ""min_data_in_leaf"": 1, ""min_data_per_group"": 38, ""n_estimators"": 885, ""num_leaves"": 13}",9ddece77,r1,50.79880518054129,,2.6920435849999933,0.3263801929999914,,,,,,,,,,,,0.0414024849867764,50.79880518054129,382.93353416137467,,,,
lightgbm,rel-trial,study-adverse,REGRESSION,0,30,mae,cpu,False,"{""bagging_fraction"": 0.7040714906836, ""bagging_freq"": 1, ""cat_l2"": 0.1059359109832, ""cat_smooth"": 79.0557829290776, ""extra_trees"": true, ""feature_fraction"": 0.7399608725239, ""lambda_l1"": 0.9293032679565, ""lambda_l2"": 0.5788832452851, ""learning_rate"": 0.0050708289337, ""max_cat_to_onehot"": 15, ""min_data_in_leaf"": 53, ""min_data_per_group"": 48, ""n_estimators"": 398, ""num_leaves"": 14}",85d4ebc9,r10,53.71830840865107,,2.032583767000005,0.2901076120000141,,,,,,,,,,,,0.0005349857006649,53.71830840865107,391.0110662161927,,,,
lightgbm,rel-trial,study-adverse,REGRESSION,0,30,mae,cpu,False,"{""bagging_fraction"": 0.8819179642384, ""bagging_freq"": 1, ""cat_l2"": 0.2028071332361, ""cat_smooth"": 0.9002514016925, ""extra_trees"": true, ""feature_fraction"": 0.9904253448185, ""lambda_l1"": 0.3523764300344, ""lambda_l2"": 1.0166800656129, ""learning_rate"": 0.0076046378471, ""max_cat_to_onehot"": 9, ""min_data_in_leaf"": 51, ""min_data_per_group"": 4, ""n_estimators"": 309, ""num_leaves"": 50}",eb5d77d2,r11,52.4563461519741,,2.6528607559999955,0.2936057619999985,,,,,,,,,,,,0.0126156614933796,52.4563461519741,388.6407787528457,,,,
lightgbm,rel-trial,study-adverse,REGRESSION,0,30,mae,cpu,False,"{""bagging_fraction"": 0.7057579594928, ""bagging_freq"": 1, ""cat_l2"": 0.0652607238611, ""cat_smooth"": 0.7440913299852, ""extra_trees"": true, ""feature_fraction"": 0.5562045565524, ""lambda_l1"": 0.4693022490728, ""lambda_l2"": 0.3337783413457, ""learning_rate"": 0.005523232486, ""max_cat_to_onehot"": 20, ""min_data_in_leaf"": 22, ""min_data_per_group"": 3, ""n_estimators"": 298, ""num_leaves"": 194}",97b0d170,r12,53.838465202264665,,2.6663625420000017,0.2958722160000206,,,,,,,,,,,,-0.0019536512222941,53.838465202264665,391.4975662827822,,,,
lightgbm,rel-trial,study-adverse,REGRESSION,0,30,mae,cpu,False,"{""bagging_fraction"": 0.7904724450024, ""bagging_freq"": 1, ""cat_l2"": 0.0112585288934, ""cat_smooth"": 1.8450328342775, ""extra_trees"": false, ""feature_fraction"": 0.7222135128255, ""lambda_l1"": 0.8411560157726, ""lambda_l2"": 1.5581241341161, ""learning_rate"": 0.0949138303247, ""max_cat_to_onehot"": 8, ""min_data_in_leaf"": 4, ""min_data_per_group"": 12, ""n_estimators"": 523, ""num_leaves"": 6}",b0f88568,r13,51.63332613636781,,2.250455069999987,0.274138521999987,,,,,,,,,,,,0.0308778104124236,51.63332613636781,385.0299556555741,,,,
lightgbm,rel-trial,study-adverse,REGRESSION,0,30,mae,cpu,False,"{""bagging_fraction"": 0.8980520612478, ""bagging_freq"": 1, ""cat_l2"": 0.0298619738506, ""cat_smooth"": 1.8218656600978, ""extra_trees"": false, ""feature_fraction"": 0.6687557031224, ""lambda_l1"": 0.9046572794351, ""lambda_l2"": 1.7298800978754, ""learning_rate"": 0.0152979229147, ""max_cat_to_onehot"": 14, ""min_data_in_leaf"": 7, ""min_data_per_group"": 61, ""n_estimators"": 223, ""num_leaves"": 45}",c9bdab03,r14,50.0637511001824,,2.306760402000009,0.2793070250000085,,,,,,,,,,,,0.0444300211135885,50.0637511001824,382.3283469330268,,,,
lightgbm,rel-trial,study-adverse,REGRESSION,0,30,mae,cpu,False,"{""bagging_fraction"": 0.7870232821631, ""bagging_freq"": 1, ""cat_l2"": 0.1520732736224, ""cat_smooth"": 0.143579414226, ""extra_trees"": false, ""feature_fraction"": 0.4597414534665, ""lambda_l1"": 0.0376556278898, ""lambda_l2"": 0.8228523078385, ""learning_rate"": 0.0175995134195, ""max_cat_to_onehot"": 55, ""min_data_in_leaf"": 4, ""min_data_per_group"": 81, ""n_estimators"": 58, ""num_leaves"": 107}",5c4e94f9,r15,53.925389773762994,,1.688891754999986,0.2655468199999973,,,,,,,,,,,,0.0025747707747015,53.925389773762994,390.611859700243,,,,
lightgbm,rel-trial,study-adverse,REGRESSION,0,30,mae,cpu,False,"{""bagging_fraction"": 0.9252532736885, ""bagging_freq"": 1, ""cat_l2"": 0.0185425303217, ""cat_smooth"": 0.0026697944708, ""extra_trees"": true, ""feature_fraction"": 0.4403497788779, ""lambda_l1"": 0.990339913502, ""lambda_l2"": 1.5167814698069, ""learning_rate"": 0.032907451476, ""max_cat_to_onehot"": 89, ""min_data_in_leaf"": 2, ""min_data_per_group"": 10, ""n_estimators"": 665, ""num_leaves"": 12}",66abad1a,r16,51.2651449926177,,2.564787067999987,0.3040917120000017,,,,,,,,,,,,0.0484616552947582,51.2651449926177,381.520955878979,,,,
lightgbm,rel-trial,study-adverse,REGRESSION,0,30,mae,cpu,False,"{""bagging_fraction"": 0.9893469303368, ""bagging_freq"": 1, ""cat_l2"": 0.1517170923124, ""cat_smooth"": 0.0019146599966, ""extra_trees"": true, ""feature_fraction"": 0.8076356640991, ""lambda_l1"": 0.2169752947, ""lambda_l2"": 0.6401022999299, ""learning_rate"": 0.0682833284969, ""max_cat_to_onehot"": 45, ""min_data_in_leaf"": 2, ""min_data_per_group"": 8, ""n_estimators"": 71, ""num_leaves"": 27}",e3bf995d,r17,51.224592081188376,,1.5708371280000222,0.2604587630000026,,,,,,,,,,,,0.0418816328124714,51.224592081188376,382.8378189622759,,,,
lightgbm,rel-trial,study-adverse,REGRESSION,0,30,mae,cpu,False,"{""bagging_fraction"": 0.8662727305253, ""bagging_freq"": 1, ""cat_l2"": 0.0750558998512, ""cat_smooth"": 0.2749087238468, ""extra_trees"": true, ""feature_fraction"": 0.6722181067336, ""lambda_l1"": 0.6631118952798, ""lambda_l2"": 0.7669894419544, ""learning_rate"": 0.011346355764, ""max_cat_to_onehot"": 13, ""min_data_in_leaf"": 8, ""min_data_per_group"": 12, ""n_estimators"": 235, ""num_leaves"": 4}",d16f6217,r18,54.745755988910446,,1.691563187000014,0.2631097649999958,,,,,,,,,,,,-0.0072374731136801,54.745755988910446,392.5284938965543,,,,
lightgbm,rel-trial,study-adverse,REGRESSION,0,30,mae,cpu,False,"{""bagging_fraction"": 0.7637171496671, ""bagging_freq"": 1, ""cat_l2"": 1.6733394870119, ""cat_smooth"": 25.4110617183616, ""extra_trees"": true, ""feature_fraction"": 0.7219475266652, ""lambda_l1"": 0.2633960444995, ""lambda_l2"": 1.1766753953959, ""learning_rate"": 0.0546075727721, ""max_cat_to_onehot"": 88, ""min_data_in_leaf"": 1, ""min_data_per_group"": 5, ""n_estimators"": 74, ""num_leaves"": 3}",3c940a82,r19,54.48618127253405,,1.452155925999989,0.2606289630000162,,,,,,,,,,,,-0.0053014835718194,54.48618127253405,392.1510771539713,,,,
lightgbm,rel-trial,study-adverse,REGRESSION,0,30,mae,cpu,False,"{""bagging_fraction"": 0.9145568099117, ""bagging_freq"": 1, ""cat_l2"": 0.0688015432043, ""cat_smooth"": 0.4410365667971, ""extra_trees"": false, ""feature_fraction"": 0.4842104682476, ""lambda_l1"": 0.6789116421659, ""lambda_l2"": 0.2119046236149, ""learning_rate"": 0.007497093098, ""max_cat_to_onehot"": 78, ""min_data_in_leaf"": 57, ""min_data_per_group"": 21, ""n_estimators"": 353, ""num_leaves"": 17}",a3464b9d,r2,53.31419343419551,,2.298837895000005,0.2803215930000107,,,,,,,,,,,,0.0035063105985063,53.31419343419551,390.4294121890367,,,,
lightgbm,rel-trial,study-adverse,REGRESSION,0,30,mae,cpu,False,"{""bagging_fraction"": 0.766732967316, ""bagging_freq"": 1, ""cat_l2"": 0.2949769749976, ""cat_smooth"": 76.211749790676, ""extra_trees"": false, ""feature_fraction"": 0.9380027758242, ""lambda_l1"": 0.0207489343658, ""lambda_l2"": 1.6621138056269, ""learning_rate"": 0.0087194268009, ""max_cat_to_onehot"": 51, ""min_data_in_leaf"": 2, ""min_data_per_group"": 20, ""n_estimators"": 428, ""num_leaves"": 19}",8d3659ac,r20,51.0281834430628,,3.5663113969999927,0.2726814079999826,,,,,,,,,,,,0.0437108506199102,51.0281834430628,382.4721917363088,,,,
lightgbm,rel-trial,study-adverse,REGRESSION,0,30,mae,cpu,False,"{""bagging_fraction"": 0.806683821355, ""bagging_freq"": 1, ""cat_l2"": 0.0082421437739, ""cat_smooth"": 0.0160008811562, ""extra_trees"": false, ""feature_fraction"": 0.5089787202952, ""lambda_l1"": 0.2184810145264, ""lambda_l2"": 0.9723705046664, ""learning_rate"": 0.0507096180332, ""max_cat_to_onehot"": 54, ""min_data_in_leaf"": 3, ""min_data_per_group"": 18, ""n_estimators"": 165, ""num_leaves"": 161}",a6d8d71e,r21,47.52035797002655,,2.7829640289999986,0.286541580000005,,,,,,,,,,,,0.1077701301446436,47.52035797002655,369.4397568218177,,,,
lightgbm,rel-trial,study-adverse,REGRESSION,0,30,mae,cpu,False,"{""bagging_fraction"": 0.9821295835758, ""bagging_freq"": 1, ""cat_l2"": 0.1367124095637, ""cat_smooth"": 0.0031729973642, ""extra_trees"": true, ""feature_fraction"": 0.7074360779775, ""lambda_l1"": 0.4552232983118, ""lambda_l2"": 1.417125445225, ""learning_rate"": 0.0925784167972, ""max_cat_to_onehot"": 8, ""min_data_in_leaf"": 5, ""min_data_per_group"": 7, ""n_estimators"": 123, ""num_leaves"": 2}",38aedfa8,r22,54.85690254106188,,1.5169076099999756,0.2619431900000109,,,,,,,,,,,,-0.0042566749842194,54.85690254106188,391.9472431145298,,,,
lightgbm,rel-trial,study-adverse,REGRESSION,0,30,mae,cpu,False,"{""bagging_fraction"": 0.9295975761421, ""bagging_freq"": 1, ""cat_l2"": 0.1658867884192, ""cat_smooth"": 0.0012082259188, ""extra_trees"": false, ""feature_fraction"": 0.7482682823129, ""lambda_l1"": 0.8788818548033, ""lambda_l2"": 0.9963306369924, ""learning_rate"": 0.0662004421712, ""max_cat_to_onehot"": 15, ""min_data_in_leaf"": 1, ""min_data_per_group"": 44, ""n_estimators"": 510, ""num_leaves"": 23}",3e9b950f,r23,47.92911396247742,,3.1389639860000216,0.3183851439999898,,,,,,,,,,,,0.1132995047887228,47.92911396247742,368.2932218143519,,,,
lightgbm,rel-trial,study-adverse,REGRESSION,0,30,mae,cpu,False,"{""bagging_fraction"": 0.9245990859552, ""bagging_freq"": 1, ""cat_l2"": 1.592158021275, ""cat_smooth"": 44.4269586841343, ""extra_trees"": false, ""feature_fraction"": 0.872525293573, ""lambda_l1"": 0.492319014681, ""lambda_l2"": 1.6891157039359, ""learning_rate"": 0.0517998481756, ""max_cat_to_onehot"": 22, ""min_data_in_leaf"": 59, ""min_data_per_group"": 10, ""n_estimators"": 802, ""num_leaves"": 8}",0d0b00fe,r24,48.7053618698708,,2.424612394999997,0.2873149119999993,,,,,,,,,,,,0.0954757619075807,48.7053618698708,371.9763725915879,,,,
lightgbm,rel-trial,study-adverse,REGRESSION,0,30,mae,cpu,False,"{""bagging_fraction"": 0.9711159219238, ""bagging_freq"": 1, ""cat_l2"": 0.0287842816393, ""cat_smooth"": 2.2365712242177, ""extra_trees"": false, ""feature_fraction"": 0.7638852760411, ""lambda_l1"": 0.7155896013433, ""lambda_l2"": 0.3887650116637, ""learning_rate"": 0.0956151137114, ""max_cat_to_onehot"": 23, ""min_data_in_leaf"": 5, ""min_data_per_group"": 8, ""n_estimators"": 132, ""num_leaves"": 117}",311db951,r25,45.77639156150314,,2.2834145570000146,0.2780945789999975,,,,,,,,,,,,0.1642683946144082,45.77639156150314,357.551548926155,,,,
lightgbm,rel-trial,study-adverse,REGRESSION,0,30,mae,cpu,False,"{""bagging_fraction"": 0.7751868160582, ""bagging_freq"": 1, ""cat_l2"": 0.7205179793324, ""cat_smooth"": 0.2412048314858, ""extra_trees"": false, ""feature_fraction"": 0.5086905770421, ""lambda_l1"": 0.7774298210926, ""lambda_l2"": 0.7417685131559, ""learning_rate"": 0.006296404929, ""max_cat_to_onehot"": 41, ""min_data_in_leaf"": 17, ""min_data_per_group"": 4, ""n_estimators"": 197, ""num_leaves"": 50}",e3b85f93,r26,53.591521624029546,,2.250101134999994,0.2755203190000088,,,,,,,,,,,,0.0011881531396683,53.591521624029546,390.8832791335589,,,,
lightgbm,rel-trial,study-adverse,REGRESSION,0,30,mae,cpu,False,"{""bagging_fraction"": 0.9032235488416, ""bagging_freq"": 1, ""cat_l2"": 0.0484438463597, ""cat_smooth"": 0.2752154717585, ""extra_trees"": false, ""feature_fraction"": 0.8731273073839, ""lambda_l1"": 0.2594966220889, ""lambda_l2"": 0.3941888549433, ""learning_rate"": 0.0236586574252, ""max_cat_to_onehot"": 8, ""min_data_in_leaf"": 3, ""min_data_per_group"": 69, ""n_estimators"": 438, ""num_leaves"": 9}",d90cbc4e,r27,52.09457864363613,,2.2983807630000115,0.2742841089999785,,,,,,,,,,,,0.0307116050912733,52.09457864363613,385.0629707307611,,,,
lightgbm,rel-trial,study-adverse,REGRESSION,0,30,mae,cpu,False,"{""bagging_fraction"": 0.943127227378, ""bagging_freq"": 1, ""cat_l2"": 0.0089165711882, ""cat_smooth"": 0.196142976357, ""extra_trees"": false, ""feature_fraction"": 0.4341088458599, ""lambda_l1"": 0.3738757566188, ""lambda_l2"": 0.9197657819236, ""learning_rate"": 0.0125354274243, ""max_cat_to_onehot"": 23, ""min_data_in_leaf"": 1, ""min_data_per_group"": 16, ""n_estimators"": 165, ""num_leaves"": 65}",10f688c8,r28,52.75036053539712,,2.195029223999996,0.2752100859999871,,,,,,,,,,,,0.0117532336896625,52.75036053539712,388.810470251295,,,,
lightgbm,rel-trial,study-adverse,REGRESSION,0,30,mae,cpu,False,"{""bagging_fraction"": 0.8296444149774, ""bagging_freq"": 1, ""cat_l2"": 0.0231985345244, ""cat_smooth"": 0.419723324168, ""extra_trees"": true, ""feature_fraction"": 0.818198345035, ""lambda_l1"": 0.5876408752329, ""lambda_l2"": 0.0893201412781, ""learning_rate"": 0.0282078967013, ""max_cat_to_onehot"": 29, ""min_data_in_leaf"": 5, ""min_data_per_group"": 12, ""n_estimators"": 750, ""num_leaves"": 37}",fb774425,r29,48.4641609227964,,3.1601438889999827,0.3471827369999971,,,,,,,,,,,,0.0913612327031135,48.4641609227964,372.8214417592899,,,,
lightgbm,rel-trial,study-adverse,REGRESSION,0,30,mae,cpu,False,"{""bagging_fraction"": 0.8808290128215, ""bagging_freq"": 1, ""cat_l2"": 1.0457234595842, ""cat_smooth"": 0.6921859910209, ""extra_trees"": true, ""feature_fraction"": 0.9220523550151, ""lambda_l1"": 0.7206605914604, ""lambda_l2"": 0.9472534786514, ""learning_rate"": 0.0132034424949, ""max_cat_to_onehot"": 25, ""min_data_in_leaf"": 15, ""min_data_per_group"": 7, ""n_estimators"": 335, ""num_leaves"": 35}",7ae6364f,r3,51.20704383044438,,2.4448752019999915,0.290514095000006,,,,,,,,,,,,0.0365200732701773,51.20704383044438,383.9074906635067,,,,
lightgbm,rel-trial,study-adverse,REGRESSION,0,30,mae,cpu,False,"{""bagging_fraction"": 0.9256403562964, ""bagging_freq"": 1, ""cat_l2"": 0.173468569422, ""cat_smooth"": 0.1622096133057, ""extra_trees"": true, ""feature_fraction"": 0.8672172375647, ""lambda_l1"": 0.2728946202342, ""lambda_l2"": 1.5996117895528, ""learning_rate"": 0.0885567275464, ""max_cat_to_onehot"": 31, ""min_data_in_leaf"": 54, ""min_data_per_group"": 63, ""n_estimators"": 395, ""num_leaves"": 6}",a691dd6f,r30,50.209680498924754,,1.8862131180000008,0.2688782349999883,,,,,,,,,,,,0.0891929427042936,50.209680498924754,373.2660096908392,,,,
lightgbm,rel-trial,study-adverse,REGRESSION,0,30,mae,cpu,False,"{""bagging_fraction"": 0.8634649548991, ""bagging_freq"": 1, ""cat_l2"": 1.6087120636028, ""cat_smooth"": 42.4603130176821, ""extra_trees"": false, ""feature_fraction"": 0.6841648271642, ""lambda_l1"": 0.5820615900959, ""lambda_l2"": 0.3727460534192, ""learning_rate"": 0.0078289135266, ""max_cat_to_onehot"": 37, ""min_data_in_leaf"": 2, ""min_data_per_group"": 2, ""n_estimators"": 987, ""num_leaves"": 9}",1d48d1c9,r4,52.02378424880095,,2.7307741129999954,0.3074935350000061,,,,,,,,,,,,0.0223005285501357,52.02378424880095,386.7300691067546,,,,
lightgbm,rel-trial,study-adverse,REGRESSION,0,30,mae,cpu,False,"{""bagging_fraction"": 0.8270964398017, ""bagging_freq"": 1, ""cat_l2"": 0.0497402357678, ""cat_smooth"": 0.0022655846367, ""extra_trees"": true, ""feature_fraction"": 0.8805464511878, ""lambda_l1"": 0.5374194921261, ""lambda_l2"": 1.4738626624402, ""learning_rate"": 0.009732329389, ""max_cat_to_onehot"": 78, ""min_data_in_leaf"": 4, ""min_data_per_group"": 24, ""n_estimators"": 285, ""num_leaves"": 44}",4f68409e,r5,52.37527175666752,,2.109623533000004,0.284338347000002,,,,,,,,,,,,0.0170440399905157,52.37527175666752,387.7682803507065,,,,
lightgbm,rel-trial,study-adverse,REGRESSION,0,30,mae,cpu,False,"{""bagging_fraction"": 0.7951605226208, ""bagging_freq"": 1, ""cat_l2"": 0.2087627025057, ""cat_smooth"": 0.0018992120999, ""extra_trees"": true, ""feature_fraction"": 0.5907899076364, ""lambda_l1"": 0.2654629519904, ""lambda_l2"": 0.6372060480074, ""learning_rate"": 0.0086558049456, ""max_cat_to_onehot"": 44, ""min_data_in_leaf"": 11, ""min_data_per_group"": 11, ""n_estimators"": 164, ""num_leaves"": 56}",3c57d7d3,r6,54.161241470634536,,1.8755148199999925,0.2811666249999973,,,,,,,,,,,,-0.0033048561982433,54.161241470634536,391.76145834651226,,,,
lightgbm,rel-trial,study-adverse,REGRESSION,0,30,mae,cpu,False,"{""bagging_fraction"": 0.9335036446078, ""bagging_freq"": 1, ""cat_l2"": 0.2830562687557, ""cat_smooth"": 0.1802171314263, ""extra_trees"": true, ""feature_fraction"": 0.6485577967088, ""lambda_l1"": 0.5232957286614, ""lambda_l2"": 1.3348540188894, ""learning_rate"": 0.0289761662926, ""max_cat_to_onehot"": 15, ""min_data_in_leaf"": 11, ""min_data_per_group"": 55, ""n_estimators"": 701, ""num_leaves"": 20}",134c98bb,r7,50.045070069288194,,2.684260813999998,0.3202743009999977,,,,,,,,,,,,0.0604557465321478,50.045070069288194,379.1088046319556,,,,
lightgbm,rel-trial,study-adverse,REGRESSION,0,30,mae,cpu,False,"{""bagging_fraction"": 0.9848713160352, ""bagging_freq"": 1, ""cat_l2"": 1.6905546285477, ""cat_smooth"": 0.001258746648, ""extra_trees"": true, ""feature_fraction"": 0.4384884978093, ""lambda_l1"": 0.0940311167074, ""lambda_l2"": 0.2636825450225, ""learning_rate"": 0.0053104402291, ""max_cat_to_onehot"": 51, ""min_data_in_leaf"": 10, ""min_data_per_group"": 31, ""n_estimators"": 285, ""num_leaves"": 164}",42517afb,r8,54.57685129770525,,2.1763574839999933,0.2882795370000082,,,,,,,,,,,,-0.0065614813646275,54.57685129770525,392.39675209490105,,,,
lightgbm,rel-trial,study-adverse,REGRESSION,0,30,mae,cpu,True,"{""bagging_fraction"": 0.898758060085, ""bagging_freq"": 1, ""cat_l2"": 0.964011246959, ""cat_smooth"": 0.1616421454928, ""extra_trees"": false, ""feature_fraction"": 0.815483271622, ""lambda_l1"": 0.5759889009066, ""lambda_l2"": 1.4326827755167, ""learning_rate"": 0.0599026240177, ""max_cat_to_onehot"": 91, ""min_data_in_leaf"": 2, ""min_data_per_group"": 6, ""n_estimators"": 702, ""num_leaves"": 39}",b7f5d391,r9,45.74844079105842,44.57349499802057,4.761991856999998,0.3912674030000005,5.104828323999982,0.3870020150000073,,,,,,,,,,0.1512905681965513,45.74844079105842,360.31700987129926,0.3322923814085842,44.57349499802057,204.0270555083981,
lightgbm,rel-trial,study-outcome,BINARY_CLASSIFICATION,0,30,roc_auc,cpu,False,{},bf21a9e8,default,0.6530944116083435,0.7004951993510347,0.8988334189999989,0.184037687,0.5713435960000197,0.2211669680000056,,0.7194473889278842,0.6239583333333333,0.7118914604948124,0.6530944116083435,0.7552824155109288,0.6412121212121212,0.7148362235067437,0.7004951993510347,,,,,,,
lightgbm,rel-trial,study-outcome,BINARY_CLASSIFICATION,0,30,roc_auc,cpu,True,"{""bagging_fraction"": 0.8646440511782, ""bagging_freq"": 1, ""cat_l2"": 0.2396763788772, ""cat_smooth"": 9.0912832806515, ""extra_trees"": true, ""feature_fraction"": 0.9742930953718, ""lambda_l1"": 0.5205254318032, ""lambda_l2"": 1.5172553870823, ""learning_rate"": 0.0095655183906, ""max_cat_to_onehot"": 21, ""min_data_in_leaf"": 1, ""min_data_per_group"": 38, ""n_estimators"": 885, ""num_leaves"": 13}",9ddece77,r1,0.6718780015993638,0.7150182218832104,0.8793022429999979,0.1923883289999963,0.9875317059999986,0.2377176800000029,,0.7346758028356508,0.6364583333333333,0.7389678384442783,0.6718780015993638,0.7626543368141954,0.6654545454545454,0.7477148080438757,0.7150182218832104,,,,,,,
lightgbm,rel-trial,study-outcome,BINARY_CLASSIFICATION,0,30,roc_auc,cpu,False,"{""bagging_fraction"": 0.7040714906836, ""bagging_freq"": 1, ""cat_l2"": 0.1059359109832, ""cat_smooth"": 79.0557829290776, ""extra_trees"": true, ""feature_fraction"": 0.7399608725239, ""lambda_l1"": 0.9293032679565, ""lambda_l2"": 0.5788832452851, ""learning_rate"": 0.0050708289337, ""max_cat_to_onehot"": 15, ""min_data_in_leaf"": 53, ""min_data_per_group"": 48, ""n_estimators"": 398, ""num_leaves"": 14}",85d4ebc9,r10,0.6266066235106482,,0.6199896839999894,0.1820890189999886,,,,0.687274534718324,0.5927083333333333,0.7408880053015242,0.6266066235106482,,,,,,,,,,,
lightgbm,rel-trial,study-outcome,BINARY_CLASSIFICATION,0,30,roc_auc,cpu,False,"{""bagging_fraction"": 0.8819179642384, ""bagging_freq"": 1, ""cat_l2"": 0.2028071332361, ""cat_smooth"": 0.9002514016925, ""extra_trees"": true, ""feature_fraction"": 0.9904253448185, ""lambda_l1"": 0.3523764300344, ""lambda_l2"": 1.0166800656129, ""learning_rate"": 0.0076046378471, ""max_cat_to_onehot"": 9, ""min_data_in_leaf"": 51, ""min_data_per_group"": 4, ""n_estimators"": 309, ""num_leaves"": 50}",eb5d77d2,r11,0.636680828631293,,0.7198249790000091,0.1800662699999975,,,,0.709855944522062,0.6145833333333334,0.7401685393258427,0.636680828631293,,,,,,,,,,,
lightgbm,rel-trial,study-outcome,BINARY_CLASSIFICATION,0,30,roc_auc,cpu,False,"{""bagging_fraction"": 0.7057579594928, ""bagging_freq"": 1, ""cat_l2"": 0.0652607238611, ""cat_smooth"": 0.7440913299852, ""extra_trees"": true, ""feature_fraction"": 0.5562045565524, ""lambda_l1"": 0.4693022490728, ""lambda_l2"": 0.3337783413457, ""learning_rate"": 0.005523232486, ""max_cat_to_onehot"": 20, ""min_data_in_leaf"": 22, ""min_data_per_group"": 3, ""n_estimators"": 298, ""num_leaves"": 194}",97b0d170,r12,0.6471571084574181,,0.7035922150000005,0.1791261460000015,,,,0.723163200851301,0.59375,0.7379032258064516,0.6471571084574181,,,,,,,,,,,
lightgbm,rel-trial,study-outcome,BINARY_CLASSIFICATION,0,30,roc_auc,cpu,False,"{""bagging_fraction"": 0.7904724450024, ""bagging_freq"": 1, ""cat_l2"": 0.0112585288934, ""cat_smooth"": 1.8450328342775, ""extra_trees"": false, ""feature_fraction"": 0.7222135128255, ""lambda_l1"": 0.8411560157726, ""lambda_l2"": 1.5581241341161, ""learning_rate"": 0.0949138303247, ""max_cat_to_onehot"": 8, ""min_data_in_leaf"": 4, ""min_data_per_group"": 12, ""n_estimators"": 523, ""num_leaves"": 6}",b0f88568,r13,0.6617769914983538,,0.6409542210000012,0.1779617709999996,,,,0.726660291022951,0.6364583333333333,0.7232355273592387,0.6617769914983538,,,,,,,,,,,
lightgbm,rel-trial,study-outcome,BINARY_CLASSIFICATION,0,30,roc_auc,cpu,False,"{""bagging_fraction"": 0.8980520612478, ""bagging_freq"": 1, ""cat_l2"": 0.0298619738506, ""cat_smooth"": 1.8218656600978, ""extra_trees"": false, ""feature_fraction"": 0.6687557031224, ""lambda_l1"": 0.9046572794351, ""lambda_l2"": 1.7298800978754, ""learning_rate"": 0.0152979229147, ""max_cat_to_onehot"": 14, ""min_data_in_leaf"": 7, ""min_data_per_group"": 61, ""n_estimators"": 223, ""num_leaves"": 45}",c9bdab03,r14,0.6629564106344292,,0.8156777459999915,0.1796512610000036,,,,0.7292322932413244,0.6270833333333333,0.7254601226993865,0.6629564106344292,,,,,,,,,,,
lightgbm,rel-trial,study-outcome,BINARY_CLASSIFICATION,0,30,roc_auc,cpu,False,"{""bagging_fraction"": 0.7870232821631, ""bagging_freq"": 1, ""cat_l2"": 0.1520732736224, ""cat_smooth"": 0.143579414226, ""extra_trees"": false, ""feature_fraction"": 0.4597414534665, ""lambda_l1"": 0.0376556278898, ""lambda_l2"": 0.8228523078385, ""learning_rate"": 0.0175995134195, ""max_cat_to_onehot"": 55, ""min_data_in_leaf"": 4, ""min_data_per_group"": 81, ""n_estimators"": 58, ""num_leaves"": 107}",5c4e94f9,r15,0.6683397441911374,,0.5257500029999989,0.1777825489999998,,,,0.7452165521675282,0.5958333333333333,0.7406417112299465,0.6683397441911374,,,,,,,,,,,
lightgbm,rel-trial,study-outcome,BINARY_CLASSIFICATION,0,30,roc_auc,cpu,False,"{""bagging_fraction"": 0.9252532736885, ""bagging_freq"": 1, ""cat_l2"": 0.0185425303217, ""cat_smooth"": 0.0026697944708, ""extra_trees"": true, ""feature_fraction"": 0.4403497788779, ""lambda_l1"": 0.990339913502, ""lambda_l2"": 1.5167814698069, ""learning_rate"": 0.032907451476, ""max_cat_to_onehot"": 89, ""min_data_in_leaf"": 2, ""min_data_per_group"": 10, ""n_estimators"": 665, ""num_leaves"": 12}",66abad1a,r16,0.651075103087487,,0.7647475569999926,0.1842787319999956,,,,0.7110965827106858,0.6291666666666667,0.7339312406576981,0.651075103087487,,,,,,,,,,,
lightgbm,rel-trial,study-outcome,BINARY_CLASSIFICATION,0,30,roc_auc,cpu,False,"{""bagging_fraction"": 0.9893469303368, ""bagging_freq"": 1, ""cat_l2"": 0.1517170923124, ""cat_smooth"": 0.0019146599966, ""extra_trees"": true, ""feature_fraction"": 0.8076356640991, ""lambda_l1"": 0.2169752947, ""lambda_l2"": 0.6401022999299, ""learning_rate"": 0.0682833284969, ""max_cat_to_onehot"": 45, ""min_data_in_leaf"": 2, ""min_data_per_group"": 8, ""n_estimators"": 71, ""num_leaves"": 27}",e3bf995d,r17,0.6453030973154812,,0.452595002999999,0.173504359000006,,,,0.7091894174850809,0.6229166666666667,0.7338235294117647,0.6453030973154812,,,,,,,,,,,
lightgbm,rel-trial,study-outcome,BINARY_CLASSIFICATION,0,30,roc_auc,cpu,False,"{""bagging_fraction"": 0.8662727305253, ""bagging_freq"": 1, ""cat_l2"": 0.0750558998512, ""cat_smooth"": 0.2749087238468, ""extra_trees"": true, ""feature_fraction"": 0.6722181067336, ""lambda_l1"": 0.6631118952798, ""lambda_l2"": 0.7669894419544, ""learning_rate"": 0.011346355764, ""max_cat_to_onehot"": 13, ""min_data_in_leaf"": 8, ""min_data_per_group"": 12, ""n_estimators"": 235, ""num_leaves"": 4}",d16f6217,r18,0.6234883107948124,,0.4758721030000004,0.1744155339999906,,,,0.6940492610662297,0.584375,0.7359364659166115,0.6234883107948124,,,,,,,,,,,
lightgbm,rel-trial,study-outcome,BINARY_CLASSIFICATION,0,30,roc_auc,cpu,False,"{""bagging_fraction"": 0.7637171496671, ""bagging_freq"": 1, ""cat_l2"": 1.6733394870119, ""cat_smooth"": 25.4110617183616, ""extra_trees"": true, ""feature_fraction"": 0.7219475266652, ""lambda_l1"": 0.2633960444995, ""lambda_l2"": 1.1766753953959, ""learning_rate"": 0.0546075727721, ""max_cat_to_onehot"": 88, ""min_data_in_leaf"": 1, ""min_data_per_group"": 5, ""n_estimators"": 74, ""num_leaves"": 3}",3c940a82,r19,0.6318872046426227,,0.4031274929999995,0.1732553300000034,,,,0.6989455809061901,0.5916666666666667,0.7307692307692307,0.6318872046426227,,,,,,,,,,,
lightgbm,rel-trial,study-outcome,BINARY_CLASSIFICATION,0,30,roc_auc,cpu,False,"{""bagging_fraction"": 0.9145568099117, ""bagging_freq"": 1, ""cat_l2"": 0.0688015432043, ""cat_smooth"": 0.4410365667971, ""extra_trees"": false, ""feature_fraction"": 0.4842104682476, ""lambda_l1"": 0.6789116421659, ""lambda_l2"": 0.2119046236149, ""learning_rate"": 0.007497093098, ""max_cat_to_onehot"": 78, ""min_data_in_leaf"": 57, ""min_data_per_group"": 21, ""n_estimators"": 353, ""num_leaves"": 17}",a3464b9d,r2,0.6580957741948454,,0.7593538050000035,0.1835528450000083,,,,0.7300915658239372,0.61875,0.7340116279069767,0.6580957741948454,,,,,,,,,,,
lightgbm,rel-trial,study-outcome,BINARY_CLASSIFICATION,0,30,roc_auc,cpu,False,"{""bagging_fraction"": 0.766732967316, ""bagging_freq"": 1, ""cat_l2"": 0.2949769749976, ""cat_smooth"": 76.211749790676, ""extra_trees"": false, ""feature_fraction"": 0.9380027758242, ""lambda_l1"": 0.0207489343658, ""lambda_l2"": 1.6621138056269, ""learning_rate"": 0.0087194268009, ""max_cat_to_onehot"": 51, ""min_data_in_leaf"": 2, ""min_data_per_group"": 20, ""n_estimators"": 428, ""num_leaves"": 19}",8d3659ac,r20,0.6599944603040578,,0.6852466200000009,0.1800301720000021,,,,0.7175451941861885,0.6354166666666666,0.7437774524158126,0.6599944603040578,,,,,,,,,,,
lightgbm,rel-trial,study-outcome,BINARY_CLASSIFICATION,0,30,roc_auc,cpu,False,"{""bagging_fraction"": 0.806683821355, ""bagging_freq"": 1, ""cat_l2"": 0.0082421437739, ""cat_smooth"": 0.0160008811562, ""extra_trees"": false, ""feature_fraction"": 0.5089787202952, ""lambda_l1"": 0.2184810145264, ""lambda_l2"": 0.9723705046664, ""learning_rate"": 0.0507096180332, ""max_cat_to_onehot"": 54, ""min_data_in_leaf"": 3, ""min_data_per_group"": 18, ""n_estimators"": 165, ""num_leaves"": 161}",a6d8d71e,r21,0.6325774328870304,,0.9711158029999892,0.1793878699999993,,,,0.703804311303559,0.6041666666666666,0.6900489396411092,0.6325774328870304,,,,,,,,,,,
lightgbm,rel-trial,study-outcome,BINARY_CLASSIFICATION,0,30,roc_auc,cpu,False,"{""bagging_fraction"": 0.9821295835758, ""bagging_freq"": 1, ""cat_l2"": 0.1367124095637, ""cat_smooth"": 0.0031729973642, ""extra_trees"": true, ""feature_fraction"": 0.7074360779775, ""lambda_l1"": 0.4552232983118, ""lambda_l2"": 1.417125445225, ""learning_rate"": 0.0925784167972, ""max_cat_to_onehot"": 8, ""min_data_in_leaf"": 5, ""min_data_per_group"": 7, ""n_estimators"": 123, ""num_leaves"": 2}",38aedfa8,r22,0.6274844866176137,,0.412695718000009,0.1755312789999976,,,,0.7044606560958433,0.6,0.7366255144032922,0.6274844866176137,,,,,,,,,,,
lightgbm,rel-trial,study-outcome,BINARY_CLASSIFICATION,0,30,roc_auc,cpu,False,"{""bagging_fraction"": 0.9295975761421, ""bagging_freq"": 1, ""cat_l2"": 0.1658867884192, ""cat_smooth"": 0.0012082259188, ""extra_trees"": false, ""feature_fraction"": 0.7482682823129, ""lambda_l1"": 0.8788818548033, ""lambda_l2"": 0.9963306369924, ""learning_rate"": 0.0662004421712, ""max_cat_to_onehot"": 15, ""min_data_in_leaf"": 1, ""min_data_per_group"": 44, ""n_estimators"": 510, ""num_leaves"": 23}",3e9b950f,r23,0.6526901031544994,,0.9113395619999948,0.1816083890000044,,,,0.7148533048134673,0.625,0.7068403908794788,0.6526901031544994,,,,,,,,,,,
lightgbm,rel-trial,study-outcome,BINARY_CLASSIFICATION,0,30,roc_auc,cpu,False,"{""bagging_fraction"": 0.9245990859552, ""bagging_freq"": 1, ""cat_l2"": 1.592158021275, ""cat_smooth"": 44.4269586841343, ""extra_trees"": false, ""feature_fraction"": 0.872525293573, ""lambda_l1"": 0.492319014681, ""lambda_l2"": 1.6891157039359, ""learning_rate"": 0.0517998481756, ""max_cat_to_onehot"": 22, ""min_data_in_leaf"": 59, ""min_data_per_group"": 10, ""n_estimators"": 802, ""num_leaves"": 8}",0d0b00fe,r24,0.6512225304794965,,0.7028468110000006,0.1797993640000044,,,,0.7143096245247613,0.6291666666666667,0.724031007751938,0.6512225304794965,,,,,,,,,,,
lightgbm,rel-trial,study-outcome,BINARY_CLASSIFICATION,0,30,roc_auc,cpu,False,"{""bagging_fraction"": 0.9711159219238, ""bagging_freq"": 1, ""cat_l2"": 0.0287842816393, ""cat_smooth"": 2.2365712242177, ""extra_trees"": false, ""feature_fraction"": 0.7638852760411, ""lambda_l1"": 0.7155896013433, ""lambda_l2"": 0.3887650116637, ""learning_rate"": 0.0956151137114, ""max_cat_to_onehot"": 23, ""min_data_in_leaf"": 5, ""min_data_per_group"": 8, ""n_estimators"": 132, ""num_leaves"": 117}",311db951,r25,0.6235039470333588,,0.7682415019999951,0.177457282000006,,,,0.6980198035560801,0.6041666666666666,0.6915584415584416,0.6235039470333588,,,,,,,,,,,
lightgbm,rel-trial,study-outcome,BINARY_CLASSIFICATION,0,30,roc_auc,cpu,False,"{""bagging_fraction"": 0.7751868160582, ""bagging_freq"": 1, ""cat_l2"": 0.7205179793324, ""cat_smooth"": 0.2412048314858, ""extra_trees"": false, ""feature_fraction"": 0.5086905770421, ""lambda_l1"": 0.7774298210926, ""lambda_l2"": 0.7417685131559, ""learning_rate"": 0.006296404929, ""max_cat_to_onehot"": 41, ""min_data_in_leaf"": 17, ""min_data_per_group"": 4, ""n_estimators"": 197, ""num_leaves"": 50}",e3b85f93,r26,0.6616921090605301,,0.7460132989999977,0.1772778569999928,,,,0.7371442429977412,0.5989583333333334,0.7357584076870282,0.6616921090605301,,,,,,,,,,,
lightgbm,rel-trial,study-outcome,BINARY_CLASSIFICATION,0,30,roc_auc,cpu,False,"{""bagging_fraction"": 0.9032235488416, ""bagging_freq"": 1, ""cat_l2"": 0.0484438463597, ""cat_smooth"": 0.2752154717585, ""extra_trees"": false, ""feature_fraction"": 0.8731273073839, ""lambda_l1"": 0.2594966220889, ""lambda_l2"": 0.3941888549433, ""learning_rate"": 0.0236586574252, ""max_cat_to_onehot"": 8, ""min_data_in_leaf"": 3, ""min_data_per_group"": 69, ""n_estimators"": 438, ""num_leaves"": 9}",d90cbc4e,r27,0.669152828595553,,0.706126941000008,0.1787148709999968,,,,0.7345036861991987,0.6302083333333334,0.7262914417887433,0.669152828595553,,,,,,,,,,,
lightgbm,rel-trial,study-outcome,BINARY_CLASSIFICATION,0,30,roc_auc,cpu,False,"{""bagging_fraction"": 0.943127227378, ""bagging_freq"": 1, ""cat_l2"": 0.0089165711882, ""cat_smooth"": 0.196142976357, ""extra_trees"": false, ""feature_fraction"": 0.4341088458599, ""lambda_l1"": 0.3738757566188, ""lambda_l2"": 0.9197657819236, ""learning_rate"": 0.0125354274243, ""max_cat_to_onehot"": 23, ""min_data_in_leaf"": 1, ""min_data_per_group"": 16, ""n_estimators"": 165, ""num_leaves"": 65}",10f688c8,r28,0.6621835337005616,,0.7177449440000032,0.1789610940000159,,,,0.7384357445113504,0.615625,0.736992159657876,0.6621835337005616,,,,,,,,,,,
lightgbm,rel-trial,study-outcome,BINARY_CLASSIFICATION,0,30,roc_auc,cpu,False,"{""bagging_fraction"": 0.8296444149774, ""bagging_freq"": 1, ""cat_l2"": 0.0231985345244, ""cat_smooth"": 0.419723324168, ""extra_trees"": true, ""feature_fraction"": 0.818198345035, ""lambda_l1"": 0.5876408752329, ""lambda_l2"": 0.0893201412781, ""learning_rate"": 0.0282078967013, ""max_cat_to_onehot"": 29, ""min_data_in_leaf"": 5, ""min_data_per_group"": 12, ""n_estimators"": 750, ""num_leaves"": 37}",fb774425,r29,0.6507981182903783,,1.013677539000014,0.1948767050000128,,,,0.7074847236955305,0.6260416666666667,0.7188723570869224,0.6507981182903783,,,,,,,,,,,
lightgbm,rel-trial,study-outcome,BINARY_CLASSIFICATION,0,30,roc_auc,cpu,False,"{""bagging_fraction"": 0.8808290128215, ""bagging_freq"": 1, ""cat_l2"": 1.0457234595842, ""cat_smooth"": 0.6921859910209, ""extra_trees"": true, ""feature_fraction"": 0.9220523550151, ""lambda_l1"": 0.7206605914604, ""lambda_l2"": 0.9472534786514, ""learning_rate"": 0.0132034424949, ""max_cat_to_onehot"": 25, ""min_data_in_leaf"": 15, ""min_data_per_group"": 7, ""n_estimators"": 335, ""num_leaves"": 35}",7ae6364f,r3,0.6504250823136272,,0.7200467680000031,0.1813419610000011,,,,0.7180662733278342,0.6229166666666667,0.7342143906020558,0.6504250823136272,,,,,,,,,,,
lightgbm,rel-trial,study-outcome,BINARY_CLASSIFICATION,0,30,roc_auc,cpu,False,"{""bagging_fraction"": 0.9256403562964, ""bagging_freq"": 1, ""cat_l2"": 0.173468569422, ""cat_smooth"": 0.1622096133057, ""extra_trees"": true, ""feature_fraction"": 0.8672172375647, ""lambda_l1"": 0.2728946202342, ""lambda_l2"": 1.5996117895528, ""learning_rate"": 0.0885567275464, ""max_cat_to_onehot"": 31, ""min_data_in_leaf"": 54, ""min_data_per_group"": 63, ""n_estimators"": 395, ""num_leaves"": 6}",a691dd6f,r30,0.6496522053797595,,0.5303228620000198,0.1773949969999932,,,,0.7061231326158744,0.6302083333333334,0.7292143401983219,0.6496522053797595,,,,,,,,,,,
lightgbm,rel-trial,study-outcome,BINARY_CLASSIFICATION,0,30,roc_auc,cpu,False,"{""bagging_fraction"": 0.8634649548991, ""bagging_freq"": 1, ""cat_l2"": 1.6087120636028, ""cat_smooth"": 42.4603130176821, ""extra_trees"": false, ""feature_fraction"": 0.6841648271642, ""lambda_l1"": 0.5820615900959, ""lambda_l2"": 0.3727460534192, ""learning_rate"": 0.0078289135266, ""max_cat_to_onehot"": 37, ""min_data_in_leaf"": 2, ""min_data_per_group"": 2, ""n_estimators"": 987, ""num_leaves"": 9}",1d48d1c9,r4,0.6678885270216539,,0.8455848220000064,0.1876811030000027,,,,0.7288392856377394,0.634375,0.7409594095940959,0.6678885270216539,,,,,,,,,,,
lightgbm,rel-trial,study-outcome,BINARY_CLASSIFICATION,0,30,roc_auc,cpu,False,"{""bagging_fraction"": 0.8270964398017, ""bagging_freq"": 1, ""cat_l2"": 0.0497402357678, ""cat_smooth"": 0.0022655846367, ""extra_trees"": true, ""feature_fraction"": 0.8805464511878, ""lambda_l1"": 0.5374194921261, ""lambda_l2"": 1.4738626624402, ""learning_rate"": 0.009732329389, ""max_cat_to_onehot"": 78, ""min_data_in_leaf"": 4, ""min_data_per_group"": 24, ""n_estimators"": 285, ""num_leaves"": 44}",4f68409e,r5,0.6409606904962943,,0.6741092339999994,0.178917202000008,,,,0.6972672856239042,0.6114583333333333,0.7397069085833915,0.6409606904962943,,,,,,,,,,,
lightgbm,rel-trial,study-outcome,BINARY_CLASSIFICATION,0,30,roc_auc,cpu,False,"{""bagging_fraction"": 0.7951605226208, ""bagging_freq"": 1, ""cat_l2"": 0.2087627025057, ""cat_smooth"": 0.0018992120999, ""extra_trees"": true, ""feature_fraction"": 0.5907899076364, ""lambda_l1"": 0.2654629519904, ""lambda_l2"": 0.6372060480074, ""learning_rate"": 0.0086558049456, ""max_cat_to_onehot"": 44, ""min_data_in_leaf"": 11, ""min_data_per_group"": 11, ""n_estimators"": 164, ""num_leaves"": 56}",3c57d7d3,r6,0.6296422875370244,,0.5288537559999895,0.1765541449999972,,,,0.6928480454460137,0.5854166666666667,0.7381578947368421,0.6296422875370244,,,,,,,,,,,
lightgbm,rel-trial,study-outcome,BINARY_CLASSIFICATION,0,30,roc_auc,cpu,False,"{""bagging_fraction"": 0.9335036446078, ""bagging_freq"": 1, ""cat_l2"": 0.2830562687557, ""cat_smooth"": 0.1802171314263, ""extra_trees"": true, ""feature_fraction"": 0.6485577967088, ""lambda_l1"": 0.5232957286614, ""lambda_l2"": 1.3348540188894, ""learning_rate"": 0.0289761662926, ""max_cat_to_onehot"": 15, ""min_data_in_leaf"": 11, ""min_data_per_group"": 55, ""n_estimators"": 701, ""num_leaves"": 20}",134c98bb,r7,0.6500431113434211,,0.8610368920000013,0.1909264129999996,,,,0.708954699251154,0.63125,0.730593607305936,0.6500431113434211,,,,,,,,,,,
lightgbm,rel-trial,study-outcome,BINARY_CLASSIFICATION,0,30,roc_auc,cpu,False,"{""bagging_fraction"": 0.9848713160352, ""bagging_freq"": 1, ""cat_l2"": 1.6905546285477, ""cat_smooth"": 0.001258746648, ""extra_trees"": true, ""feature_fraction"": 0.4384884978093, ""lambda_l1"": 0.0940311167074, ""lambda_l2"": 0.2636825450225, ""learning_rate"": 0.0053104402291, ""max_cat_to_onehot"": 51, ""min_data_in_leaf"": 10, ""min_data_per_group"": 31, ""n_estimators"": 285, ""num_leaves"": 164}",42517afb,r8,0.6262179512953506,,0.6245292560000024,0.1802808379999874,,,,0.6885677087793265,0.584375,0.73767258382643,0.6262179512953506,,,,,,,,,,,
lightgbm,rel-trial,study-outcome,BINARY_CLASSIFICATION,0,30,roc_auc,cpu,False,"{""bagging_fraction"": 0.898758060085, ""bagging_freq"": 1, ""cat_l2"": 0.964011246959, ""cat_smooth"": 0.1616421454928, ""extra_trees"": false, ""feature_fraction"": 0.815483271622, ""lambda_l1"": 0.5759889009066, ""lambda_l2"": 1.4326827755167, ""learning_rate"": 0.0599026240177, ""max_cat_to_onehot"": 91, ""min_data_in_leaf"": 2, ""min_data_per_group"": 6, ""n_estimators"": 702, ""num_leaves"": 39}",b7f5d391,r9,0.6197691197691197,,1.361316974999994,0.1897545129999969,,,,0.6837929285681148,0.6114583333333333,0.6883876357560568,0.6197691197691197,,,,,,,,,,,
dfs-lightgbm,rel-amazon,item-churn,BINARY_CLASSIFICATION,0,30,roc_auc,cpu,True,"{""max_depth"": 2}",e17332f4,default,0.819930640899565,0.8226523846518552,84.56585966799997,2.5099319939999987,82.627498091,2.4803098570000657,,0.7277625022950001,0.7401639943947008,0.6697708351214487,0.819930640899565,0.6998029974078185,0.749403627383992,0.6702733395372312,0.8226523846518552,,,,,,,
dfs-lightgbm,rel-amazon,item-churn,BINARY_CLASSIFICATION,0,30,roc_auc,cpu,False,"{""max_depth"": 3}",2708615d,r1,0.819930640899565,,75.68583606099997,2.332585343000005,,,,0.7277625022950001,0.7401639943947008,0.6697708351214487,0.819930640899565,,,,,,,,,,,
dfs-lightgbm,rel-amazon,item-churn,BINARY_CLASSIFICATION,0,30,roc_auc,cpu,False,"{""max_depth"": 4}",b755230f,r2,0.819930640899565,,75.86530406400004,2.223665623999977,,,,0.7277625022950001,0.7401639943947008,0.6697708351214487,0.819930640899565,,,,,,,,,,,
dfs-lightgbm,rel-amazon,item-ltv,REGRESSION,0,30,mae,cpu,True,"{""max_depth"": 2}",e17332f4,default,45.68950977967813,47.9307825536235,92.61308429999995,2.308587909000039,88.38374888199996,2.513435388999937,,,,,,,,,,0.1405628911168324,45.68950977967813,419.0454541512479,0.0730707050468277,47.9307825536235,639.8698431406124,
dfs-lightgbm,rel-amazon,item-ltv,REGRESSION,0,30,mae,cpu,False,"{""max_depth"": 3}",2708615d,r1,45.68950977967813,,82.856069585,1.94465552500003,,,,,,,,,,,,0.1405628911168324,45.68950977967813,419.0454541512479,,,,
dfs-lightgbm,rel-amazon,item-ltv,REGRESSION,0,30,mae,cpu,False,"{""max_depth"": 4}",b755230f,r2,45.68950977967813,,82.774658993,1.9215949809999984,,,,,,,,,,,,0.1405628911168324,45.68950977967813,419.0454541512479,,,,
dfs-lightgbm,rel-amazon,user-churn,BINARY_CLASSIFICATION,0,30,roc_auc,cpu,False,"{""max_depth"": 2}",e17332f4,default,0.693758220197263,0.6941251984801794,77.35961358500003,4.872299957999985,75.79423167799996,4.0563068799999655,,0.7769854699678982,0.6995646571919413,0.7912042438878789,0.693758220197263,0.7512219730852424,0.6746607556445998,0.7792888319940775,0.6941251984801794,,,,,,,
dfs-lightgbm,rel-amazon,user-churn,BINARY_CLASSIFICATION,0,30,roc_auc,cpu,False,"{""max_depth"": 3}",2708615d,r1,0.6955563515585226,,75.03592254400002,4.105823246999989,,,,0.7784685927881915,0.7000868733406216,0.7913534472806785,0.6955563515585226,,,,,,,,,,,
dfs-lightgbm,rel-amazon,user-churn,BINARY_CLASSIFICATION,0,30,roc_auc,cpu,True,"{""max_depth"": 4}",b755230f,r2,0.6995696281437294,0.699405377018187,153.51394637699997,5.089915824999935,166.890775202,5.237730918000011,,0.781359786140262,0.702200140559113,0.7935358566411087,0.6995696281437294,0.7557006364227227,0.676311863250778,0.7808766013278108,0.699405377018187,,,,,,,
dfs-lightgbm,rel-amazon,user-ltv,REGRESSION,0,30,mae,cpu,False,"{""max_depth"": 2}",e17332f4,default,12.246402476195842,15.015676730185737,80.47353919199998,3.3705167290000304,82.40414989199996,3.121691010999939,,,,,,,,,,0.2638567495829421,12.246402476195842,41.97585488946704,0.1350089616195106,15.015676730185737,51.56387559902672,
dfs-lightgbm,rel-amazon,user-ltv,REGRESSION,0,30,mae,cpu,False,"{""max_depth"": 3}",2708615d,r1,12.250460396515749,,77.711456338,2.873212827000032,,,,,,,,,,,,0.2628009153530235,12.250460396515749,42.005946630540734,,,,
dfs-lightgbm,rel-amazon,user-ltv,REGRESSION,0,30,mae,cpu,True,"{""max_depth"": 4}",b755230f,r2,12.235670970946613,14.6293039903914,153.475804836,3.66374560700001,182.97248451300004,4.226202583999907,,,,,,,,,,0.256843493174189,12.235670970946613,42.17533345164942,0.1829738782592277,14.6293039903914,50.11384425047497,
dfs-lightgbm,rel-avito,ad-ctr,REGRESSION,0,30,mae,cpu,True,"{""max_depth"": 2}",e17332f4,default,0.0304912467805872,0.0328032005439593,6.724274931000025,0.0691681410000057,0.3630844019999983,0.0702651580000122,,,,,,,,,,0.1748477150500694,0.0304912467805872,0.0901122166870414,0.2020238787556444,0.0328032005439593,0.0980418336588591,
dfs-lightgbm,rel-avito,ad-ctr,REGRESSION,0,30,mae,cpu,False,"{""max_depth"": 3}",2708615d,r1,0.0306496799198423,,0.4494556420000037,0.0534563789999822,,,,,,,,,,,,0.1763425483325656,0.0306496799198423,0.0900305567287524,,,,
dfs-lightgbm,rel-avito,ad-ctr,REGRESSION,0,30,mae,cpu,False,"{""max_depth"": 4}",b755230f,r2,0.0307486871357599,,1.4478393980000137,0.3493429420000211,,,,,,,,,,,,0.1633345841058768,0.0307486871357599,0.0907386949135293,,,,
dfs-lightgbm,rel-avito,user-clicks,BINARY_CLASSIFICATION,0,30,roc_auc,cpu,True,"{""max_depth"": 2}",e17332f4,default,0.6474359513237284,0.6286271527367896,12.680393135999992,0.6688069809999888,9.816868883000012,1.5195787959999905,,0.0760661435230273,0.9616201671151396,0.0579374275782155,0.6474359513237284,0.0340508315673097,0.9837069755812984,0.0175879396984924,0.6286271527367896,,,,,,,
dfs-lightgbm,rel-avito,user-clicks,BINARY_CLASSIFICATION,0,30,roc_auc,cpu,False,"{""max_depth"": 3}",2708615d,r1,0.6474359513237284,,6.623168749999991,0.6777217539999754,,,,0.0760661435230273,0.9616201671151396,0.0579374275782155,0.6474359513237284,,,,,,,,,,,
dfs-lightgbm,rel-avito,user-clicks,BINARY_CLASSIFICATION,0,30,roc_auc,cpu,False,"{""max_depth"": 4}",b755230f,r2,0.6474359513237284,,6.335476384999993,0.5021305730000165,,,,0.0760661435230273,0.9616201671151396,0.0579374275782155,0.6474359513237284,,,,,,,,,,,
dfs-lightgbm,rel-avito,user-visits,BINARY_CLASSIFICATION,0,30,roc_auc,cpu,True,"{""max_depth"": 2}",e17332f4,default,0.6968322646773542,0.6562135875555648,14.820945856000009,0.8825777369999912,15.469729213000022,1.0364128440000115,,0.9546836965635496,0.9029987658027284,0.9489967728356952,0.6968322646773542,0.9162371434375206,0.8493177226051095,0.918473703126872,0.6562135875555648,,,,,,,
dfs-lightgbm,rel-avito,user-visits,BINARY_CLASSIFICATION,0,30,roc_auc,cpu,False,"{""max_depth"": 3}",2708615d,r1,0.6968322646773542,,8.959706727999986,0.8429901589999815,,,,0.9546836965635496,0.9029987658027284,0.9489967728356952,0.6968322646773542,,,,,,,,,,,
dfs-lightgbm,rel-avito,user-visits,BINARY_CLASSIFICATION,0,30,roc_auc,cpu,False,"{""max_depth"": 4}",b755230f,r2,0.6968322646773542,,8.359300611999998,0.6693237890000034,,,,0.9546836965635496,0.9029987658027284,0.9489967728356952,0.6968322646773542,,,,,,,,,,,
dfs-lightgbm,rel-event,user-attendance,REGRESSION,0,30,mae,cpu,True,"{""max_depth"": 2}",e17332f4,default,0.2470826779150179,0.2532026973185142,7.237496682,0.2759865429999877,1.8782981450000025,0.283740301999984,,,,,,,,,,0.0365497431379537,0.2470826779150179,0.5136217472889735,0.0506102469590497,0.2532026973185142,0.6259303337449662,
dfs-lightgbm,rel-event,user-attendance,REGRESSION,0,30,mae,cpu,False,"{""max_depth"": 3}",2708615d,r1,0.250387904917671,,7.825713906000004,0.4952792269999975,,,,,,,,,,,,0.0530969955741746,0.250387904917671,0.5091919191136097,,,,
dfs-lightgbm,rel-event,user-attendance,REGRESSION,0,30,mae,cpu,False,"{""max_depth"": 4}",b755230f,r2,0.2478508626151541,,7.0429170049999925,0.8820998590000215,,,,,,,,,,,,0.0274187843450056,0.2478508626151541,0.516049895218219,,,,
dfs-lightgbm,rel-event,user-ignore,BINARY_CLASSIFICATION,0,30,roc_auc,cpu,True,"{""max_depth"": 2}",e17332f4,default,0.8106620695558207,0.8436749450220487,6.526761034999993,0.1945116599999892,1.3023772140000176,0.1985434799999836,,0.5638367778799833,0.914329423763386,0.5714285714285714,0.8106620695558207,0.5440825753500809,0.8942798774259448,0.5083135391923991,0.8436749450220487,,,,,,,
dfs-lightgbm,rel-event,user-ignore,BINARY_CLASSIFICATION,0,30,roc_auc,cpu,False,"{""max_depth"": 3}",2708615d,r1,0.80283021896014,,4.206301910999997,0.3131769310000152,,,,0.5770965229958095,0.914329423763386,0.5714285714285714,0.80283021896014,,,,,,,,,,,
dfs-lightgbm,rel-event,user-ignore,BINARY_CLASSIFICATION,0,30,roc_auc,cpu,False,"{""max_depth"": 4}",b755230f,r2,0.8051653301520898,,5.041832311999997,0.5055686970000011,,,,0.5628150744202212,0.9163691993880672,0.5684210526315789,0.8051653301520898,,,,,,,,,,,
dfs-lightgbm,rel-event,user-repeat,BINARY_CLASSIFICATION,0,30,roc_auc,cpu,True,"{""max_depth"": 2}",e17332f4,default,0.694589271231607,0.8050802139037434,5.795469586999985,0.1724679719999926,0.4678003070000045,0.1686798100000146,,0.6456498076462917,0.6425855513307985,0.656934306569343,0.694589271231607,0.760328381075127,0.7439024390243902,0.7224669603524229,0.8050802139037434,,,,,,,
dfs-lightgbm,rel-event,user-repeat,BINARY_CLASSIFICATION,0,30,roc_auc,cpu,False,"{""max_depth"": 3}",2708615d,r1,0.6743714517437145,,1.6402890340000056,0.2045941259999892,,,,0.6637540836744809,0.623574144486692,0.6451612903225806,0.6743714517437145,,,,,,,,,,,
dfs-lightgbm,rel-event,user-repeat,BINARY_CLASSIFICATION,0,30,roc_auc,cpu,False,"{""max_depth"": 4}",b755230f,r2,0.6759355810450701,,1.716968342999991,0.3653302529999962,,,,0.6501189806995717,0.6121673003802282,0.6330935251798561,0.6759355810450701,,,,,,,,,,,
dfs-lightgbm,rel-f1,driver-dnf,BINARY_CLASSIFICATION,0,30,roc_auc,cpu,False,"{""max_depth"": 2}",e17332f4,default,0.5918367346938775,0.6715512614063339,7.594970875999991,0.0750684349999915,1.067199184999993,0.0729644720000237,,0.8291134466125459,0.7526501766784452,0.8562628336755647,0.5918367346938775,0.821249337316349,0.688034188034188,0.7992667277726856,0.6715512614063339,,,,,,,
dfs-lightgbm,rel-f1,driver-dnf,BINARY_CLASSIFICATION,0,30,roc_auc,cpu,False,"{""max_depth"": 3}",2708615d,r1,0.5885079365079365,,1.1714450610000142,0.0443265129999872,,,,0.8308054784068426,0.676678445229682,0.7946127946127947,0.5885079365079365,,,,,,,,,,,
dfs-lightgbm,rel-f1,driver-dnf,BINARY_CLASSIFICATION,0,30,roc_auc,cpu,True,"{""max_depth"": 4}",b755230f,r2,0.6434013605442177,0.6414092616991167,9.388493436000005,0.2248302080000144,9.668681249999992,0.2722285279999994,,0.8522028788357914,0.6749116607773852,0.7804295942720764,0.6434013605442177,0.8028301031637307,0.6638176638176638,0.7802607076350093,0.6414092616991167,,,,,,,
dfs-lightgbm,rel-f1,driver-position,REGRESSION,0,30,mae,cpu,True,"{""max_depth"": 2}",e17332f4,default,3.828974152602068,4.085715209671637,5.830762365999988,0.0770968779999918,0.9216417620000072,0.0788671189999945,,,,,,,,,,-0.1017424511304863,3.828974152602068,4.866204224149748,0.0875099907958578,4.085715209671637,4.977186504485664,
dfs-lightgbm,rel-f1,driver-position,REGRESSION,0,30,mae,cpu,False,"{""max_depth"": 3}",2708615d,r1,3.832816798005224,,1.1006249680000053,0.0435801750000166,,,,,,,,,,,,-0.098812118721723,3.832816798005224,4.859728531843524,,,,
dfs-lightgbm,rel-f1,driver-position,REGRESSION,0,30,mae,cpu,False,"{""max_depth"": 4}",b755230f,r2,4.021151165724076,,8.402904489000008,0.21956650300001,,,,,,,,,,,,-0.2039221239678057,4.021151165724076,5.08685651099997,,,,
dfs-lightgbm,rel-f1,driver-top3,BINARY_CLASSIFICATION,0,30,roc_auc,cpu,False,"{""max_depth"": 2}",e17332f4,default,0.5907437601906435,0.7594716764214047,9.102013582000012,0.075229945999979,0.6045296169999972,0.0775324570000179,,0.3254845065884746,0.7602040816326531,0.1942857142857142,0.5907437601906435,0.3204201689806987,0.7933884297520661,0.0384615384615384,0.7594716764214047,,,,,,,
dfs-lightgbm,rel-f1,driver-top3,BINARY_CLASSIFICATION,0,30,roc_auc,cpu,False,"{""max_depth"": 3}",2708615d,r1,0.6039490423034886,,0.6372384249999925,0.0442028280000101,,,,0.2951591552841666,0.7585034013605442,0.1839080459770115,0.6039490423034886,,,,,,,,,,,
dfs-lightgbm,rel-f1,driver-top3,BINARY_CLASSIFICATION,0,30,roc_auc,cpu,True,"{""max_depth"": 4}",b755230f,r2,0.6121463510777445,0.7549709970735787,4.529343941000008,0.4213530340000204,5.643630293000001,0.2857332350000092,,0.2987470678683999,0.7414965986394558,0.3214285714285714,0.6121463510777445,0.4290372213346279,0.8154269972451791,0.3232323232323232,0.7549709970735787,,,,,,,
dfs-lightgbm,rel-hm,item-sales,REGRESSION,0,30,mae,cpu,True,"{""max_depth"": 2}",e17332f4,default,0.057601173054303,0.0480673172174731,176.220554867,2.343075204999991,175.05493467100007,2.447083004999968,,,,,,,,,,0.3570046195946624,0.057601173054303,0.5310709667475402,0.4226874716639111,0.0480673172174731,0.4427476032356043,
dfs-lightgbm,rel-hm,item-sales,REGRESSION,0,30,mae,cpu,False,"{""max_depth"": 3}",2708615d,r1,0.057601173054303,,160.46166870000002,2.0491508830000384,,,,,,,,,,,,0.3570046195946624,0.057601173054303,0.5310709667475402,,,,
dfs-lightgbm,rel-hm,item-sales,REGRESSION,0,30,mae,cpu,False,"{""max_depth"": 4}",b755230f,r2,0.057601173054303,,161.162408829,1.8702145879999537,,,,,,,,,,,,0.3570046195946624,0.057601173054303,0.5310709667475402,,,,
dfs-lightgbm,rel-hm,user-churn,BINARY_CLASSIFICATION,0,30,roc_auc,cpu,False,"{""max_depth"": 2}",e17332f4,default,0.7074812698306432,0.7038315508004588,76.87152832400002,1.9988391370000045,70.56873220399996,1.9839229269999803,,0.901138476875002,0.8202492293223261,0.8987931072523884,0.7074812698306432,0.9080351618729522,0.8292859537378479,0.9038262511803588,0.7038315508004588,,,,,,,
dfs-lightgbm,rel-hm,user-churn,BINARY_CLASSIFICATION,0,30,roc_auc,cpu,True,"{""max_depth"": 3}",2708615d,r1,0.7086387254852899,0.7051112071241217,126.39950371199996,1.772867428999973,161.08213438999996,2.176110329999915,,0.9018847994266151,0.8202492293223261,0.8986887925258965,0.7086387254852899,0.9086343531220502,0.8307877975192759,0.9051680732262696,0.7051112071241217,,,,,,,
dfs-lightgbm,rel-hm,user-churn,BINARY_CLASSIFICATION,0,30,roc_auc,cpu,False,"{""max_depth"": 4}",b755230f,r2,0.7086353495257719,,198.41750488199995,2.052344475000041,,,,0.9020569971060264,0.8202361669888709,0.8987805416219238,0.7086353495257719,,,,,,,,,,,
dfs-lightgbm,rel-stack,post-votes,REGRESSION,0,30,mae,cpu,True,"{""max_depth"": 2}",e17332f4,default,0.0578564864936862,0.0634216092711235,170.47906796,8.511561956000037,173.240134012,8.614106208000067,,,,,,,,,,0.303356218158043,0.0578564864936862,0.3055148589407879,0.3145807965436022,0.0634216092711235,0.3055605599775453,
dfs-lightgbm,rel-stack,post-votes,REGRESSION,0,30,mae,cpu,False,"{""max_depth"": 3}",2708615d,r1,0.0578564864936862,,161.48067885299997,7.6498000760000195,,,,,,,,,,,,0.303356218158043,0.0578564864936862,0.3055148589407879,,,,
dfs-lightgbm,rel-stack,post-votes,REGRESSION,0,30,mae,cpu,False,"{""max_depth"": 4}",b755230f,r2,0.0578564864936862,,158.55387323599996,7.739314652999951,,,,,,,,,,,,0.303356218158043,0.0578564864936862,0.3055148589407879,,,,
dfs-lightgbm,rel-stack,user-badge,BINARY_CLASSIFICATION,0,30,roc_auc,cpu,False,"{""max_depth"": 2}",e17332f4,default,0.8774978171816449,0.8610010126221315,36.40172156400001,2.947403912999988,33.94035365500008,3.529149318000009,,0.3000618818220907,0.9710183590813184,0.2420718816067653,0.8774978171816449,0.2797340915296646,0.9723958333333332,0.2866106669365449,0.8610010126221315,,,,,,,
dfs-lightgbm,rel-stack,user-badge,BINARY_CLASSIFICATION,0,30,roc_auc,cpu,False,"{""max_depth"": 3}",2708615d,r1,0.8842077915665867,,150.04060951600002,10.25865681900001,,,,0.3094058367684588,0.9697410650045676,0.276854714064915,0.8842077915665867,,,,,,,,,,,
dfs-lightgbm,rel-stack,user-badge,BINARY_CLASSIFICATION,0,30,roc_auc,cpu,True,"{""max_depth"": 4}",b755230f,r2,0.8843287900081624,0.8697410462816462,329.121845534,19.732776495000053,352.46505071800004,22.958360575999905,,0.3101137048479231,0.9697370229347044,0.274866828087167,0.8843287900081624,0.2938326386220298,0.9741306390977444,0.2542334612779408,0.8697410462816462,,,,,,,
dfs-lightgbm,rel-stack,user-engagement,BINARY_CLASSIFICATION,0,30,roc_auc,cpu,True,"{""max_depth"": 2}",e17332f4,default,0.9002844278077149,0.9020103095242544,22.22554136399998,1.2512186909999912,15.78817456400003,1.2473428179999928,,0.396932815686435,0.9749257209437808,0.3155216284987277,0.9002844278077149,0.384866141205597,0.9754473149755494,0.2974025974025974,0.9020103095242544,,,,,,,
dfs-lightgbm,rel-stack,user-engagement,BINARY_CLASSIFICATION,0,30,roc_auc,cpu,False,"{""max_depth"": 3}",2708615d,r1,0.8996280701244608,,61.743158153,3.282105602000001,,,,0.3973799147166943,0.9750888435770464,0.3164961636828644,0.8996280701244608,,,,,,,,,,,
dfs-lightgbm,rel-stack,user-engagement,BINARY_CLASSIFICATION,0,30,roc_auc,cpu,False,"{""max_depth"": 4}",b755230f,r2,0.8998236994414629,,123.25988822699998,6.299209616999974,,,,0.3968729962855139,0.9750888435770464,0.3160588611644274,0.8998236994414629,,,,,,,,,,,
dfs-lightgbm,rel-trial,site-success,REGRESSION,0,30,mae,cpu,True,"{""max_depth"": 2}",e17332f4,default,0.4154624384265476,0.4239258626954911,29.021444852,1.2843003240000144,26.19185636200001,1.1852820130000057,,,,,,,,,,-0.164427498832524,0.4154624384265476,0.5154730884032228,-0.1844123642417925,0.4239258626954911,0.5237155347758038,
dfs-lightgbm,rel-trial,site-success,REGRESSION,0,30,mae,cpu,False,"{""max_depth"": 3}",2708615d,r1,0.4154624384265476,,21.181912219,0.8925950729999954,,,,,,,,,,,,-0.164427498832524,0.4154624384265476,0.5154730884032228,,,,
dfs-lightgbm,rel-trial,site-success,REGRESSION,0,30,mae,cpu,False,"{""max_depth"": 4}",b755230f,r2,0.4154624384265476,,20.201848126999977,0.8363609340000266,,,,,,,,,,,,-0.164427498832524,0.4154624384265476,0.5154730884032228,,,,
dfs-lightgbm,rel-trial,study-adverse,REGRESSION,0,30,mae,cpu,False,"{""max_depth"": 2}",e17332f4,default,43.58599806702761,42.80692690935763,7.380058284,0.2072924150000119,2.41324701100001,0.1934325189999981,,,,,,,,,,0.1774203810461549,43.58599806702761,354.7269811549626,0.3606464960761354,42.80692690935763,199.64807217430305,
dfs-lightgbm,rel-trial,study-adverse,REGRESSION,0,30,mae,cpu,True,"{""max_depth"": 3}",2708615d,r1,43.49922253400121,42.16314377455448,3.0225564480000173,0.2267579720000014,3.566307024999986,0.2527036890000147,,,,,,,,,,0.1740788008011841,43.49922253400121,355.4467578600672,0.3842548265634967,42.16314377455448,195.9273679406799,
dfs-lightgbm,rel-trial,study-adverse,REGRESSION,0,30,mae,cpu,False,"{""max_depth"": 4}",b755230f,r2,44.283106419328895,,6.819969684,0.40999612600001,,,,,,,,,,,,0.1576010996184379,44.283106419328895,358.974952049662,,,,
dfs-lightgbm,rel-trial,study-outcome,BINARY_CLASSIFICATION,0,30,roc_auc,cpu,False,"{""max_depth"": 2}",e17332f4,default,0.6410254691988438,0.7061312702044968,6.960821787000015,0.1282174099999906,0.7815291690000095,0.1296375989999774,,0.6995379035111058,0.634375,0.7212073073868149,0.6410254691988438,0.7622101288815368,0.6581818181818182,0.738404452690167,0.7061312702044968,,,,,,,
dfs-lightgbm,rel-trial,study-outcome,BINARY_CLASSIFICATION,0,30,roc_auc,cpu,True,"{""max_depth"": 3}",2708615d,r1,0.6488257184851612,0.707905028271161,0.9133817990000068,0.13271113899998,1.0183188210000085,0.1655466160000003,,0.7162028161220373,0.6364583333333333,0.7284046692607004,0.6488257184851612,0.7619608778035502,0.6836363636363636,0.7598896044158233,0.707905028271161,,,,,,,
dfs-lightgbm,rel-trial,study-outcome,BINARY_CLASSIFICATION,0,30,roc_auc,cpu,False,"{""max_depth"": 4}",b755230f,r2,0.6367992172945733,,2.2295474550000165,0.239388464000001,,,,0.6985264535763511,0.6145833333333334,0.6991869918699187,0.6367992172945733,,,,,,,,,,,
rdblearn,rel-amazon,user-churn,BINARY_CLASSIFICATION,0,6,roc_auc,rtx-pro-6000,False,"{""max_depth"": 2, ""tfm"": ""tabpfn-v2""}",61d99e44,default,0.6855459104406352,0.6720006086922891,13.355774347999995,119.519873746,3.2439030420000563,102.54168472000016,,0.7670310852836372,0.6995915000780883,0.7978486500689745,0.6855459104406352,0.7296528904804781,0.6596189095869389,0.7762820249438781,0.6720006086922891,,,,,,,
rdblearn,rel-amazon,user-churn,BINARY_CLASSIFICATION,0,6,roc_auc,rtx-pro-6000,False,"{""max_depth"": 2, ""tfm"": ""tabpfn-v2.5""}",31690f4a,r1,0.6865971131925478,,3.162837179999997,115.724836562,,,,0.767447483691005,0.6995475753553022,0.7977051453506521,0.6865971131925478,,,,,,,,,,,
rdblearn,rel-amazon,user-churn,BINARY_CLASSIFICATION,0,6,roc_auc,rtx-pro-6000,False,"{""max_depth"": 3, ""tfm"": ""tabpfn-v2""}",5281e948,r2,0.685876928597388,,3.6272243469999808,138.436235425,,,,0.7669483326164737,0.6998574886771826,0.7970079439352602,0.685876928597388,,,,,,,,,,,
rdblearn,rel-amazon,user-churn,BINARY_CLASSIFICATION,0,6,roc_auc,rtx-pro-6000,False,"{""max_depth"": 3, ""tfm"": ""tabpfn-v2.5""}",20d4cc69,r3,0.6878453855156155,,3.189238940999985,127.25499891100004,,,,0.7689495258743744,0.7002674527565204,0.7987323477457223,0.6878453855156155,,,,,,,,,,,
rdblearn,rel-amazon,user-churn,BINARY_CLASSIFICATION,0,6,roc_auc,rtx-pro-6000,False,"{""max_depth"": 4, ""tfm"": ""tabpfn-v2""}",134708b4,r4,0.688196013738439,,7.61061164299997,318.67880466300005,,,,0.76937336672823,0.699725714508824,0.7974797924186389,0.688196013738439,,,,,,,,,,,
rdblearn,rel-amazon,user-churn,BINARY_CLASSIFICATION,0,6,roc_auc,rtx-pro-6000,True,"{""max_depth"": 4, ""tfm"": ""tabpfn-v2.5""}",32d90e6c,r5,0.6897708975736314,0.6843749952584703,6.79238159199997,272.3867763240001,10.689043261000052,231.67545683900016,,0.7700662572086365,0.7009458456973294,0.7956662231514922,0.6897708975736314,0.7383665974460399,0.6751182914872756,0.7788928593527629,0.6843749952584703,,,,,,,
rdblearn,rel-amazon,user-ltv,REGRESSION,0,6,mae,rtx-pro-6000,False,"{""max_depth"": 2, ""tfm"": ""tabpfn-v2""}",61d99e44,default,12.477008716929248,14.77318520419527,21.742417087000007,130.27349991100002,6.040569419999883,110.21118769300006,,,,,,,,,,0.1709187257650641,12.477008716929248,44.54684344700402,0.1387787489275095,14.77318520419527,51.451390562191214,
rdblearn,rel-amazon,user-ltv,REGRESSION,0,6,mae,rtx-pro-6000,False,"{""max_depth"": 2, ""tfm"": ""tabpfn-v2.5""}",31690f4a,r1,12.30576658702521,,3.654520896000008,123.662947471,,,,,,,,,,,,0.196863401390416,12.30576658702521,43.844294992028445,,,,
rdblearn,rel-amazon,user-ltv,REGRESSION,0,6,mae,rtx-pro-6000,False,"{""max_depth"": 3, ""tfm"": ""tabpfn-v2""}",5281e948,r2,12.475347410554624,,6.50217810099997,154.43766643500004,,,,,,,,,,,,0.1706345092116546,12.475347410554624,44.55447832299092,,,,
rdblearn,rel-amazon,user-ltv,REGRESSION,0,6,mae,rtx-pro-6000,False,"{""max_depth"": 3, ""tfm"": ""tabpfn-v2.5""}",20d4cc69,r3,12.286801318889646,,3.748729312999899,136.18786135099992,,,,,,,,,,,,0.1985619473963163,12.286801318889646,43.79790751027467,,,,
rdblearn,rel-amazon,user-ltv,REGRESSION,0,6,mae,rtx-pro-6000,False,"{""max_depth"": 4, ""tfm"": ""tabpfn-v2""}",134708b4,r4,12.453857650244617,,12.61775509200004,331.889888262,,,,,,,,,,,,0.1719263970842939,12.453857650244617,44.519763940043376,,,,
rdblearn,rel-amazon,user-ltv,REGRESSION,0,6,mae,rtx-pro-6000,True,"{""max_depth"": 4, ""tfm"": ""tabpfn-v2.5""}",32d90e6c,r5,12.25790661881121,14.577539990692973,7.624109291999957,297.244029084,12.76638105799998,255.466254595,,,,,,,,,,0.2009510262219505,12.25790661881121,43.73257822515379,0.1670848780273977,14.577539990692973,50.59878883821463,
rdblearn,rel-amazon,item-churn,BINARY_CLASSIFICATION,0,6,roc_auc,rtx-pro-6000,False,"{""max_depth"": 2, ""tfm"": ""tabpfn-v2""}",61d99e44,default,0.8127456944355336,0.8132522120910897,11.954842877000004,124.893193018,4.105703791999986,122.12754240100004,,0.714767551706807,0.7329153746151985,0.6571100337420431,0.8127456944355336,0.681704763561503,0.7426067776698912,0.6381587815069416,0.8132522120910897,,,,,,,
rdblearn,rel-amazon,item-churn,BINARY_CLASSIFICATION,0,6,roc_auc,rtx-pro-6000,True,"{""max_depth"": 2, ""tfm"": ""tabpfn-v2.5""}",31690f4a,r1,0.816670399770788,0.8195383645280199,3.444883943000036,116.16928743399995,5.470573964999971,107.58656670799996,,0.7194931089812212,0.7362751774167224,0.6627948817594311,0.816670399770788,0.6890531837429132,0.7481449515110105,0.6474329926321266,0.8195383645280199,,,,,,,
rdblearn,rel-amazon,item-churn,BINARY_CLASSIFICATION,0,6,roc_auc,rtx-pro-6000,False,"{""max_depth"": 3, ""tfm"": ""tabpfn-v2""}",5281e948,r2,0.8127456944355336,,4.247171664000007,134.212975631,,,,0.714767551706807,0.7329153746151985,0.6571100337420431,0.8127456944355336,,,,,,,,,,,
rdblearn,rel-amazon,item-churn,BINARY_CLASSIFICATION,0,6,roc_auc,rtx-pro-6000,False,"{""max_depth"": 3, ""tfm"": ""tabpfn-v2.5""}",20d4cc69,r3,0.816670399770788,,3.294016572999908,113.40922507799996,,,,0.7194931089812212,0.7362751774167224,0.6627948817594311,0.816670399770788,,,,,,,,,,,
rdblearn,rel-amazon,item-churn,BINARY_CLASSIFICATION,0,6,roc_auc,rtx-pro-6000,False,"{""max_depth"": 4, ""tfm"": ""tabpfn-v2""}",134708b4,r4,0.8127456944355336,,4.155888935999997,135.43007058599994,,,,0.714767551706807,0.7329153746151985,0.6571100337420431,0.8127456944355336,,,,,,,,,,,
rdblearn,rel-amazon,item-churn,BINARY_CLASSIFICATION,0,6,roc_auc,rtx-pro-6000,False,"{""max_depth"": 4, ""tfm"": ""tabpfn-v2.5""}",32d90e6c,r5,0.816670399770788,,3.2054224979999617,112.34140569499992,,,,0.7194931089812212,0.7362751774167224,0.6627948817594311,0.816670399770788,,,,,,,,,,,
rdblearn,rel-amazon,item-ltv,REGRESSION,0,6,mae,rtx-pro-6000,False,"{""max_depth"": 2, ""tfm"": ""tabpfn-v2""}",61d99e44,default,44.31917757610025,48.64581398328284,17.78698096400001,123.55430803,9.333098615999916,140.02996447600003,,,,,,,,,,0.0661722231720566,44.31917757610025,436.8048751187727,0.0314250256720664,48.64581398328284,654.0861607713703,
rdblearn,rel-amazon,item-ltv,REGRESSION,0,6,mae,rtx-pro-6000,True,"{""max_depth"": 2, ""tfm"": ""tabpfn-v2.5""}",31690f4a,r1,43.70298037058649,48.99752716300986,4.532492531999992,118.00794738999996,6.188555564000012,128.07958883800006,,,,,,,,,,0.0761129096169651,43.70298037058649,434.4737397895032,0.0330760116866626,48.99752716300986,653.5284612097211,
rdblearn,rel-amazon,item-ltv,REGRESSION,0,6,mae,rtx-pro-6000,False,"{""max_depth"": 3, ""tfm"": ""tabpfn-v2""}",5281e948,r2,44.31917757610025,,9.105868941999972,128.84773189599997,,,,,,,,,,,,0.0661722231720566,44.31917757610025,436.8048751187727,,,,
rdblearn,rel-amazon,item-ltv,REGRESSION,0,6,mae,rtx-pro-6000,False,"{""max_depth"": 3, ""tfm"": ""tabpfn-v2.5""}",20d4cc69,r3,43.70298037058649,,4.079303593999953,121.20434170500003,,,,,,,,,,,,0.0761129096169651,43.70298037058649,434.4737397895032,,,,
rdblearn,rel-amazon,item-ltv,REGRESSION,0,6,mae,rtx-pro-6000,False,"{""max_depth"": 4, ""tfm"": ""tabpfn-v2""}",134708b4,r4,44.31917757610025,,8.90687626500005,134.42958383300004,,,,,,,,,,,,0.0661722231720566,44.31917757610025,436.8048751187727,,,,
rdblearn,rel-amazon,item-ltv,REGRESSION,0,6,mae,rtx-pro-6000,False,"{""max_depth"": 4, ""tfm"": ""tabpfn-v2.5""}",32d90e6c,r5,43.70298037058649,,4.1668353759999945,118.18417892900004,,,,,,,,,,,,0.0761129096169651,43.70298037058649,434.4737397895032,,,,
rdblearn,rel-avito,ad-ctr,REGRESSION,0,6,mae,rtx-pro-6000,False,"{""max_depth"": 2, ""tfm"": ""tabpfn-v2""}",61d99e44,default,0.0297217804201906,0.0338646345483005,12.310543339000006,2.308636980000003,0.7107291789999977,0.9770842490000008,,,,,,,,,,0.228481747542958,0.0297217804201906,0.0871344155025344,0.2256315323720904,0.0338646345483005,0.0965806908077711,
rdblearn,rel-avito,ad-ctr,REGRESSION,0,6,mae,rtx-pro-6000,False,"{""max_depth"": 2, ""tfm"": ""tabpfn-v2.5""}",31690f4a,r1,0.0296177403488864,,0.6610424520000038,1.0241287479999954,,,,,,,,,,,,0.2059507222697766,0.0296177403488864,0.0883975742053946,,,,
rdblearn,rel-avito,ad-ctr,REGRESSION,0,6,mae,rtx-pro-6000,True,"{""max_depth"": 3, ""tfm"": ""tabpfn-v2""}",5281e948,r2,0.0295362314177682,0.0341031926931157,2.097461772999992,1.6577185289999932,1.992308780999991,1.7120805289999907,,,,,,,,,,0.2160904708801703,0.0295362314177682,0.0878313567930486,0.2212394354316937,0.0341031926931157,0.0968541988254109,
rdblearn,rel-avito,ad-ctr,REGRESSION,0,6,mae,rtx-pro-6000,False,"{""max_depth"": 3, ""tfm"": ""tabpfn-v2.5""}",20d4cc69,r3,0.0297691107855476,,0.7083933419999937,1.6341568880000068,,,,,,,,,,,,0.2004848146525369,0.0297691107855476,0.0887012986381457,,,,
rdblearn,rel-avito,ad-ctr,REGRESSION,0,6,mae,rtx-pro-6000,False,"{""max_depth"": 4, ""tfm"": ""tabpfn-v2""}",134708b4,r4,0.0302813777531485,,4.45298894199999,3.454888621000009,,,,,,,,,,,,0.1676485116735352,0.0302813777531485,0.0905044638632056,,,,
rdblearn,rel-avito,ad-ctr,REGRESSION,0,6,mae,rtx-pro-6000,False,"{""max_depth"": 4, ""tfm"": ""tabpfn-v2.5""}",32d90e6c,r5,0.0301176769820423,,2.648730019000027,4.519566420000018,,,,,,,,,,,,0.1756218566237942,0.0301176769820423,0.0900699360171802,,,,
rdblearn,rel-avito,user-visits,BINARY_CLASSIFICATION,0,6,roc_auc,rtx-pro-6000,True,"{""max_depth"": 2, ""tfm"": ""tabpfn-v2""}",61d99e44,default,0.6892979930856892,0.6596243860043158,19.66381157500001,98.039648837,14.40973327100005,121.40469058500004,,0.9533570626290596,0.9034991160479002,0.949303425917813,0.6892979930856892,0.917427198204752,0.8505909380276232,0.9192641340113672,0.6596243860043158,,,,,,,
rdblearn,rel-avito,user-visits,BINARY_CLASSIFICATION,0,6,roc_auc,rtx-pro-6000,False,"{""max_depth"": 2, ""tfm"": ""tabpfn-v2.5""}",31690f4a,r1,0.6870471131127726,,4.3835473720000095,78.31416670500002,,,,0.9531598333510758,0.9034991160479002,0.949303425917813,0.6870471131127726,,,,,,,,,,,
rdblearn,rel-avito,user-visits,BINARY_CLASSIFICATION,0,6,roc_auc,rtx-pro-6000,False,"{""max_depth"": 3, ""tfm"": ""tabpfn-v2""}",5281e948,r2,0.6892979930856892,,13.747072695999975,94.296838542,,,,0.9533570626290596,0.9034991160479002,0.949303425917813,0.6892979930856892,,,,,,,,,,,
rdblearn,rel-avito,user-visits,BINARY_CLASSIFICATION,0,6,roc_auc,rtx-pro-6000,False,"{""max_depth"": 3, ""tfm"": ""tabpfn-v2.5""}",20d4cc69,r3,0.6870471131127726,,2.996364708000044,75.602478668,,,,0.9531598333510758,0.9034991160479002,0.949303425917813,0.6870471131127726,,,,,,,,,,,
rdblearn,rel-avito,user-visits,BINARY_CLASSIFICATION,0,6,roc_auc,rtx-pro-6000,False,"{""max_depth"": 4, ""tfm"": ""tabpfn-v2""}",134708b4,r4,0.6892979930856892,,13.935948447000044,100.755118556,,,,0.9533570626290596,0.9034991160479002,0.949303425917813,0.6892979930856892,,,,,,,,,,,
rdblearn,rel-avito,user-visits,BINARY_CLASSIFICATION,0,6,roc_auc,rtx-pro-6000,False,"{""max_depth"": 4, ""tfm"": ""tabpfn-v2.5""}",32d90e6c,r5,0.6870471131127726,,3.4979889300000195,80.08662172100003,,,,0.9531598333510758,0.9034991160479002,0.949303425917813,0.6870471131127726,,,,,,,,,,,
rdblearn,rel-avito,user-clicks,BINARY_CLASSIFICATION,0,6,roc_auc,rtx-pro-6000,True,"{""max_depth"": 2, ""tfm"": ""tabpfn-v2""}",61d99e44,default,0.6599418375167719,0.6787687477980774,19.771944518,74.761803511,11.07146848700006,157.47591647899992,,0.0850425483493289,0.9648302884388424,0.0,0.6599418375167719,0.0433880409584574,0.984582048504042,0.0,0.6787687477980774,,,,,,,
rdblearn,rel-avito,user-clicks,BINARY_CLASSIFICATION,0,6,roc_auc,rtx-pro-6000,False,"{""max_depth"": 2, ""tfm"": ""tabpfn-v2.5""}",31690f4a,r1,0.6590717974348348,,3.455956905999983,57.34537829199999,,,,0.0794455503718282,0.9648302884388424,0.0,0.6590717974348348,,,,,,,,,,,
rdblearn,rel-avito,user-clicks,BINARY_CLASSIFICATION,0,6,roc_auc,rtx-pro-6000,False,"{""max_depth"": 3, ""tfm"": ""tabpfn-v2""}",5281e948,r2,0.6599418375167719,,10.676733456000022,73.46086953100001,,,,0.0850425483493289,0.9648302884388424,0.0,0.6599418375167719,,,,,,,,,,,
rdblearn,rel-avito,user-clicks,BINARY_CLASSIFICATION,0,6,roc_auc,rtx-pro-6000,False,"{""max_depth"": 3, ""tfm"": ""tabpfn-v2.5""}",20d4cc69,r3,0.6590717974348348,,2.742202710000015,58.07909198500005,,,,0.0794455503718282,0.9648302884388424,0.0,0.6590717974348348,,,,,,,,,,,
rdblearn,rel-avito,user-clicks,BINARY_CLASSIFICATION,0,6,roc_auc,rtx-pro-6000,False,"{""max_depth"": 4, ""tfm"": ""tabpfn-v2""}",134708b4,r4,0.6599418375167719,,10.662647456000002,73.29468147799997,,,,0.0850425483493289,0.9648302884388424,0.0,0.6599418375167719,,,,,,,,,,,
rdblearn,rel-avito,user-clicks,BINARY_CLASSIFICATION,0,6,roc_auc,rtx-pro-6000,False,"{""max_depth"": 4, ""tfm"": ""tabpfn-v2.5""}",32d90e6c,r5,0.6590717974348348,,2.684950630000003,57.32532774899994,,,,0.0794455503718282,0.9648302884388424,0.0,0.6590717974348348,,,,,,,,,,,
rdblearn,rel-event,user-attendance,REGRESSION,0,6,mae,rtx-pro-6000,True,"{""max_depth"": 2, ""tfm"": ""tabpfn-v2""}",61d99e44,default,0.2378042715980136,0.2422151568781421,18.184046658,14.332110678999996,8.574038408000035,13.391266039000016,,,,,,,,,,-0.0570072204159102,0.2378042715980136,0.5379819843641278,0.0178835326928947,0.2422151568781421,0.636627251749145,
rdblearn,rel-event,user-attendance,REGRESSION,0,6,mae,rtx-pro-6000,False,"{""max_depth"": 2, ""tfm"": ""tabpfn-v2.5""}",31690f4a,r1,0.2419393941481521,,5.734466155999996,14.091070924999997,,,,,,,,,,,,-0.0734237431775675,0.2419393941481521,0.54214362352555,,,,
rdblearn,rel-event,user-attendance,REGRESSION,0,6,mae,rtx-pro-6000,False,"{""max_depth"": 3, ""tfm"": ""tabpfn-v2""}",5281e948,r2,0.2489352423597026,,15.301486761999996,14.642487149000004,,,,,,,,,,,,-0.145106021944114,0.2489352423597026,0.5599530374328175,,,,
rdblearn,rel-event,user-attendance,REGRESSION,0,6,mae,rtx-pro-6000,False,"{""max_depth"": 3, ""tfm"": ""tabpfn-v2.5""}",20d4cc69,r3,0.2492694156277493,,10.36519944600002,16.70664197900001,,,,,,,,,,,,-0.1414650170513256,0.2492694156277493,0.5590621090215541,,,,
rdblearn,rel-event,user-attendance,REGRESSION,0,6,mae,rtx-pro-6000,False,"{""max_depth"": 4, ""tfm"": ""tabpfn-v2""}",134708b4,r4,0.2482722670127543,,16.688029675999985,14.745012720999997,,,,,,,,,,,,-0.1434471783884219,0.2482722670127543,0.5595473059484305,,,,
rdblearn,rel-event,user-attendance,REGRESSION,0,6,mae,rtx-pro-6000,False,"{""max_depth"": 4, ""tfm"": ""tabpfn-v2.5""}",32d90e6c,r5,0.2444838970736891,,10.636853656,16.719803229999997,,,,,,,,,,,,-0.1112664052126566,0.2444838970736891,0.5516172618782831,,,,
rdblearn,rel-event,user-repeat,BINARY_CLASSIFICATION,0,6,roc_auc,rtx-pro-6000,False,"{""max_depth"": 2, ""tfm"": ""tabpfn-v2""}",61d99e44,default,0.7384138570269958,0.7441176470588234,62.598912552,7.640556836000002,56.407835509,6.070623246999958,,0.7193718313710349,0.6539923954372624,0.689419795221843,0.7384138570269958,0.7282611789548172,0.6707317073170732,0.6772908366533864,0.7441176470588234,,,,,,,
rdblearn,rel-event,user-repeat,BINARY_CLASSIFICATION,0,6,roc_auc,rtx-pro-6000,False,"{""max_depth"": 2, ""tfm"": ""tabpfn-v2.5""}",31690f4a,r1,0.7267987486965589,,1.948126755000004,5.170656320999996,,,,0.70791243452557,0.6692015209125475,0.698961937716263,0.7267987486965589,,,,,,,,,,,
rdblearn,rel-event,user-repeat,BINARY_CLASSIFICATION,0,6,roc_auc,rtx-pro-6000,True,"{""max_depth"": 3, ""tfm"": ""tabpfn-v2""}",5281e948,r2,0.7450469238790407,0.7440842245989305,71.78305153700003,10.527376757000011,73.96124553699997,10.966295572999968,,0.7529275240569309,0.6692015209125475,0.6836363636363636,0.7450469238790407,0.7322396317974034,0.6747967479674797,0.6638655462184874,0.7440842245989305,,,,,,,
rdblearn,rel-event,user-repeat,BINARY_CLASSIFICATION,0,6,roc_auc,rtx-pro-6000,False,"{""max_depth"": 3, ""tfm"": ""tabpfn-v2.5""}",20d4cc69,r3,0.7336925037654964,,4.536945983999999,5.474193844000013,,,,0.7098111360323679,0.6577946768060836,0.6715328467153284,0.7336925037654964,,,,,,,,,,,
rdblearn,rel-event,user-repeat,BINARY_CLASSIFICATION,0,6,roc_auc,rtx-pro-6000,False,"{""max_depth"": 4, ""tfm"": ""tabpfn-v2""}",134708b4,r4,0.7448152010195805,,72.277837997,11.310280077000016,,,,0.7508651589593286,0.6692015209125475,0.6903914590747331,0.7448152010195805,,,,,,,,,,,
rdblearn,rel-event,user-repeat,BINARY_CLASSIFICATION,0,6,roc_auc,rtx-pro-6000,False,"{""max_depth"": 4, ""tfm"": ""tabpfn-v2.5""}",32d90e6c,r5,0.7321573398215734,,3.0810549550000133,5.482305281000038,,,,0.7131327642483815,0.6692015209125475,0.6742424242424242,0.7321573398215734,,,,,,,,,,,
rdblearn,rel-event,user-ignore,BINARY_CLASSIFICATION,0,6,roc_auc,rtx-pro-6000,False,"{""max_depth"": 2, ""tfm"": ""tabpfn-v2""}",61d99e44,default,0.814429542767575,0.9003592276605299,98.829740375,28.327226699999983,86.54437191,26.81127578000008,,0.5815843584287735,0.9082100968893422,0.5522388059701493,0.814429542767575,0.5825242149337196,0.8891726251276814,0.4534005037783375,0.9003592276605299,,,,,,,
rdblearn,rel-event,user-ignore,BINARY_CLASSIFICATION,0,6,roc_auc,rtx-pro-6000,False,"{""max_depth"": 2, ""tfm"": ""tabpfn-v2.5""}",31690f4a,r1,0.8264260762107538,,4.575174948000012,18.69843671999999,,,,0.593028553395227,0.9148393676695564,0.5242165242165242,0.8264260762107538,,,,,,,,,,,
rdblearn,rel-event,user-ignore,BINARY_CLASSIFICATION,0,6,roc_auc,rtx-pro-6000,False,"{""max_depth"": 3, ""tfm"": ""tabpfn-v2""}",5281e948,r2,0.8400689566626901,,219.299596732,52.83061996099997,,,,0.5895455052449377,0.9138194798572156,0.5564304461942258,0.8400689566626901,,,,,,,,,,,
rdblearn,rel-event,user-ignore,BINARY_CLASSIFICATION,0,6,roc_auc,rtx-pro-6000,False,"{""max_depth"": 3, ""tfm"": ""tabpfn-v2.5""}",20d4cc69,r3,0.8346297257247403,,6.212221595000017,21.780446076999965,,,,0.5969774140751044,0.9163691993880672,0.5751295336787565,0.8346297257247403,,,,,,,,,,,
rdblearn,rel-event,user-ignore,BINARY_CLASSIFICATION,0,6,roc_auc,rtx-pro-6000,False,"{""max_depth"": 4, ""tfm"": ""tabpfn-v2""}",134708b4,r4,0.837067817192624,,242.20359936800003,56.17603695599996,,,,0.583674878219117,0.9138194798572156,0.536986301369863,0.837067817192624,,,,,,,,,,,
rdblearn,rel-event,user-ignore,BINARY_CLASSIFICATION,0,6,roc_auc,rtx-pro-6000,True,"{""max_depth"": 4, ""tfm"": ""tabpfn-v2.5""}",32d90e6c,r5,0.8470234688036635,0.6643512601752386,7.10914518300001,21.85759245400004,7.065671974999987,21.858490124000017,,0.5952875295075025,0.914329423763386,0.5531914893617021,0.8470234688036635,0.4516028337037539,0.8876404494382022,0.4318766066838046,0.6643512601752386,,,,,,,
rdblearn,rel-f1,driver-position,REGRESSION,0,6,mae,rtx-pro-6000,False,"{""max_depth"": 2, ""tfm"": ""tabpfn-v2""}",61d99e44,default,3.689538149206178,3.8464918214396415,9.563589414000006,3.735401531999998,3.0753487860000064,2.929273481000024,,,,,,,,,,0.0509603575141478,3.689538149206178,4.516400704999028,0.2107606708917446,3.8464918214396415,4.628861806213031,
rdblearn,rel-f1,driver-position,REGRESSION,0,6,mae,rtx-pro-6000,False,"{""max_depth"": 2, ""tfm"": ""tabpfn-v2.5""}",31690f4a,r1,3.6372508837369257,,1.265958112000007,2.677711689000006,,,,,,,,,,,,0.0723559953453948,3.6372508837369257,4.4652004585721095,,,,
rdblearn,rel-f1,driver-position,REGRESSION,0,6,mae,rtx-pro-6000,False,"{""max_depth"": 3, ""tfm"": ""tabpfn-v2""}",5281e948,r2,3.675218756229144,,4.02409787500001,3.9526538209999984,,,,,,,,,,,,0.0503911992220421,3.675218756229144,4.517754790492366,,,,
rdblearn,rel-f1,driver-position,REGRESSION,0,6,mae,rtx-pro-6000,True,"{""max_depth"": 3, ""tfm"": ""tabpfn-v2.5""}",20d4cc69,r3,3.586315342196641,3.8886493233630537,1.5741658830000065,3.6643111589999937,1.8313116610000009,3.7570073830000017,,,,,,,,,,0.0922056193185966,3.586315342196641,4.417169194076144,0.1886820910203246,3.8886493233630537,4.693160288101866,
rdblearn,rel-f1,driver-position,REGRESSION,0,6,mae,rtx-pro-6000,False,"{""max_depth"": 4, ""tfm"": ""tabpfn-v2""}",134708b4,r4,3.7630105080410257,,13.660188085999993,7.87521369000001,,,,,,,,,,,,-0.0156139601070295,3.7630105080410257,4.672126796438717,,,,
rdblearn,rel-f1,driver-position,REGRESSION,0,6,mae,rtx-pro-6000,False,"{""max_depth"": 4, ""tfm"": ""tabpfn-v2.5""}",32d90e6c,r5,3.690623561174932,,6.020464898,8.899495369000007,,,,,,,,,,,,0.0286375761720922,3.690623561174932,4.569208112893542,,,,
rdblearn,rel-f1,driver-dnf,BINARY_CLASSIFICATION,0,6,roc_auc,rtx-pro-6000,False,"{""max_depth"": 2, ""tfm"": ""tabpfn-v2""}",61d99e44,default,0.6173424036281179,0.7172302737520129,12.257256438,6.091040501999999,2.552605286999978,4.368732254999998,,0.857563749312077,0.7756183745583038,0.8718466195761857,0.6173424036281179,0.8321809901990634,0.6937321937321937,0.8186440677966101,0.7172302737520129,,,,,,,
rdblearn,rel-f1,driver-dnf,BINARY_CLASSIFICATION,0,6,roc_auc,rtx-pro-6000,False,"{""max_depth"": 2, ""tfm"": ""tabpfn-v2.5""}",31690f4a,r1,0.6115646258503401,,1.024793336000002,3.6940701860000047,,,,0.8417898643268212,0.7756183745583038,0.8718466195761857,0.6115646258503401,,,,,,,,,,,
rdblearn,rel-f1,driver-dnf,BINARY_CLASSIFICATION,0,6,roc_auc,rtx-pro-6000,False,"{""max_depth"": 3, ""tfm"": ""tabpfn-v2""}",5281e948,r2,0.6285079365079366,,3.2604974580000032,5.882354445999994,,,,0.8587975499591677,0.7756183745583038,0.8718466195761857,0.6285079365079366,,,,,,,,,,,
rdblearn,rel-f1,driver-dnf,BINARY_CLASSIFICATION,0,6,roc_auc,rtx-pro-6000,True,"{""max_depth"": 3, ""tfm"": ""tabpfn-v2.5""}",20d4cc69,r3,0.6328253968253968,0.7145513102034842,0.9220149909999976,5.027715373999996,1.6989532240000074,5.092501964000007,,0.8580287509768478,0.773851590106007,0.8707070707070707,0.6328253968253968,0.8363950334254535,0.6851851851851852,0.810671256454389,0.7145513102034842,,,,,,,
rdblearn,rel-f1,driver-dnf,BINARY_CLASSIFICATION,0,6,roc_auc,rtx-pro-6000,False,"{""max_depth"": 4, ""tfm"": ""tabpfn-v2""}",134708b4,r4,0.6193469387755102,,22.926636726,21.352672987000005,,,,0.8373644736330539,0.7756183745583038,0.8718466195761857,0.6193469387755102,,,,,,,,,,,
rdblearn,rel-f1,driver-dnf,BINARY_CLASSIFICATION,0,6,roc_auc,rtx-pro-6000,False,"{""max_depth"": 4, ""tfm"": ""tabpfn-v2.5""}",32d90e6c,r5,0.6177687074829932,,5.238569386000023,17.333173571999993,,,,0.8442119099880661,0.7438162544169611,0.8497409326424871,0.6177687074829932,,,,,,,,,,,
rdblearn,rel-f1,driver-top3,BINARY_CLASSIFICATION,0,6,roc_auc,rtx-pro-6000,False,"{""max_depth"": 2, ""tfm"": ""tabpfn-v2""}",61d99e44,default,0.6986615541739084,0.7921783549331104,7.890871766000004,2.074145505000004,1.4660427139999967,0.5697614350000038,,0.3459587036176333,0.7414965986394558,0.3504273504273504,0.6986615541739084,0.3649463755336167,0.790633608815427,0.5,0.7921783549331104,,,,,,,
rdblearn,rel-f1,driver-top3,BINARY_CLASSIFICATION,0,6,roc_auc,rtx-pro-6000,True,"{""max_depth"": 2, ""tfm"": ""tabpfn-v2.5""}",31690f4a,r1,0.7043324792603608,0.7800807378762542,0.367854163000004,0.4450894100000084,0.2616138279999944,0.4697971650000028,,0.3468698746885532,0.7585034013605442,0.1839080459770115,0.7043324792603608,0.3455468459990881,0.7837465564738292,0.3794466403162055,0.7800807378762542,,,,,,,
rdblearn,rel-f1,driver-top3,BINARY_CLASSIFICATION,0,6,roc_auc,rtx-pro-6000,False,"{""max_depth"": 3, ""tfm"": ""tabpfn-v2""}",5281e948,r2,0.7042608088011324,,1.1689585300000118,0.7207627829999979,,,,0.3558681489303423,0.7704081632653061,0.3557692307692308,0.7042608088011324,,,,,,,,,,,
rdblearn,rel-f1,driver-top3,BINARY_CLASSIFICATION,0,6,roc_auc,rtx-pro-6000,False,"{""max_depth"": 3, ""tfm"": ""tabpfn-v2.5""}",20d4cc69,r3,0.7029528229202128,,0.3781397909999953,0.5889933300000081,,,,0.3512784049943694,0.7585034013605442,0.1839080459770115,0.7029528229202128,,,,,,,,,,,
rdblearn,rel-f1,driver-top3,BINARY_CLASSIFICATION,0,6,roc_auc,rtx-pro-6000,False,"{""max_depth"": 4, ""tfm"": ""tabpfn-v2""}",134708b4,r4,0.6819533783662718,,2.3452651669999938,2.4796164600000026,,,,0.3345277465990937,0.7312925170068028,0.2254901960784313,0.6819533783662718,,,,,,,,,,,
rdblearn,rel-f1,driver-top3,BINARY_CLASSIFICATION,0,6,roc_auc,rtx-pro-6000,False,"{""max_depth"": 4, ""tfm"": ""tabpfn-v2.5""}",32d90e6c,r5,0.6933041873465805,,1.388790886999999,2.5512257639999945,,,,0.3336571618273319,0.7585034013605442,0.1839080459770115,0.6933041873465805,,,,,,,,,,,
rdblearn,rel-hm,user-churn,BINARY_CLASSIFICATION,0,6,roc_auc,rtx-pro-6000,False,"{""max_depth"": 2, ""tfm"": ""tabpfn-v2""}",61d99e44,default,0.6941137518934404,0.6914418915804571,14.579917810999987,27.792060042999992,2.907772909000073,26.056467870999995,,0.8902259020686222,0.8197920476513925,0.8984258809323968,0.6941137518934404,0.8987810027367895,0.8305866577271204,0.905326907365628,0.6914418915804571,,,,,,,
rdblearn,rel-hm,user-churn,BINARY_CLASSIFICATION,0,6,roc_auc,rtx-pro-6000,False,"{""max_depth"": 2, ""tfm"": ""tabpfn-v2.5""}",31690f4a,r1,0.6980247171708753,,2.739588760000004,25.57464166199999,,,,0.8917922548388696,0.8203929149903338,0.8987336180238551,0.6980247171708753,,,,,,,,,,,
rdblearn,rel-hm,user-churn,BINARY_CLASSIFICATION,0,6,roc_auc,rtx-pro-6000,False,"{""max_depth"": 3, ""tfm"": ""tabpfn-v2""}",5281e948,r2,0.6984693110225078,,5.888484804000001,65.01604913099999,,,,0.8931473918646146,0.8195830503161085,0.8987606182982871,0.6984693110225078,,,,,,,,,,,
rdblearn,rel-hm,user-churn,BINARY_CLASSIFICATION,0,6,roc_auc,rtx-pro-6000,False,"{""max_depth"": 3, ""tfm"": ""tabpfn-v2.5""}",20d4cc69,r3,0.6980133619255405,,4.620168253999992,57.30822894200003,,,,0.8927000373276485,0.819922670985945,0.8979353128863423,0.6980133619255405,,,,,,,,,,,
rdblearn,rel-hm,user-churn,BINARY_CLASSIFICATION,0,6,roc_auc,rtx-pro-6000,False,"{""max_depth"": 4, ""tfm"": ""tabpfn-v2""}",134708b4,r4,0.6993472191745977,,9.180945817999998,100.13248614100002,,,,0.8933898026222262,0.8201969799885052,0.8989371072875683,0.6993472191745977,,,,,,,,,,,
rdblearn,rel-hm,user-churn,BINARY_CLASSIFICATION,0,6,roc_auc,rtx-pro-6000,True,"{""max_depth"": 4, ""tfm"": ""tabpfn-v2.5""}",32d90e6c,r5,0.7007281077281522,0.6983516686879048,7.700693962999992,81.63036352900002,12.840249723999989,82.00926258299995,,0.8952294338194295,0.8204582266576101,0.8984040195064282,0.7007281077281522,0.9033790269616342,0.8296480053637277,0.9043720370231018,0.6983516686879048,,,,,,,
rdblearn,rel-hm,item-sales,REGRESSION,0,6,mae,rtx-pro-6000,False,"{""max_depth"": 2, ""tfm"": ""tabpfn-v2""}",61d99e44,default,0.0732707148729976,0.0668984367859618,26.845350331999995,105.074425236,17.716065923999963,104.76580425099996,,,,,,,,,,0.0690005282555729,0.0732707148729976,0.6390330948856919,0.0579125410251765,0.0668984367859618,0.5655829893178828,
rdblearn,rel-hm,item-sales,REGRESSION,0,6,mae,rtx-pro-6000,True,"{""max_depth"": 2, ""tfm"": ""tabpfn-v2.5""}",31690f4a,r1,0.0729477158289406,0.0671315013800245,9.683330735999988,96.71224750700004,12.678961399999936,98.00423478899997,,,,,,,,,,0.0859622804328276,0.0729477158289406,0.6331851082074973,0.0700421478830558,0.0671315013800245,0.5619301837535234,
rdblearn,rel-hm,item-sales,REGRESSION,0,6,mae,rtx-pro-6000,False,"{""max_depth"": 3, ""tfm"": ""tabpfn-v2""}",5281e948,r2,0.0732707148729976,,17.508309276000034,104.35409266800002,,,,,,,,,,,,0.0690005282555729,0.0732707148729976,0.6390330948856919,,,,
rdblearn,rel-hm,item-sales,REGRESSION,0,6,mae,rtx-pro-6000,False,"{""max_depth"": 3, ""tfm"": ""tabpfn-v2.5""}",20d4cc69,r3,0.0729477158289406,,9.838469082000016,99.71902985100002,,,,,,,,,,,,0.0859622804328276,0.0729477158289406,0.6331851082074973,,,,
rdblearn,rel-hm,item-sales,REGRESSION,0,6,mae,rtx-pro-6000,False,"{""max_depth"": 4, ""tfm"": ""tabpfn-v2""}",134708b4,r4,0.0732707148729976,,16.855359091000082,106.08705175500006,,,,,,,,,,,,0.0690005282555729,0.0732707148729976,0.6390330948856919,,,,
rdblearn,rel-hm,item-sales,REGRESSION,0,6,mae,rtx-pro-6000,False,"{""max_depth"": 4, ""tfm"": ""tabpfn-v2.5""}",32d90e6c,r5,0.0729477158289406,,9.28684806299998,98.731059845,,,,,,,,,,,,0.0859622804328276,0.0729477158289406,0.6331851082074973,,,,
rdblearn,rel-stack,user-engagement,BINARY_CLASSIFICATION,0,6,roc_auc,rtx-pro-6000,True,"{""max_depth"": 2, ""tfm"": ""tabpfn-v2""}",61d99e44,default,0.8972030568037405,0.8586698771242587,15.885795385999998,56.909772158,5.529474380000011,57.45149255000001,,0.3920917553217334,0.9751471016603552,0.3237067597588067,0.8972030568037405,0.3569829319622832,0.97398368449119,0.3447684391080617,0.8586698771242587,,,,,,,
rdblearn,rel-stack,user-engagement,BINARY_CLASSIFICATION,0,6,roc_auc,rtx-pro-6000,False,"{""max_depth"": 2, ""tfm"": ""tabpfn-v2.5""}",31690f4a,r1,0.8954718813398977,,2.512429892,51.766303514000015,,,,0.3937289174458496,0.9753917856102534,0.3294192319898445,0.8954718813398977,,,,,,,,,,,
rdblearn,rel-stack,user-engagement,BINARY_CLASSIFICATION,0,6,roc_auc,rtx-pro-6000,False,"{""max_depth"": 3, ""tfm"": ""tabpfn-v2""}",5281e948,r2,0.8945751846901884,,17.73060012900001,201.35905270300003,,,,0.3885289296418578,0.9748791144771336,0.2973589827192696,0.8945751846901884,,,,,,,,,,,
rdblearn,rel-stack,user-engagement,BINARY_CLASSIFICATION,0,6,roc_auc,rtx-pro-6000,False,"{""max_depth"": 3, ""tfm"": ""tabpfn-v2.5""}",20d4cc69,r3,0.8944471641755766,,12.955503503999978,163.95170236899992,,,,0.3924690169489732,0.9751471016603552,0.3103782735208535,0.8944471641755766,,,,,,,,,,,
rdblearn,rel-stack,user-engagement,BINARY_CLASSIFICATION,0,6,roc_auc,rtx-pro-6000,False,"{""max_depth"": 4, ""tfm"": ""tabpfn-v2""}",134708b4,r4,0.8940355349613316,,37.480824393000034,338.39132989099994,,,,0.3859892728545842,0.9750771919603844,0.3194400254533885,0.8940355349613316,,,,,,,,,,,
rdblearn,rel-stack,user-engagement,BINARY_CLASSIFICATION,0,6,roc_auc,rtx-pro-6000,False,"{""max_depth"": 4, ""tfm"": ""tabpfn-v2.5""}",32d90e6c,r5,0.89488463216422,,30.92706108599998,256.03770193100013,,,,0.3921550985291574,0.9751471016603552,0.294973544973545,0.89488463216422,,,,,,,,,,,
rdblearn,rel-stack,post-votes,REGRESSION,0,6,mae,rtx-pro-6000,True,"{""max_depth"": 2, ""tfm"": ""tabpfn-v2""}",61d99e44,default,0.0615287795702378,0.0677191124311966,46.760445139,363.089996939,40.473465289999695,355.0866874080002,,,,,,,,,,0.0131226558938514,0.0615287795702378,0.3636290273516026,0.0050256713013441,0.0677191124311966,0.3681502511815673,
rdblearn,rel-stack,post-votes,REGRESSION,0,6,mae,rtx-pro-6000,False,"{""max_depth"": 2, ""tfm"": ""tabpfn-v2.5""}",31690f4a,r1,0.061587411659972,,33.80974686600007,415.441751558,,,,,,,,,,,,0.0046726903029418,0.061587411659972,0.3651824643273954,,,,
rdblearn,rel-stack,post-votes,REGRESSION,0,6,mae,rtx-pro-6000,False,"{""max_depth"": 3, ""tfm"": ""tabpfn-v2""}",5281e948,r2,0.0615287795702378,,38.69844114199998,371.385048081,,,,,,,,,,,,0.0131226558938514,0.0615287795702378,0.3636290273516026,,,,
rdblearn,rel-stack,post-votes,REGRESSION,0,6,mae,rtx-pro-6000,False,"{""max_depth"": 3, ""tfm"": ""tabpfn-v2.5""}",20d4cc69,r3,0.061587411659972,,33.77027597899996,421.6655985,,,,,,,,,,,,0.0046726903029418,0.061587411659972,0.3651824643273954,,,,
rdblearn,rel-stack,post-votes,REGRESSION,0,6,mae,rtx-pro-6000,False,"{""max_depth"": 4, ""tfm"": ""tabpfn-v2""}",134708b4,r4,0.0615287795702378,,37.55624923799997,368.78324336700007,,,,,,,,,,,,0.0131226558938514,0.0615287795702378,0.3636290273516026,,,,
rdblearn,rel-stack,post-votes,REGRESSION,0,6,mae,rtx-pro-6000,False,"{""max_depth"": 4, ""tfm"": ""tabpfn-v2.5""}",32d90e6c,r5,0.061587411659972,,33.922491937999894,415.8639887879999,,,,,,,,,,,,0.0046726903029418,0.061587411659972,0.3651824643273954,,,,
rdblearn,rel-stack,user-badge,BINARY_CLASSIFICATION,0,6,roc_auc,rtx-pro-6000,False,"{""max_depth"": 2, ""tfm"": ""tabpfn-v2""}",61d99e44,default,0.8644237916404325,0.8177376957079827,15.385678963000004,162.91057441500004,6.243124179000006,170.38082604200008,,0.3200269661925822,0.9722228959005328,0.1549434333497294,0.8644237916404325,0.265461261851918,0.9739739974937344,0.2438580527752502,0.8177376957079827,,,,,,,
rdblearn,rel-stack,user-badge,BINARY_CLASSIFICATION,0,6,roc_auc,rtx-pro-6000,False,"{""max_depth"": 2, ""tfm"": ""tabpfn-v2.5""}",31690f4a,r1,0.8617769202109514,,5.105224824000004,143.14448983300002,,,,0.3196387957127801,0.972198643481354,0.1966600490482307,0.8617769202109514,,,,,,,,,,,
rdblearn,rel-stack,user-badge,BINARY_CLASSIFICATION,0,6,roc_auc,rtx-pro-6000,False,"{""max_depth"": 3, ""tfm"": ""tabpfn-v2""}",5281e948,r2,0.8647081639914542,,40.21189836000002,572.031345107,,,,0.3218556987996067,0.9722754428087536,0.1768658507319414,0.8647081639914542,,,,,,,,,,,
rdblearn,rel-stack,user-badge,BINARY_CLASSIFICATION,0,6,roc_auc,rtx-pro-6000,False,"{""max_depth"": 3, ""tfm"": ""tabpfn-v2.5""}",20d4cc69,r3,0.8656138479145258,,31.88303427099981,462.2383387769999,,,,0.3199819317626978,0.97214205450327,0.1678338565563873,0.8656138479145258,,,,,,,,,,,
rdblearn,rel-stack,user-badge,BINARY_CLASSIFICATION,0,6,roc_auc,rtx-pro-6000,True,"{""max_depth"": 4, ""tfm"": ""tabpfn-v2""}",134708b4,r4,0.8666131022011029,0.7711471621012824,83.60289658200008,968.513189069,85.44233579999991,1005.4432456530004,,0.3193985780832341,0.9722875690183428,0.1922487925550712,0.8666131022011029,0.2629571383422463,0.9705278822055138,0.3088505325009181,0.7711471621012824,,,,,,,
rdblearn,rel-stack,user-badge,BINARY_CLASSIFICATION,0,6,roc_auc,rtx-pro-6000,False,"{""max_depth"": 4, ""tfm"": ""tabpfn-v2.5""}",32d90e6c,r5,0.8638063227375568,,72.67446239999981,774.8468155969999,,,,0.3186274763925433,0.9720895075950492,0.1514443761524277,0.8638063227375568,,,,,,,,,,,
rdblearn,rel-trial,study-outcome,BINARY_CLASSIFICATION,0,6,roc_auc,rtx-pro-6000,False,"{""max_depth"": 2, ""tfm"": ""tabpfn-v2""}",61d99e44,default,0.6646920331130857,0.715414744590946,7.728083089000009,4.020136410999996,1.232633017000012,2.662266166000009,,0.733753122196485,0.6447916666666667,0.737490377213241,0.6646920331130857,0.7721981369571764,0.6606060606060606,0.7513321492007105,0.715414744590946,,,,,,,
rdblearn,rel-trial,study-outcome,BINARY_CLASSIFICATION,0,6,roc_auc,rtx-pro-6000,False,"{""max_depth"": 2, ""tfm"": ""tabpfn-v2.5""}",31690f4a,r1,0.6646607606359929,,1.3158860820000058,2.8127790829999952,,,,0.7328052501965486,0.640625,0.7331786542923434,0.6646607606359929,,,,,,,,,,,
rdblearn,rel-trial,study-outcome,BINARY_CLASSIFICATION,0,6,roc_auc,rtx-pro-6000,False,"{""max_depth"": 3, ""tfm"": ""tabpfn-v2""}",5281e948,r2,0.6647523443189078,,1.655087309999999,2.781429028000005,,,,0.7344959138779822,0.6385416666666667,0.7363636363636363,0.6647523443189078,,,,,,,,,,,
rdblearn,rel-trial,study-outcome,BINARY_CLASSIFICATION,0,6,roc_auc,rtx-pro-6000,False,"{""max_depth"": 3, ""tfm"": ""tabpfn-v2.5""}",20d4cc69,r3,0.6668833402579533,,1.121558291999989,2.854121889999988,,,,0.7352368207454747,0.6375,0.7334360554699538,0.6668833402579533,,,,,,,,,,,
rdblearn,rel-trial,study-outcome,BINARY_CLASSIFICATION,0,6,roc_auc,rtx-pro-6000,False,"{""max_depth"": 4, ""tfm"": ""tabpfn-v2""}",134708b4,r4,0.6684715353446004,,3.462198338000007,5.159622730999999,,,,0.7290638312806026,0.64375,0.7485294117647059,0.6684715353446004,,,,,,,,,,,
rdblearn,rel-trial,study-outcome,BINARY_CLASSIFICATION,0,6,roc_auc,rtx-pro-6000,True,"{""max_depth"": 4, ""tfm"": ""tabpfn-v2.5""}",32d90e6c,r5,0.6711520333811356,0.7212051868802442,1.942782975,4.646118969,2.032438119999995,4.649368568,,0.7373898344002742,0.6416666666666667,0.7337461300309598,0.6711520333811356,0.7776235588986868,0.6727272727272727,0.7549909255898367,0.7212051868802442,,,,,,,
rdblearn,rel-trial,study-adverse,REGRESSION,0,6,mae,rtx-pro-6000,False,"{""max_depth"": 2, ""tfm"": ""tabpfn-v2""}",61d99e44,default,46.30194950287745,45.01611341827527,12.90354083599999,4.630262689000006,2.739470267999991,3.323367208000008,,,,,,,,,,0.0555221479157143,46.30194950287745,380.1028619835835,0.1579503433222867,45.01611341827527,229.12023585834905,
rdblearn,rel-trial,study-adverse,REGRESSION,0,6,mae,rtx-pro-6000,False,"{""max_depth"": 2, ""tfm"": ""tabpfn-v2.5""}",31690f4a,r1,45.81078882430068,,1.6139934589999996,3.837308519000004,,,,,,,,,,,,0.0606496136411017,45.81078882430068,379.0696896464656,,,,
rdblearn,rel-trial,study-adverse,REGRESSION,0,6,mae,rtx-pro-6000,False,"{""max_depth"": 3, ""tfm"": ""tabpfn-v2""}",5281e948,r2,46.388562172120885,,3.157968744000016,3.6197784389999854,,,,,,,,,,,,0.0556089047871422,46.388562172120885,380.08540403453287,,,,
rdblearn,rel-trial,study-adverse,REGRESSION,0,6,mae,rtx-pro-6000,False,"{""max_depth"": 3, ""tfm"": ""tabpfn-v2.5""}",20d4cc69,r3,45.81439512660592,,2.07608163499998,3.881526990999987,,,,,,,,,,,,0.0612053962705546,45.81439512660592,378.957531540027,,,,
rdblearn,rel-trial,study-adverse,REGRESSION,0,6,mae,rtx-pro-6000,False,"{""max_depth"": 4, ""tfm"": ""tabpfn-v2""}",134708b4,r4,46.37465023054629,,7.023028019999998,5.595653485000014,,,,,,,,,,,,0.0555821536961673,46.37465023054629,380.090787200083,,,,
rdblearn,rel-trial,study-adverse,REGRESSION,0,6,mae,rtx-pro-6000,True,"{""max_depth"": 4, ""tfm"": ""tabpfn-v2.5""}",32d90e6c,r5,45.5799720149997,44.02670468902726,3.910307152999991,6.517363122000006,4.009220995999982,6.167224734000001,,,,,,,,,,0.0610199656368195,45.5799720149997,378.9949555225189,0.1740219880930837,44.02670468902726,226.9231686723469,
rdblearn,rel-trial,site-success,REGRESSION,0,6,mae,rtx-pro-6000,True,"{""max_depth"": 2, ""tfm"": ""tabpfn-v2""}",61d99e44,default,0.4346051743078831,0.4858332659895385,25.90318473299999,52.20521247800002,15.68943535699998,54.787206587000014,,,,,,,,,,-0.7635067627094729,0.4346051743078831,0.6343637166717688,-0.9666821419737835,0.4858332659895385,0.6748559438892494,
rdblearn,rel-trial,site-success,REGRESSION,0,6,mae,rtx-pro-6000,False,"{""max_depth"": 2, ""tfm"": ""tabpfn-v2.5""}",31690f4a,r1,0.4623516699654511,,16.584064925999996,48.71780524799999,,,,,,,,,,,,-0.8943893313267848,0.4623516699654511,0.6574827906487217,,,,
rdblearn,rel-trial,site-success,REGRESSION,0,6,mae,rtx-pro-6000,False,"{""max_depth"": 3, ""tfm"": ""tabpfn-v2""}",5281e948,r2,0.4346051743078831,,15.209368207000011,51.00403447299999,,,,,,,,,,,,-0.7635067627094729,0.4346051743078831,0.6343637166717688,,,,
rdblearn,rel-trial,site-success,REGRESSION,0,6,mae,rtx-pro-6000,False,"{""max_depth"": 3, ""tfm"": ""tabpfn-v2.5""}",20d4cc69,r3,0.4623516699654511,,16.620151781999994,48.63129020299999,,,,,,,,,,,,-0.8943893313267848,0.4623516699654511,0.6574827906487217,,,,
rdblearn,rel-trial,site-success,REGRESSION,0,6,mae,rtx-pro-6000,False,"{""max_depth"": 4, ""tfm"": ""tabpfn-v2""}",134708b4,r4,0.4346051743078831,,14.946608629999956,51.64558434100002,,,,,,,,,,,,-0.7635067627094729,0.4346051743078831,0.6343637166717688,,,,
rdblearn,rel-trial,site-success,REGRESSION,0,6,mae,rtx-pro-6000,False,"{""max_depth"": 4, ""tfm"": ""tabpfn-v2.5""}",32d90e6c,r5,0.4623516699654511,,16.788113074000023,48.32131306299999,,,,,,,,,,,,-0.8943893313267848,0.4623516699654511,0.6574827906487217,,,,
graphsage,rel-avito,ad-ctr,REGRESSION,0,4,mae,rtx-pro-6000,False,"{""aggr"": ""sum"", ""channels"": 128, ""lr"": 0.005, ""num_layers"": 2, ""num_neighbors"": 128}",9d82b67c,default,0.0434690386140531,0.0405049850871339,194.316174419,0.8131539810000277,6.483288326999968,1.306713883000043,,,,,,,,,,-0.1104828167683376,0.0434690386140531,0.1045376038439466,0.0352120475351415,0.0405049850871339,0.1078033888231733,
graphsage,rel-avito,ad-ctr,REGRESSION,0,4,mae,rtx-pro-6000,False,"{""aggr"": ""mean"", ""channels"": 256, ""lr"": 0.0018735112039, ""num_layers"": 3, ""num_neighbors"": 64}",2afeada9,r1,0.0399407780900301,,14.721499035999956,0.9987016140000264,,,,,,,,,,,,-0.1012601428534616,0.0399407780900301,0.1041026010035331,,,,
graphsage,rel-avito,ad-ctr,REGRESSION,0,4,mae,rtx-pro-6000,True,"{""aggr"": ""sum"", ""channels"": 64, ""lr"": 0.0030037592231, ""num_layers"": 3, ""num_neighbors"": 128}",a3fb7076,r2,0.0347967845701194,0.0389656696429977,16.34419662600004,1.4613978770000244,223.31251945800005,1.3476030629999514,,,,,,,,,,0.0744807212578038,0.0347967845701194,0.0954353684659875,0.0715341164291275,0.0389656696429977,0.1057546451829701,
graphsage,rel-avito,ad-ctr,REGRESSION,0,4,mae,rtx-pro-6000,False,"{""aggr"": ""mean"", ""channels"": 256, ""lr"": 0.00648886485, ""num_layers"": 2, ""num_neighbors"": 256}",a84fbc8f,r3,0.0422073741721198,,12.391730080000002,0.707259104000002,,,,,,,,,,,,-0.0238119445325692,0.0422073741721198,0.1003752675314634,,,,
graphsage,rel-avito,ad-ctr,REGRESSION,0,4,mae,rtx-pro-6000,False,"{""aggr"": ""sum"", ""channels"": 64, ""lr"": 0.0030197929882, ""num_layers"": 3, ""num_neighbors"": 64}",93f9135d,r4,0.0374180712448702,,9.932224680000049,0.8926953870000034,,,,,,,,,,,,-0.0127897435910488,0.0374180712448702,0.0998334931230596,,,,
graphsage,rel-avito,user-visits,BINARY_CLASSIFICATION,0,4,roc_auc,rtx-pro-6000,False,"{""aggr"": ""sum"", ""channels"": 128, ""lr"": 0.005, ""num_layers"": 2, ""num_neighbors"": 128}",9d82b67c,default,0.6979095071174124,0.6557471134171722,247.120279684,2.0462244789999886,68.77368027199986,2.49300323999978,,0.9535259968418516,0.9034991160479002,0.949303425917813,0.6979095071174124,0.916284709303918,0.8505909380276232,0.9192641340113672,0.6557471134171722,,,,,,,
graphsage,rel-avito,user-visits,BINARY_CLASSIFICATION,0,4,roc_auc,rtx-pro-6000,False,"{""aggr"": ""mean"", ""channels"": 256, ""lr"": 0.0018735112039, ""num_layers"": 3, ""num_neighbors"": 64}",2afeada9,r1,0.6639649134879086,,104.91549375800004,3.3892758110000045,,,,0.9466715285920762,0.9034991160479002,0.949303425917813,0.6639649134879086,,,,,,,,,,,
graphsage,rel-avito,user-visits,BINARY_CLASSIFICATION,0,4,roc_auc,rtx-pro-6000,True,"{""aggr"": ""sum"", ""channels"": 64, ""lr"": 0.0030037592231, ""num_layers"": 3, ""num_neighbors"": 128}",a3fb7076,r2,0.7034786575126188,0.6657582844665231,100.915034337,3.185907855999972,312.37675099499995,4.054487645000108,,0.9546084311112674,0.9034991160479002,0.949303425917813,0.7034786575126188,0.9182082451702837,0.8505909380276232,0.9192641340113672,0.6657582844665231,,,,,,,
graphsage,rel-avito,user-visits,BINARY_CLASSIFICATION,0,4,roc_auc,rtx-pro-6000,False,"{""aggr"": ""mean"", ""channels"": 256, ""lr"": 0.00648886485, ""num_layers"": 2, ""num_neighbors"": 256}",a84fbc8f,r3,0.6426143416040966,,74.23626386500007,2.3850943799999413,,,,0.9384353286301542,0.9034991160479002,0.949303425917813,0.6426143416040966,,,,,,,,,,,
graphsage,rel-avito,user-visits,BINARY_CLASSIFICATION,0,4,roc_auc,rtx-pro-6000,False,"{""aggr"": ""sum"", ""channels"": 64, ""lr"": 0.0030197929882, ""num_layers"": 3, ""num_neighbors"": 64}",93f9135d,r4,0.7015283015405425,,83.05690719799998,2.3625021200000447,,,,0.9550013627886385,0.9034991160479002,0.949303425917813,0.7015283015405425,,,,,,,,,,,
graphsage,rel-avito,user-clicks,BINARY_CLASSIFICATION,0,4,roc_auc,rtx-pro-6000,False,"{""aggr"": ""sum"", ""channels"": 128, ""lr"": 0.005, ""num_layers"": 2, ""num_neighbors"": 128}",9d82b67c,default,0.6447246575171529,0.6566490627244818,234.424656132,1.8142775520000216,52.84545378500002,2.782561084999997,,0.070975438293848,0.9648302884388424,0.0,0.6447246575171529,0.0425675270504561,0.984582048504042,0.0,0.6566490627244818,,,,,,,
graphsage,rel-avito,user-clicks,BINARY_CLASSIFICATION,0,4,roc_auc,rtx-pro-6000,False,"{""aggr"": ""mean"", ""channels"": 256, ""lr"": 0.0018735112039, ""num_layers"": 3, ""num_neighbors"": 64}",2afeada9,r1,0.645886265286862,,82.41799918499999,3.176002365999977,,,,0.0593938843403015,0.9648302884388424,0.0,0.645886265286862,,,,,,,,,,,
graphsage,rel-avito,user-clicks,BINARY_CLASSIFICATION,0,4,roc_auc,rtx-pro-6000,True,"{""aggr"": ""sum"", ""channels"": 64, ""lr"": 0.0030037592231, ""num_layers"": 3, ""num_neighbors"": 128}",a3fb7076,r2,0.6528167691318514,0.6086740165127036,75.95062821300002,2.8373441879999746,284.689627925,4.416690291999998,,0.0744830031294283,0.9648302884388424,0.0,0.6528167691318514,0.0375988703454678,0.984582048504042,0.0,0.6086740165127036,,,,,,,
graphsage,rel-avito,user-clicks,BINARY_CLASSIFICATION,0,4,roc_auc,rtx-pro-6000,False,"{""aggr"": ""mean"", ""channels"": 256, ""lr"": 0.00648886485, ""num_layers"": 2, ""num_neighbors"": 256}",a84fbc8f,r3,0.6249572286391122,,55.18374853599994,2.3512192109999432,,,,0.0524479635455921,0.9648302884388424,0.0,0.6249572286391122,,,,,,,,,,,
graphsage,rel-avito,user-clicks,BINARY_CLASSIFICATION,0,4,roc_auc,rtx-pro-6000,False,"{""aggr"": ""sum"", ""channels"": 64, ""lr"": 0.0030197929882, ""num_layers"": 3, ""num_neighbors"": 64}",93f9135d,r4,0.648179072933626,,64.93446415899996,1.93364855599998,,,,0.0709285097466307,0.9648302884388424,0.0,0.648179072933626,,,,,,,,,,,
graphsage,rel-f1,driver-position,REGRESSION,0,4,mae,rtx-pro-6000,False,"{""aggr"": ""sum"", ""channels"": 128, ""lr"": 0.005, ""num_layers"": 2, ""num_neighbors"": 128}",9d82b67c,default,3.634357407926,3.79379823308242,34.30725229699999,0.0357336260000096,4.925088017000007,0.050248689,,,,,,,,,,0.0461946849315748,3.634357407926,4.527726224495177,0.2107465199714164,3.79379823308242,4.628903303360096,
graphsage,rel-f1,driver-position,REGRESSION,0,4,mae,rtx-pro-6000,True,"{""aggr"": ""mean"", ""channels"": 256, ""lr"": 0.0018735112039, ""num_layers"": 3, ""num_neighbors"": 64}",2afeada9,r1,3.53513874265458,4.011111710113392,59.470938541,0.3307918609999944,64.752852652,0.4312085750000278,,,,,,,,,,0.122157414137372,3.53513874265458,4.34368789335242,0.1213864133259534,4.011111710113392,4.883923056231346,
graphsage,rel-f1,driver-position,REGRESSION,0,4,mae,rtx-pro-6000,False,"{""aggr"": ""sum"", ""channels"": 64, ""lr"": 0.0030037592231, ""num_layers"": 3, ""num_neighbors"": 128}",a3fb7076,r2,3.7162028690457904,,61.72564611999999,0.2717349689999935,,,,,,,,,,,,-0.0016476590492884,3.7162028690457904,4.639891016626382,,,,
graphsage,rel-f1,driver-position,REGRESSION,0,4,mae,rtx-pro-6000,False,"{""aggr"": ""mean"", ""channels"": 256, ""lr"": 0.00648886485, ""num_layers"": 2, ""num_neighbors"": 256}",a84fbc8f,r3,3.6367192011637615,,5.780305009999978,0.0386691180000013,,,,,,,,,,,,0.088288077501874,3.6367192011637615,4.426689971276477,,,,
graphsage,rel-f1,driver-position,REGRESSION,0,4,mae,rtx-pro-6000,False,"{""aggr"": ""sum"", ""channels"": 64, ""lr"": 0.0030197929882, ""num_layers"": 3, ""num_neighbors"": 64}",93f9135d,r4,3.688337243487219,,36.42238638200001,0.2257444309999527,,,,,,,,,,,,0.0382841939982996,3.688337243487219,4.54646305733352,,,,
graphsage,rel-f1,driver-dnf,BINARY_CLASSIFICATION,0,4,roc_auc,rtx-pro-6000,False,"{""aggr"": ""sum"", ""channels"": 128, ""lr"": 0.005, ""num_layers"": 2, ""num_neighbors"": 128}",9d82b67c,default,0.654875283446712,0.7023910603620749,36.28336673,0.0494154649999956,7.746085430999983,0.0549019090000229,,0.8771441747684656,0.666077738515901,0.7686658506731946,0.654875283446712,0.8422383365800168,0.7008547008547008,0.8170731707317073,0.7023910603620749,,,,,,,
graphsage,rel-f1,driver-dnf,BINARY_CLASSIFICATION,0,4,roc_auc,rtx-pro-6000,False,"{""aggr"": ""mean"", ""channels"": 256, ""lr"": 0.0018735112039, ""num_layers"": 3, ""num_neighbors"": 64}",2afeada9,r1,0.6360907029478458,,96.305081301,0.4519716600000265,,,,0.8703144013476767,0.7791519434628975,0.8758689175769613,0.6360907029478458,,,,,,,,,,,
graphsage,rel-f1,driver-dnf,BINARY_CLASSIFICATION,0,4,roc_auc,rtx-pro-6000,False,"{""aggr"": ""sum"", ""channels"": 64, ""lr"": 0.0030037592231, ""num_layers"": 3, ""num_neighbors"": 128}",a3fb7076,r2,0.6405351473922902,,101.40462341499996,0.3403500269999995,,,,0.8790296102541418,0.734982332155477,0.8427672955974843,0.6405351473922902,,,,,,,,,,,
graphsage,rel-f1,driver-dnf,BINARY_CLASSIFICATION,0,4,roc_auc,rtx-pro-6000,True,"{""aggr"": ""mean"", ""channels"": 256, ""lr"": 0.00648886485, ""num_layers"": 2, ""num_neighbors"": 256}",a84fbc8f,r3,0.6855782312925169,0.7172351534670375,9.107227919999955,0.0568807059999585,12.48930851099999,0.0648990290000028,,0.8793125755311655,0.7791519434628975,0.8758689175769613,0.6855782312925169,0.8532055999452117,0.688034188034188,0.8083989501312336,0.7172351534670375,,,,,,,
graphsage,rel-f1,driver-dnf,BINARY_CLASSIFICATION,0,4,roc_auc,rtx-pro-6000,False,"{""aggr"": ""sum"", ""channels"": 64, ""lr"": 0.0030197929882, ""num_layers"": 3, ""num_neighbors"": 64}",93f9135d,r4,0.6306303854875284,,59.54909694500003,0.3021717719999515,,,,0.868515617572666,0.7791519434628975,0.8758689175769613,0.6306303854875284,,,,,,,,,,,
graphsage,rel-f1,driver-top3,BINARY_CLASSIFICATION,0,4,roc_auc,rtx-pro-6000,False,"{""aggr"": ""sum"", ""channels"": 128, ""lr"": 0.005, ""num_layers"": 2, ""num_neighbors"": 128}",9d82b67c,default,0.6739173281252799,0.7449636810200669,29.922385292,0.0488144449999907,1.6355760779999855,0.0536900509999895,,0.3320254557279362,0.7278911564625851,0.4285714285714285,0.6739173281252799,0.299589295074381,0.8044077134986226,0.3771929824561403,0.7449636810200669,,,,,,,
graphsage,rel-f1,driver-top3,BINARY_CLASSIFICATION,0,4,roc_auc,rtx-pro-6000,True,"{""aggr"": ""mean"", ""channels"": 256, ""lr"": 0.0018735112039, ""num_layers"": 3, ""num_neighbors"": 64}",2afeada9,r1,0.7006235329952877,0.7259746028428093,20.350807349000007,0.4584083040000024,25.895948218,0.5149152329999822,,0.366272124610075,0.7976190476190477,0.0,0.7006235329952877,0.2729171366832908,0.8236914600550964,0.0,0.7259746028428093,,,,,,,
graphsage,rel-f1,driver-top3,BINARY_CLASSIFICATION,0,4,roc_auc,rtx-pro-6000,False,"{""aggr"": ""sum"", ""channels"": 64, ""lr"": 0.0030037592231, ""num_layers"": 3, ""num_neighbors"": 128}",a3fb7076,r2,0.6761570299761697,,19.242511622999984,0.3680744460000085,,,,0.3123938811769419,0.6989795918367347,0.300395256916996,0.6761570299761697,,,,,,,,,,,
graphsage,rel-f1,driver-top3,BINARY_CLASSIFICATION,0,4,roc_auc,rtx-pro-6000,False,"{""aggr"": ""mean"", ""channels"": 256, ""lr"": 0.00648886485, ""num_layers"": 2, ""num_neighbors"": 256}",a84fbc8f,r3,0.6931966816577377,,1.9924794359999964,0.0564663499999937,,,,0.3633649282069159,0.7976190476190477,0.0,0.6931966816577377,,,,,,,,,,,
graphsage,rel-f1,driver-top3,BINARY_CLASSIFICATION,0,4,roc_auc,rtx-pro-6000,False,"{""aggr"": ""sum"", ""channels"": 64, ""lr"": 0.0030197929882, ""num_layers"": 3, ""num_neighbors"": 64}",93f9135d,r4,0.6806543512927559,,12.508879963999988,0.2957356680000202,,,,0.3521192744846996,0.7023809523809523,0.4299674267100977,0.6806543512927559,,,,,,,,,,,
graphsage,rel-hm,user-churn,BINARY_CLASSIFICATION,0,4,roc_auc,rtx-pro-6000,False,"{""aggr"": ""sum"", ""channels"": 128, ""lr"": 0.005, ""num_layers"": 2, ""num_neighbors"": 128}",9d82b67c,default,0.7044134281551266,0.6954490975936632,357.47748843700003,2.303336665000017,242.560762612,2.0220477589991788,,0.8999163703418339,0.817558388630545,0.8974665795520449,0.7044134281551266,0.9049787300666984,0.8295675494468656,0.9056155411326136,0.6954490975936632,,,,,,,
graphsage,rel-hm,user-churn,BINARY_CLASSIFICATION,0,4,roc_auc,rtx-pro-6000,False,"{""aggr"": ""mean"", ""channels"": 256, ""lr"": 0.0018735112039, ""num_layers"": 3, ""num_neighbors"": 64}",2afeada9,r1,0.6985405863252782,,1063.872608327,10.912843487999908,,,,0.8993312009182907,0.8151679816082344,0.8953603596941416,0.6985405863252782,,,,,,,,,,,
graphsage,rel-hm,user-churn,BINARY_CLASSIFICATION,0,4,roc_auc,rtx-pro-6000,False,"{""aggr"": ""sum"", ""channels"": 64, ""lr"": 0.0030037592231, ""num_layers"": 3, ""num_neighbors"": 128}",a3fb7076,r2,0.7061055604396979,,1307.004608502,16.28446506099999,,,,0.9018692690579124,0.8164742149537594,0.8979873373605948,0.7061055604396979,,,,,,,,,,,
graphsage,rel-hm,user-churn,BINARY_CLASSIFICATION,0,4,roc_auc,rtx-pro-6000,False,"{""aggr"": ""mean"", ""channels"": 256, ""lr"": 0.00648886485, ""num_layers"": 2, ""num_neighbors"": 256}",a84fbc8f,r3,0.6969125692366768,,275.9078055179998,2.07628839500012,,,,0.8980295779736254,0.8125293902502743,0.8931904442956017,0.6969125692366768,,,,,,,,,,,
graphsage,rel-hm,user-churn,BINARY_CLASSIFICATION,0,4,roc_auc,rtx-pro-6000,True,"{""aggr"": ""sum"", ""channels"": 64, ""lr"": 0.0030197929882, ""num_layers"": 3, ""num_neighbors"": 64}",93f9135d,r4,0.7063617251753084,0.6985251634702123,817.526863095,8.262918425999942,862.3593586820002,8.535340032000022,,0.9012594602937684,0.8165134019541251,0.8961243520250833,0.7063617251753084,0.9073548790961674,0.8266443178008716,0.904351814859206,0.6985251634702123,,,,,,,
graphsage,rel-hm,item-sales,REGRESSION,0,4,mae,rtx-pro-6000,False,"{""aggr"": ""sum"", ""channels"": 128, ""lr"": 0.005, ""num_layers"": 2, ""num_neighbors"": 128}",9d82b67c,default,0.0647665561172581,0.0556938048237033,391.47677698,3.045826250999994,253.73579502099983,2.9506660529996225,,,,,,,,,,0.1848090005490587,0.0647665561172581,0.5979685198979815,0.2164438513641549,0.0556938048237033,0.5158052868069247,
graphsage,rel-hm,item-sales,REGRESSION,0,4,mae,rtx-pro-6000,False,"{""aggr"": ""mean"", ""channels"": 256, ""lr"": 0.0018735112039, ""num_layers"": 3, ""num_neighbors"": 64}",2afeada9,r1,0.0669405980613163,,731.2365056180001,10.5230872919999,,,,,,,,,,,,0.1863823715911805,0.0669405980613163,0.5973911823437157,,,,
graphsage,rel-hm,item-sales,REGRESSION,0,4,mae,rtx-pro-6000,True,"{""aggr"": ""sum"", ""channels"": 64, ""lr"": 0.0030037592231, ""num_layers"": 3, ""num_neighbors"": 128}",a3fb7076,r2,0.0640493768333044,0.055153198837592,1037.095593294,17.474419752999893,959.330797559,17.764105072000348,,,,,,,,,,0.1884009764844347,0.0640493768333044,0.596649651177386,0.2159671286097599,0.055153198837592,0.5159621732837238,
graphsage,rel-hm,item-sales,REGRESSION,0,4,mae,rtx-pro-6000,False,"{""aggr"": ""mean"", ""channels"": 256, ""lr"": 0.00648886485, ""num_layers"": 2, ""num_neighbors"": 256}",a84fbc8f,r3,0.0653406136871385,,335.0259690390003,3.983576181999979,,,,,,,,,,,,0.1841497837430064,0.0653406136871385,0.5982102492829583,,,,
graphsage,rel-hm,item-sales,REGRESSION,0,4,mae,rtx-pro-6000,False,"{""aggr"": ""sum"", ""channels"": 64, ""lr"": 0.0030197929882, ""num_layers"": 3, ""num_neighbors"": 64}",93f9135d,r4,0.0658060909128948,,539.3928078520003,8.353959543000201,,,,,,,,,,,,0.1773324037480701,0.0658060909128948,0.6007044218228825,,,,
graphsage,rel-trial,study-outcome,BINARY_CLASSIFICATION,0,4,roc_auc,rtx-pro-6000,False,"{""aggr"": ""sum"", ""channels"": 128, ""lr"": 0.005, ""num_layers"": 2, ""num_neighbors"": 128}",9d82b67c,default,0.6359838991417939,0.6601709587979612,150.068596526,0.1757949069999824,12.000072380000006,0.1701653200000237,,0.7008774447206833,0.6177083333333333,0.7126076742364917,0.6359838991417939,0.7142475136764681,0.6496969696969697,0.7041965199590583,0.6601709587979612,,,,,,,
graphsage,rel-trial,study-outcome,BINARY_CLASSIFICATION,0,4,roc_auc,rtx-pro-6000,True,"{""aggr"": ""mean"", ""channels"": 256, ""lr"": 0.0018735112039, ""num_layers"": 3, ""num_neighbors"": 64}",2afeada9,r1,0.6516469426686144,0.6862324894361508,15.836596549000006,0.2069257550000145,139.08659960900002,0.2148260870000058,,0.7111094204435906,0.5989583333333334,0.7428189712758851,0.6516469426686144,0.7414690997027885,0.6351515151515151,0.6759956942949408,0.6862324894361508,,,,,,,
graphsage,rel-trial,study-outcome,BINARY_CLASSIFICATION,0,4,roc_auc,rtx-pro-6000,False,"{""aggr"": ""sum"", ""channels"": 64, ""lr"": 0.0030037592231, ""num_layers"": 3, ""num_neighbors"": 128}",a3fb7076,r2,0.6410902479013935,,17.757270045999974,0.2108299829999964,,,,0.712160777662614,0.603125,0.7249097472924187,0.6410902479013935,,,,,,,,,,,
graphsage,rel-trial,study-outcome,BINARY_CLASSIFICATION,0,4,roc_auc,rtx-pro-6000,False,"{""aggr"": ""mean"", ""channels"": 256, ""lr"": 0.00648886485, ""num_layers"": 2, ""num_neighbors"": 256}",a84fbc8f,r3,0.6307926679443707,,11.12174623499999,0.1811360429999808,,,,0.6814253919086168,0.615625,0.7449896337249482,0.6307926679443707,,,,,,,,,,,
graphsage,rel-trial,study-outcome,BINARY_CLASSIFICATION,0,4,roc_auc,rtx-pro-6000,False,"{""aggr"": ""sum"", ""channels"": 64, ""lr"": 0.0030197929882, ""num_layers"": 3, ""num_neighbors"": 64}",93f9135d,r4,0.6456381595700482,,14.812638128999993,0.1949569120000092,,,,0.7193916343764313,0.6260416666666667,0.7179890023566379,0.6456381595700482,,,,,,,,,,,
graphsage,rel-trial,study-adverse,REGRESSION,0,4,mae,rtx-pro-6000,True,"{""aggr"": ""sum"", ""channels"": 128, ""lr"": 0.005, ""num_layers"": 2, ""num_neighbors"": 128}",9d82b67c,default,46.676327126972936,44.31526051537934,177.073840942,0.2865434610000079,161.33451562700003,0.258449421000023,,,,,,,,,,0.0667466520842507,46.676327126972936,377.8374737165512,0.1854761688723956,44.31526051537934,225.3442567040549,
graphsage,rel-trial,study-adverse,REGRESSION,0,4,mae,rtx-pro-6000,False,"{""aggr"": ""mean"", ""channels"": 256, ""lr"": 0.0018735112039, ""num_layers"": 3, ""num_neighbors"": 64}",2afeada9,r1,49.09586446064921,,55.90628518099999,0.3954568990000098,,,,,,,,,,,,0.0360710186267204,49.09586446064921,383.9969452301788,,,,
graphsage,rel-trial,study-adverse,REGRESSION,0,4,mae,rtx-pro-6000,False,"{""aggr"": ""sum"", ""channels"": 64, ""lr"": 0.0030037592231, ""num_layers"": 3, ""num_neighbors"": 128}",a3fb7076,r2,47.61594852741323,,61.147365476,0.4159973829999899,,,,,,,,,,,,0.0424769076791584,47.61594852741323,382.7188727298461,,,,
graphsage,rel-trial,study-adverse,REGRESSION,0,4,mae,rtx-pro-6000,False,"{""aggr"": ""mean"", ""channels"": 256, ""lr"": 0.00648886485, ""num_layers"": 2, ""num_neighbors"": 256}",a84fbc8f,r3,48.71172577917195,,38.89048574399999,0.2838087520000272,,,,,,,,,,,,0.0554174361498088,48.71172577917195,380.1239318999996,,,,
graphsage,rel-trial,study-adverse,REGRESSION,0,4,mae,rtx-pro-6000,False,"{""aggr"": ""sum"", ""channels"": 64, ""lr"": 0.0030197929882, ""num_layers"": 3, ""num_neighbors"": 64}",93f9135d,r4,48.53508065519098,,49.87546720100005,0.364356846000021,,,,,,,,,,,,0.0428876935047919,48.53508065519098,382.636769042371,,,,
graphsage,rel-trial,site-success,REGRESSION,0,4,mae,rtx-pro-6000,False,"{""aggr"": ""sum"", ""channels"": 128, ""lr"": 0.005, ""num_layers"": 2, ""num_neighbors"": 128}",9d82b67c,default,0.3945221270844096,0.3615398835557256,206.795797544,0.6956506550000086,70.14287057399997,0.7778786750000108,,,,,,,,,,-0.4891455551976928,0.3945221270844096,0.5829326019433391,-0.389609729871071,0.3615398835557256,0.567270779536835,
graphsage,rel-trial,site-success,REGRESSION,0,4,mae,rtx-pro-6000,False,"{""aggr"": ""mean"", ""channels"": 256, ""lr"": 0.0018735112039, ""num_layers"": 3, ""num_neighbors"": 64}",2afeada9,r1,0.4068065116327542,,228.939403418,1.9823019680000016,,,,,,,,,,,,-0.398364111803781,0.4068065116327542,0.5648848209883841,,,,
graphsage,rel-trial,site-success,REGRESSION,0,4,mae,rtx-pro-6000,True,"{""aggr"": ""sum"", ""channels"": 64, ""lr"": 0.0030037592231, ""num_layers"": 3, ""num_neighbors"": 128}",a3fb7076,r2,0.3498077051783549,0.3248505261525043,258.196555502,2.0976361110000425,392.32239202000005,2.510984237999992,,,,,,,,,,-0.3206800862675094,0.3498077051783549,0.5489699659511956,-0.2227946369058735,0.3248505261525043,0.5321336867651398,
graphsage,rel-trial,site-success,REGRESSION,0,4,mae,rtx-pro-6000,False,"{""aggr"": ""mean"", ""channels"": 256, ""lr"": 0.00648886485, ""num_layers"": 2, ""num_neighbors"": 256}",a84fbc8f,r3,0.4231444371473903,,75.57484569999997,0.7305847669999821,,,,,,,,,,,,-0.6280243271764545,0.4231444371473903,0.6095091298266087,,,,
graphsage,rel-trial,site-success,REGRESSION,0,4,mae,rtx-pro-6000,False,"{""aggr"": ""sum"", ""channels"": 64, ""lr"": 0.0030197929882, ""num_layers"": 3, ""num_neighbors"": 64}",93f9135d,r4,0.38559365545929,,207.7178763109999,1.6164487070000175,,,,,,,,,,,,-0.4305598922098719,0.38559365545929,0.5713507379137202,,,,
graphsage,rel-amazon,user-churn,BINARY_CLASSIFICATION,0,4,roc_auc,rtx-pro-6000,False,"{""aggr"": ""sum"", ""channels"": 128, ""lr"": 0.005, ""num_layers"": 2, ""num_neighbors"": 128}",9d82b67c,default,0.7049784070174318,0.7033345861405078,798.2968689930001,6.089525533000028,237.6430445670003,5.650500854000711,,0.7851000338886607,0.7020317624550991,0.7887431162661139,0.7049784070174318,0.7577062452172743,0.685934325134632,0.7799308220310126,0.7033345861405078,,,,,,,
graphsage,rel-amazon,user-churn,BINARY_CLASSIFICATION,0,4,roc_auc,rtx-pro-6000,False,"{""aggr"": ""mean"", ""channels"": 256, ""lr"": 0.0018735112039, ""num_layers"": 3, ""num_neighbors"": 64}",2afeada9,r1,0.6992467681766911,,732.6884295380002,22.727154419000044,,,,0.778046047479605,0.6981224621271279,0.7841407385563549,0.6992467681766911,,,,,,,,,,,
graphsage,rel-amazon,user-churn,BINARY_CLASSIFICATION,0,4,roc_auc,rtx-pro-6000,True,"{""aggr"": ""sum"", ""channels"": 64, ""lr"": 0.0030037592231, ""num_layers"": 3, ""num_neighbors"": 128}",a3fb7076,r2,0.7068830339833364,0.7045960495012655,855.1555774660001,30.51669376600012,1076.9336995209997,28.232614196999748,,0.7862477570784829,0.7038424371388412,0.7906534672593635,0.7068830339833364,0.75849589191915,0.6830328090143086,0.7830368154248966,0.7045960495012655,,,,,,,
graphsage,rel-amazon,user-churn,BINARY_CLASSIFICATION,0,4,roc_auc,rtx-pro-6000,False,"{""aggr"": ""mean"", ""channels"": 256, ""lr"": 0.00648886485, ""num_layers"": 2, ""num_neighbors"": 256}",a84fbc8f,r3,0.6944921516612402,,298.2645815390001,6.384320567000032,,,,0.7745968527811429,0.7006847376229892,0.7940099185323394,0.6944921516612402,,,,,,,,,,,
graphsage,rel-amazon,user-churn,BINARY_CLASSIFICATION,0,4,roc_auc,rtx-pro-6000,False,"{""aggr"": ""sum"", ""channels"": 64, ""lr"": 0.0030197929882, ""num_layers"": 3, ""num_neighbors"": 64}",93f9135d,r4,0.7063912939612719,,570.4422986079999,16.942423602999952,,,,0.7860206291315321,0.7050747696392317,0.7938083474368073,0.7063912939612719,,,,,,,,,,,
graphsage,rel-amazon,user-ltv,REGRESSION,0,4,mae,rtx-pro-6000,False,"{""aggr"": ""sum"", ""channels"": 128, ""lr"": 0.005, ""num_layers"": 2, ""num_neighbors"": 128}",9d82b67c,default,12.152390892928324,14.311907279425274,796.9108053790001,5.9465100379999285,241.7621872099999,5.541644013999758,,,,,,,,,,0.1976754540029534,12.152390892928324,43.82212387027274,0.1709316878870561,14.311907279425274,50.481808622966,
graphsage,rel-amazon,user-ltv,REGRESSION,0,4,mae,rtx-pro-6000,False,"{""aggr"": ""mean"", ""channels"": 256, ""lr"": 0.0018735112039, ""num_layers"": 3, ""num_neighbors"": 64}",2afeada9,r1,14.140715240902702,,727.9578295399999,22.86099285399996,,,,,,,,,,,,-0.0835422154812151,14.140715240902702,50.92620345868564,,,,
graphsage,rel-amazon,user-ltv,REGRESSION,0,4,mae,rtx-pro-6000,True,"{""aggr"": ""sum"", ""channels"": 64, ""lr"": 0.0030037592231, ""num_layers"": 3, ""num_neighbors"": 128}",a3fb7076,r2,12.14667521452238,14.415320871545187,910.716152458,30.74745608400008,1090.1677868899997,29.002083243000016,,,,,,,,,,0.1984210231012578,12.14667521452238,43.80175803740923,0.1561064406529462,14.415320871545187,50.93116192401124,
graphsage,rel-amazon,user-ltv,REGRESSION,0,4,mae,rtx-pro-6000,False,"{""aggr"": ""mean"", ""channels"": 256, ""lr"": 0.00648886485, ""num_layers"": 2, ""num_neighbors"": 256}",a84fbc8f,r3,14.140861048178758,,301.49703979900005,6.559606411000004,,,,,,,,,,,,-0.0835361504716112,14.140861048178758,50.926060931546,,,,
graphsage,rel-amazon,user-ltv,REGRESSION,0,4,mae,rtx-pro-6000,False,"{""aggr"": ""sum"", ""channels"": 64, ""lr"": 0.0030197929882, ""num_layers"": 3, ""num_neighbors"": 64}",93f9135d,r4,12.302442802731978,,776.836300721,17.830753363999975,,,,,,,,,,,,0.1768561529306165,12.302442802731978,44.38704676021514,,,,
graphsage,rel-amazon,item-churn,BINARY_CLASSIFICATION,0,4,roc_auc,rtx-pro-6000,False,"{""aggr"": ""sum"", ""channels"": 128, ""lr"": 0.005, ""num_layers"": 2, ""num_neighbors"": 128}",9d82b67c,default,0.8241966982199621,0.828090832361085,781.201400964,3.617756069000052,245.3865109190001,3.3955468770000152,,0.7327224756150144,0.7450545616217098,0.6777724825197209,0.8241966982199621,0.7042662094317516,0.7491758669879287,0.6885567992379138,0.828090832361085,,,,,,,
graphsage,rel-amazon,item-churn,BINARY_CLASSIFICATION,0,4,roc_auc,rtx-pro-6000,False,"{""aggr"": ""mean"", ""channels"": 256, ""lr"": 0.0018735112039, ""num_layers"": 3, ""num_neighbors"": 64}",2afeada9,r1,0.8107057768071159,,859.0624776340001,16.964554719000034,,,,0.7204454086340936,0.7333712272566113,0.6433878045659488,0.8107057768071159,,,,,,,,,,,
graphsage,rel-amazon,item-churn,BINARY_CLASSIFICATION,0,4,roc_auc,rtx-pro-6000,True,"{""aggr"": ""sum"", ""channels"": 64, ""lr"": 0.0030037592231, ""num_layers"": 3, ""num_neighbors"": 128}",a3fb7076,r2,0.8248933871311835,0.830527448291549,999.231611597,23.59560564699996,1319.881529748,22.043444880000607,,0.7333975532836373,0.7444523859102139,0.6751234170422837,0.8248933871311835,0.7096908270639597,0.7576509511993383,0.6656080980499182,0.830527448291549,,,,,,,
graphsage,rel-amazon,item-churn,BINARY_CLASSIFICATION,0,4,roc_auc,rtx-pro-6000,False,"{""aggr"": ""mean"", ""channels"": 256, ""lr"": 0.00648886485, ""num_layers"": 2, ""num_neighbors"": 256}",a84fbc8f,r3,0.8138294910505015,,288.6634793200001,4.088027114999932,,,,0.7189075653927202,0.7208831160060555,0.5961237785016287,0.8138294910505015,,,,,,,,,,,
graphsage,rel-amazon,item-churn,BINARY_CLASSIFICATION,0,4,roc_auc,rtx-pro-6000,False,"{""aggr"": ""sum"", ""channels"": 64, ""lr"": 0.0030197929882, ""num_layers"": 3, ""num_neighbors"": 64}",93f9135d,r4,0.822518452300373,,665.8149958099998,12.78260209300015,,,,0.7328807279363211,0.7419198712356984,0.662764189378006,0.822518452300373,,,,,,,,,,,
graphsage,rel-amazon,item-ltv,REGRESSION,0,4,mae,rtx-pro-6000,False,"{""aggr"": ""sum"", ""channels"": 128, ""lr"": 0.005, ""num_layers"": 2, ""num_neighbors"": 128}",9d82b67c,default,44.97685039941656,50.03981695724859,750.1751985760001,3.388511175000076,231.4690065979994,3.496307751999666,,,,,,,,,,0.0662823938344697,44.97685039941656,436.7791077861471,0.0318315956698455,50.03981695724859,653.948866432372,
graphsage,rel-amazon,item-ltv,REGRESSION,0,4,mae,rtx-pro-6000,False,"{""aggr"": ""mean"", ""channels"": 256, ""lr"": 0.0018735112039, ""num_layers"": 3, ""num_neighbors"": 64}",2afeada9,r1,49.735314337326976,,758.454649646,15.071329054999978,,,,,,,,,,,,0.0534478355403278,49.735314337326976,439.7707693336063,,,,
graphsage,rel-amazon,item-ltv,REGRESSION,0,4,mae,rtx-pro-6000,True,"{""aggr"": ""sum"", ""channels"": 64, ""lr"": 0.0030037592231, ""num_layers"": 3, ""num_neighbors"": 128}",a3fb7076,r2,44.48010257398283,49.24533704065887,882.7697869249998,21.27032499500001,1214.270894499,21.37316322499919,,,,,,,,,,0.0679065126658401,44.48010257398283,436.3990732262447,0.0340149396312652,49.24533704065887,653.2110809517966,
graphsage,rel-amazon,item-ltv,REGRESSION,0,4,mae,rtx-pro-6000,False,"{""aggr"": ""mean"", ""channels"": 256, ""lr"": 0.00648886485, ""num_layers"": 2, ""num_neighbors"": 256}",a84fbc8f,r3,46.93563855919343,,267.1891095629999,3.885060069000247,,,,,,,,,,,,0.061488777228746,46.93563855919343,437.8988634630431,,,,
graphsage,rel-amazon,item-ltv,REGRESSION,0,4,mae,rtx-pro-6000,False,"{""aggr"": ""sum"", ""channels"": 64, ""lr"": 0.0030197929882, ""num_layers"": 3, ""num_neighbors"": 64}",93f9135d,r4,46.14135175663012,,578.9767558579997,11.211320141000217,,,,,,,,,,,,0.0621361665566981,46.14135175663012,437.7478050903389,,,,
graphsage,rel-stack,user-engagement,BINARY_CLASSIFICATION,0,4,roc_auc,rtx-pro-6000,False,"{""aggr"": ""sum"", ""channels"": 128, ""lr"": 0.005, ""num_layers"": 2, ""num_neighbors"": 128}",9d82b67c,default,0.9029389284075322,0.9075874987116892,738.3821122319999,2.5279527900000858,569.0619261409993,2.6152321839999786,,0.4024877988389324,0.975356830760268,0.3081452404317958,0.9029389284075322,0.4004960831186317,0.9757196183214768,0.26812585499316,0.9075874987116892,,,,,,,
graphsage,rel-stack,user-engagement,BINARY_CLASSIFICATION,0,4,roc_auc,rtx-pro-6000,False,"{""aggr"": ""mean"", ""channels"": 256, ""lr"": 0.0018735112039, ""num_layers"": 3, ""num_neighbors"": 64}",2afeada9,r1,0.9000806223571245,,838.0746552359999,3.711264573000108,,,,0.3969592176408866,0.9749373725604428,0.3164918970448045,0.9000806223571245,,,,,,,,,,,
graphsage,rel-stack,user-engagement,BINARY_CLASSIFICATION,0,4,roc_auc,rtx-pro-6000,False,"{""aggr"": ""sum"", ""channels"": 64, ""lr"": 0.0030037592231, ""num_layers"": 3, ""num_neighbors"": 128}",a3fb7076,r2,0.902841442588042,,804.1983556329999,3.334643186999984,,,,0.4026163325790336,0.9752519662103116,0.3261421319796954,0.902841442588042,,,,,,,,,,,
graphsage,rel-stack,user-engagement,BINARY_CLASSIFICATION,0,4,roc_auc,rtx-pro-6000,False,"{""aggr"": ""mean"", ""channels"": 256, ""lr"": 0.00648886485, ""num_layers"": 2, ""num_neighbors"": 256}",a84fbc8f,r3,0.8993087475152849,,662.9061096810001,2.809559810999872,,,,0.3864371980484016,0.9749373725604428,0.2740465744178197,0.8993087475152849,,,,,,,,,,,
graphsage,rel-stack,user-engagement,BINARY_CLASSIFICATION,0,4,roc_auc,rtx-pro-6000,True,"{""aggr"": ""sum"", ""channels"": 64, ""lr"": 0.0030197929882, ""num_layers"": 3, ""num_neighbors"": 64}",93f9135d,r4,0.904163539831178,0.9056093303084332,765.207095061,3.193808771000022,844.9818351079998,3.368810836000194,,0.404274280380645,0.9753684823769296,0.3250319284802043,0.904163539831178,0.4015163596642498,0.9757763481852116,0.2765164351067434,0.9056093303084332,,,,,,,
graphsage,rel-stack,post-votes,REGRESSION,0,4,mae,rtx-pro-6000,False,"{""aggr"": ""sum"", ""channels"": 128, ""lr"": 0.005, ""num_layers"": 2, ""num_neighbors"": 128}",9d82b67c,default,0.0590837262570858,0.0651055499911308,818.6520354270001,5.058756435999953,617.9248632919998,5.958437720000802,,,,,,,,,,0.1250837445259094,0.0590837262570858,0.3423814177513122,0.1165097951889038,0.0651055499911308,0.3469125628471374,
graphsage,rel-stack,post-votes,REGRESSION,0,4,mae,rtx-pro-6000,False,"{""aggr"": ""mean"", ""channels"": 256, ""lr"": 0.0018735112039, ""num_layers"": 3, ""num_neighbors"": 64}",2afeada9,r1,0.0616902224719524,,1820.963042741,15.231747383999846,,,,,,,,,,,,-0.0284039974212646,0.0616902224719524,0.3712007403373718,,,,
graphsage,rel-stack,post-votes,REGRESSION,0,4,mae,rtx-pro-6000,True,"{""aggr"": ""sum"", ""channels"": 64, ""lr"": 0.0030037592231, ""num_layers"": 3, ""num_neighbors"": 128}",a3fb7076,r2,0.058981966227293,0.0648982599377632,1605.2745541139998,15.924868400999912,1556.7191161809997,15.326154940999912,,,,,,,,,,0.1250975728034973,0.058981966227293,0.342378705739975,0.1241483092308044,0.0648982599377632,0.345409631729126,
graphsage,rel-stack,post-votes,REGRESSION,0,4,mae,rtx-pro-6000,False,"{""aggr"": ""mean"", ""channels"": 256, ""lr"": 0.00648886485, ""num_layers"": 2, ""num_neighbors"": 256}",a84fbc8f,r3,0.0616902224719524,,755.966718525,6.265212293000332,,,,,,,,,,,,-0.0284039974212646,0.0616902224719524,0.3712007403373718,,,,
graphsage,rel-stack,post-votes,REGRESSION,0,4,mae,rtx-pro-6000,False,"{""aggr"": ""sum"", ""channels"": 64, ""lr"": 0.0030197929882, ""num_layers"": 3, ""num_neighbors"": 64}",93f9135d,r4,0.0590683035552501,,1222.797983632,10.668163654000637,,,,,,,,,,,,0.1149277687072753,0.0590683035552501,0.3443628549575805,,,,
graphsage,rel-stack,user-badge,BINARY_CLASSIFICATION,0,4,roc_auc,rtx-pro-6000,False,"{""aggr"": ""sum"", ""channels"": 128, ""lr"": 0.005, ""num_layers"": 2, ""num_neighbors"": 128}",9d82b67c,default,0.8987144153467532,0.8876423387278883,721.076907351,6.350000014999978,521.1466194599998,6.376041274000272,,0.3522515693095974,0.9724209573238264,0.245827346081574,0.8987144153467532,0.324421552898784,0.9752584586466164,0.2133964143426295,0.8876423387278883,,,,,,,
graphsage,rel-stack,user-badge,BINARY_CLASSIFICATION,0,4,roc_auc,rtx-pro-6000,False,"{""aggr"": ""mean"", ""channels"": 256, ""lr"": 0.0018735112039, ""num_layers"": 3, ""num_neighbors"": 64}",2afeada9,r1,0.8960352232245685,,819.581631866,8.58814455699985,,,,0.3425318786165811,0.9722228959005328,0.2222725215029425,0.8960352232245685,,,,,,,,,,,
graphsage,rel-stack,user-badge,BINARY_CLASSIFICATION,0,4,roc_auc,rtx-pro-6000,True,"{""aggr"": ""sum"", ""channels"": 64, ""lr"": 0.0030037592231, ""num_layers"": 3, ""num_neighbors"": 128}",a3fb7076,r2,0.9003389981523795,0.8887479384573582,733.9603482970001,8.284758520000196,784.2711141330005,7.789896470999338,,0.3579191702005913,0.9725664718388992,0.1991740412979351,0.9003389981523795,0.3208078854581794,0.97515664160401,0.1918471337579617,0.8887479384573582,,,,,,,
graphsage,rel-stack,user-badge,BINARY_CLASSIFICATION,0,4,roc_auc,rtx-pro-6000,False,"{""aggr"": ""mean"", ""channels"": 256, ""lr"": 0.00648886485, ""num_layers"": 2, ""num_neighbors"": 256}",a84fbc8f,r3,0.8936579273597326,,633.674244369,6.938267685000028,,,,0.3360418054173936,0.9723279897169744,0.1900141978230004,0.8936579273597326,,,,,,,,,,,
graphsage,rel-stack,user-badge,BINARY_CLASSIFICATION,0,4,roc_auc,rtx-pro-6000,False,"{""aggr"": ""sum"", ""channels"": 64, ""lr"": 0.0030197929882, ""num_layers"": 3, ""num_neighbors"": 64}",93f9135d,r4,0.900241382033265,,735.3156371780001,8.038623717000064,,,,0.3604764676422194,0.9727604911923298,0.2256693094335286,0.900241382033265,,,,,,,,,,,
graphsage,rel-event,user-attendance,REGRESSION,0,4,mae,rtx-pro-6000,False,"{""aggr"": ""sum"", ""channels"": 128, ""lr"": 0.005, ""num_layers"": 2, ""num_neighbors"": 128}",9d82b67c,default,0.2488406913564908,0.257230812818786,971.31197353,1.174451271999942,13.288168271999892,0.9659217809999064,,,,,,,,,,0.0187254637590418,0.2488406913564908,0.5183510947607757,0.0239661341538937,0.257230812818786,0.6346527587361082,
graphsage,rel-event,user-attendance,REGRESSION,0,4,mae,rtx-pro-6000,False,"{""aggr"": ""mean"", ""channels"": 256, ""lr"": 0.0018735112039, ""num_layers"": 3, ""num_neighbors"": 64}",2afeada9,r1,0.2414742939588307,,34.64296087599996,1.3882498539999233,,,,,,,,,,,,-0.0289478437669004,0.2414742939588307,0.5307933047934468,,,,
graphsage,rel-event,user-attendance,REGRESSION,0,4,mae,rtx-pro-6000,False,"{""aggr"": ""sum"", ""channels"": 64, ""lr"": 0.0030037592231, ""num_layers"": 3, ""num_neighbors"": 128}",a3fb7076,r2,0.239828771162609,,37.50143003099993,1.4701692809999258,,,,,,,,,,,,-0.0275433594695901,0.239828771162609,0.5304309222716325,,,,
graphsage,rel-event,user-attendance,REGRESSION,0,4,mae,rtx-pro-6000,False,"{""aggr"": ""mean"", ""channels"": 256, ""lr"": 0.00648886485, ""num_layers"": 2, ""num_neighbors"": 256}",a84fbc8f,r3,0.2387143561962283,,22.96718511799986,1.1713767589999406,,,,,,,,,,,,-0.0123858637682769,0.2387143561962283,0.5265041414708117,,,,
graphsage,rel-event,user-attendance,REGRESSION,0,4,mae,rtx-pro-6000,True,"{""aggr"": ""sum"", ""channels"": 64, ""lr"": 0.0030197929882, ""num_layers"": 3, ""num_neighbors"": 64}",93f9135d,r4,0.2378008853269419,0.2450180184514669,23.682591651999928,1.18328739399999,1019.459386698,1.125151957000071,,,,,,,,,,0.0354717042016762,0.2378008853269419,0.5139090218186553,0.0575280992155642,0.2450180184514669,0.6236457028146551,
graphsage,rel-event,user-repeat,BINARY_CLASSIFICATION,0,4,roc_auc,rtx-pro-6000,False,"{""aggr"": ""sum"", ""channels"": 128, ""lr"": 0.005, ""num_layers"": 2, ""num_neighbors"": 128}",9d82b67c,default,0.7323600973236011,0.7348262032085562,968.607975239,1.111513726000112,4.186226629999965,1.15003868399981,,0.6779648006084279,0.6501901140684411,0.7032258064516129,0.7323600973236011,0.6412830338996124,0.6544715447154471,0.6413502109704642,0.7348262032085562,,,,,,,
graphsage,rel-event,user-repeat,BINARY_CLASSIFICATION,0,4,roc_auc,rtx-pro-6000,False,"{""aggr"": ""mean"", ""channels"": 256, ""lr"": 0.0018735112039, ""num_layers"": 3, ""num_neighbors"": 64}",2afeada9,r1,0.6473757386166145,,12.916084418999844,1.1705310249999457,,,,0.5688555609453214,0.6121673003802282,0.5853658536585366,0.6473757386166145,,,,,,,,,,,
graphsage,rel-event,user-repeat,BINARY_CLASSIFICATION,0,4,roc_auc,rtx-pro-6000,True,"{""aggr"": ""sum"", ""channels"": 64, ""lr"": 0.0030037592231, ""num_layers"": 3, ""num_neighbors"": 128}",a3fb7076,r2,0.7390800602479435,0.7846256684491979,13.828507022000167,1.1434051369999452,1048.863031517,0.8558722889997625,,0.6816590861247613,0.6083650190114068,0.6925373134328359,0.7390800602479435,0.7096453566649041,0.6666666666666666,0.7132867132867133,0.7846256684491979,,,,,,,
graphsage,rel-event,user-repeat,BINARY_CLASSIFICATION,0,4,roc_auc,rtx-pro-6000,False,"{""aggr"": ""mean"", ""channels"": 256, ""lr"": 0.00648886485, ""num_layers"": 2, ""num_neighbors"": 256}",a84fbc8f,r3,0.6827714053991426,,7.308494654000015,1.067418287999999,,,,0.6495125087233544,0.6463878326996197,0.6782006920415224,0.6827714053991426,,,,,,,,,,,
graphsage,rel-event,user-repeat,BINARY_CLASSIFICATION,0,4,roc_auc,rtx-pro-6000,False,"{""aggr"": ""sum"", ""channels"": 64, ""lr"": 0.0030197929882, ""num_layers"": 3, ""num_neighbors"": 64}",93f9135d,r4,0.7309697601668406,,8.492004480000105,1.081762819000005,,,,0.6826876829588987,0.6920152091254753,0.6988847583643123,0.7309697601668406,,,,,,,,,,,
graphsage,rel-event,user-ignore,BINARY_CLASSIFICATION,0,4,roc_auc,rtx-pro-6000,False,"{""aggr"": ""sum"", ""channels"": 128, ""lr"": 0.005, ""num_layers"": 2, ""num_neighbors"": 128}",9d82b67c,default,0.8760358210871507,0.7645239657812626,916.30895475,1.1879254140000055,13.358881071999804,0.9775586089999706,,0.6158466215055285,0.9178990311065782,0.5636856368563685,0.8760358210871507,0.4658147146831673,0.8876404494382022,0.4329896907216495,0.7645239657812626,,,,,,,
graphsage,rel-event,user-ignore,BINARY_CLASSIFICATION,0,4,roc_auc,rtx-pro-6000,False,"{""aggr"": ""mean"", ""channels"": 256, ""lr"": 0.0018735112039, ""num_layers"": 3, ""num_neighbors"": 64}",2afeada9,r1,0.8462464358125278,,34.65867581700002,1.4082170670001233,,,,0.4698962912534836,0.8796532381438041,0.4935622317596566,0.8462464358125278,,,,,,,,,,,
graphsage,rel-event,user-ignore,BINARY_CLASSIFICATION,0,4,roc_auc,rtx-pro-6000,False,"{""aggr"": ""sum"", ""channels"": 64, ""lr"": 0.0030037592231, ""num_layers"": 3, ""num_neighbors"": 128}",a3fb7076,r2,0.8715314370696895,,36.59583948400018,1.4741917660001036,,,,0.6150408216418077,0.9036206017338092,0.5614849187935035,0.8715314370696895,,,,,,,,,,,
graphsage,rel-event,user-ignore,BINARY_CLASSIFICATION,0,4,roc_auc,rtx-pro-6000,False,"{""aggr"": ""mean"", ""channels"": 256, ""lr"": 0.00648886485, ""num_layers"": 2, ""num_neighbors"": 256}",a84fbc8f,r3,0.8483755864526105,,23.10195917200008,1.1811723790001452,,,,0.4550195670239221,0.8852626211116777,0.4578313253012048,0.8483755864526105,,,,,,,,,,,
graphsage,rel-event,user-ignore,BINARY_CLASSIFICATION,0,4,roc_auc,rtx-pro-6000,True,"{""aggr"": ""sum"", ""channels"": 64, ""lr"": 0.0030197929882, ""num_layers"": 3, ""num_neighbors"": 64}",93f9135d,r4,0.8773999753917263,0.7587279656430981,23.794644135,1.204593448999958,1006.125491358,1.1364940059997934,,0.6178141352770034,0.9107598164201938,0.56575682382134,0.8773999753917263,0.4757581708143794,0.8861082737487231,0.398921832884097,0.7587279656430981,,,,,,,
relgnn,rel-amazon,item-churn,BINARY_CLASSIFICATION,0,10,roc_auc,rtx-pro-6000,False,"{""aggr"": ""sum"", ""channels"": 128, ""lr"": 0.005, ""num_heads"": 8, ""num_model_layers"": 2, ""num_neighbors"": 128, ""simplified_MP"": false, ""subgraph_type"": ""directional""}",afe1474f,default,0.7720068115430443,0.7757135158676898,531.723874443,6.72801263100007,340.3794189729997,7.333211643999675,,0.6648760226290213,0.6946856586507887,0.5676556610164089,0.7720068115430443,0.6281188350975616,0.7132616487455197,0.5836669335468375,0.7757135158676898,,,,,,,
relgnn,rel-amazon,item-churn,BINARY_CLASSIFICATION,0,10,roc_auc,rtx-pro-6000,True,"{""aggr"": ""sum"", ""channels"": 128, ""lr"": 0.0011394964521, ""num_heads"": 4, ""num_model_layers"": 2, ""num_neighbors"": 64, ""subgraph_type"": ""bidirectional""}",70b52bd0,r1,0.8019920619235477,0.774158934118254,400.84018314000014,5.822347153999999,486.22124493000047,5.770255466999515,,0.7026888215673222,0.7304053711822341,0.6611924464247825,0.8019920619235477,0.626764965214051,0.7200644921542537,0.6039483056884095,0.774158934118254,,,,,,,
relgnn,rel-amazon,item-churn,BINARY_CLASSIFICATION,0,10,roc_auc,rtx-pro-6000,False,"{""aggr"": ""mean"", ""channels"": 128, ""lr"": 0.0018735112039, ""num_heads"": 4, ""num_model_layers"": 1, ""num_neighbors"": 256, ""subgraph_type"": ""bidirectional""}",79b72acf,r2,0.7678824250266647,,408.34695262699984,7.904360367999971,,,,0.6605582989411347,0.7001390069165789,0.6045745328247221,0.7678824250266647,,,,,,,,,,,
relgnn,rel-amazon,item-churn,BINARY_CLASSIFICATION,0,10,roc_auc,rtx-pro-6000,False,"{""aggr"": ""mean"", ""channels"": 256, ""lr"": 0.0030037592231, ""num_heads"": 4, ""num_model_layers"": 1, ""num_neighbors"": 64, ""subgraph_type"": ""directional""}",ce9904b8,r3,0.7718124546095311,,339.9369216979999,5.048888224999928,,,,0.6714843205127725,0.709317965659101,0.617946195439113,0.7718124546095311,,,,,,,,,,,
relgnn,rel-amazon,item-churn,BINARY_CLASSIFICATION,0,10,roc_auc,rtx-pro-6000,False,"{""aggr"": ""sum"", ""channels"": 64, ""lr"": 0.00648886485, ""num_heads"": 4, ""num_model_layers"": 2, ""num_neighbors"": 128, ""subgraph_type"": ""bidirectional""}",f0bb2bad,r4,0.7696146061758736,,430.1510488810002,6.372368598000321,,,,0.6594118161741209,0.7014165198746124,0.6039991938914888,0.7696146061758736,,,,,,,,,,,
relgnn,rel-amazon,item-churn,BINARY_CLASSIFICATION,0,10,roc_auc,rtx-pro-6000,False,"{""aggr"": ""mean"", ""channels"": 256, ""lr"": 0.0030197929882, ""num_heads"": 2, ""num_model_layers"": 4, ""num_neighbors"": 128, ""subgraph_type"": ""directional""}",6f19af8d,r5,0.5653795255450769,,498.5243365590004,7.789253667000139,,,,0.4623870258972497,0.5878079115758432,0.0,0.5653795255450769,,,,,,,,,,,
relgnn,rel-amazon,item-churn,BINARY_CLASSIFICATION,0,10,roc_auc,rtx-pro-6000,False,"{""aggr"": ""mean"", ""channels"": 256, ""lr"": 0.0037019789833, ""num_heads"": 16, ""num_model_layers"": 1, ""num_neighbors"": 256, ""subgraph_type"": ""bidirectional""}",012001ed,r6,0.7792860222881445,,561.7475879630001,11.961368908000168,,,,0.6714152429448743,0.6940834829392928,0.5519526549183166,0.7792860222881445,,,,,,,,,,,
relgnn,rel-amazon,item-churn,BINARY_CLASSIFICATION,0,10,roc_auc,rtx-pro-6000,False,"{""aggr"": ""mean"", ""channels"": 64, ""lr"": 0.0010442146945, ""num_heads"": 2, ""num_model_layers"": 2, ""num_neighbors"": 256, ""subgraph_type"": ""bidirectional""}",d2fbdf27,r7,0.7932920652456534,,447.52272817500034,7.716589184999975,,,,0.6938758714881752,0.7211645065254462,0.6549673393779858,0.7932920652456534,,,,,,,,,,,
relgnn,rel-amazon,item-churn,BINARY_CLASSIFICATION,0,10,roc_auc,rtx-pro-6000,False,"{""aggr"": ""mean"", ""channels"": 256, ""lr"": 0.0041460591823, ""num_heads"": 4, ""num_model_layers"": 2, ""num_neighbors"": 256, ""subgraph_type"": ""directional""}",f87e8891,r8,0.7662026677161874,,443.6080566989999,8.191697004000162,,,,0.6518227246306061,0.6754723139867972,0.5025491498520545,0.7662026677161874,,,,,,,,,,,
relgnn,rel-amazon,item-churn,BINARY_CLASSIFICATION,0,10,roc_auc,rtx-pro-6000,False,"{""aggr"": ""mean"", ""channels"": 256, ""lr"": 0.004093508747, ""num_heads"": 8, ""num_model_layers"": 2, ""num_neighbors"": 64, ""subgraph_type"": ""bidirectional""}",79a48048,r9,0.7714193958531816,,504.8653535100002,8.512188366000373,,,,0.6656976050999507,0.6967679484942794,0.5634939280766706,0.7714193958531816,,,,,,,,,,,
relgnn,rel-amazon,item-churn,BINARY_CLASSIFICATION,0,10,roc_auc,rtx-pro-6000,False,"{""aggr"": ""sum"", ""channels"": 64, ""lr"": 0.0041393676084, ""num_heads"": 8, ""num_model_layers"": 2, ""num_neighbors"": 256, ""subgraph_type"": ""directional""}",c642344c,r10,0.7838838576866632,,405.81386111400025,6.001166741999441,,,,0.6737024412836159,0.7021143683627011,0.5789871383915434,0.7838838576866632,,,,,,,,,,,
relgnn,rel-amazon,item-ltv,REGRESSION,0,10,mae,rtx-pro-6000,False,"{""aggr"": ""sum"", ""channels"": 128, ""lr"": 0.005, ""num_heads"": 8, ""num_model_layers"": 2, ""num_neighbors"": 128, ""simplified_MP"": false, ""subgraph_type"": ""directional""}",afe1474f,default,50.06841310445248,55.91179007530207,491.64586387300005,6.3523448170000165,331.2434514659999,6.649976987999253,,,,,,,,,,0.0473655220216086,50.06841310445248,441.1814367034496,0.0183497805435359,55.91179007530207,658.486267787701,
relgnn,rel-amazon,item-ltv,REGRESSION,0,10,mae,rtx-pro-6000,False,"{""aggr"": ""sum"", ""channels"": 128, ""lr"": 0.0011394964521, ""num_heads"": 4, ""num_model_layers"": 2, ""num_neighbors"": 64, ""subgraph_type"": ""bidirectional""}",70b52bd0,r1,50.227246925095024,,386.971979258,5.544537440999989,,,,,,,,,,,,0.0314338535123288,50.227246925095024,444.85525540100014,,,,
relgnn,rel-amazon,item-ltv,REGRESSION,0,10,mae,rtx-pro-6000,False,"{""aggr"": ""mean"", ""channels"": 128, ""lr"": 0.0018735112039, ""num_heads"": 4, ""num_model_layers"": 1, ""num_neighbors"": 256, ""subgraph_type"": ""bidirectional""}",79b72acf,r2,49.904806007470114,,396.244729805,6.838806382999792,,,,,,,,,,,,0.051032174674606,49.904806007470114,440.3315731397456,,,,
relgnn,rel-amazon,item-ltv,REGRESSION,0,10,mae,rtx-pro-6000,False,"{""aggr"": ""mean"", ""channels"": 256, ""lr"": 0.0030037592231, ""num_heads"": 4, ""num_model_layers"": 1, ""num_neighbors"": 64, ""subgraph_type"": ""directional""}",ce9904b8,r3,52.175672467788935,,322.1957239400001,4.673869591000084,,,,,,,,,,,,0.0380682093809298,52.175672467788935,443.3290822159465,,,,
relgnn,rel-amazon,item-ltv,REGRESSION,0,10,mae,rtx-pro-6000,False,"{""aggr"": ""sum"", ""channels"": 64, ""lr"": 0.00648886485, ""num_heads"": 4, ""num_model_layers"": 2, ""num_neighbors"": 128, ""subgraph_type"": ""bidirectional""}",f0bb2bad,r4,50.37399503106935,,401.4626269510002,6.1208062249997965,,,,,,,,,,,,0.0434753408318058,50.37399503106935,442.0813239042406,,,,
relgnn,rel-amazon,item-ltv,REGRESSION,0,10,mae,rtx-pro-6000,False,"{""aggr"": ""mean"", ""channels"": 256, ""lr"": 0.0030197929882, ""num_heads"": 2, ""num_model_layers"": 4, ""num_neighbors"": 128, ""subgraph_type"": ""directional""}",6f19af8d,r5,50.82773841532431,,500.6419727709999,7.715301597999769,,,,,,,,,,,,0.0367456340818429,50.82773841532431,443.6337476282717,,,,
relgnn,rel-amazon,item-ltv,REGRESSION,0,10,mae,rtx-pro-6000,False,"{""aggr"": ""mean"", ""channels"": 256, ""lr"": 0.0037019789833, ""num_heads"": 16, ""num_model_layers"": 1, ""num_neighbors"": 256, ""subgraph_type"": ""bidirectional""}",012001ed,r6,48.66032588326714,,522.9196012550001,10.690115100000185,,,,,,,,,,,,0.0518445688659106,48.66032588326714,440.1430528361517,,,,
relgnn,rel-amazon,item-ltv,REGRESSION,0,10,mae,rtx-pro-6000,True,"{""aggr"": ""mean"", ""channels"": 64, ""lr"": 0.0010442146945, ""num_heads"": 2, ""num_model_layers"": 2, ""num_neighbors"": 256, ""subgraph_type"": ""bidirectional""}",d2fbdf27,r7,47.14627969614772,52.610127058192106,426.9686367900004,6.71609463499999,479.4011051130001,7.239913058999264,,,,,,,,,,0.0614583884395071,47.14627969614772,437.905952940626,0.0270829973794448,52.610127058192106,655.550623965238,
relgnn,rel-amazon,item-ltv,REGRESSION,0,10,mae,rtx-pro-6000,False,"{""aggr"": ""mean"", ""channels"": 256, ""lr"": 0.0041460591823, ""num_heads"": 4, ""num_model_layers"": 2, ""num_neighbors"": 256, ""subgraph_type"": ""directional""}",f87e8891,r8,49.54790622312025,,428.7417432510001,7.956094520999613,,,,,,,,,,,,0.0417387474152755,49.54790622312025,442.4824465380305,,,,
relgnn,rel-amazon,item-ltv,REGRESSION,0,10,mae,rtx-pro-6000,False,"{""aggr"": ""mean"", ""channels"": 256, ""lr"": 0.004093508747, ""num_heads"": 8, ""num_model_layers"": 2, ""num_neighbors"": 64, ""subgraph_type"": ""bidirectional""}",79a48048,r9,50.725649207870944,,463.0978905019997,7.307246432999818,,,,,,,,,,,,0.0456455403603481,50.725649207870944,441.57953366120825,,,,
relgnn,rel-amazon,item-ltv,REGRESSION,0,10,mae,rtx-pro-6000,False,"{""aggr"": ""sum"", ""channels"": 64, ""lr"": 0.0041393676084, ""num_heads"": 8, ""num_model_layers"": 2, ""num_neighbors"": 256, ""subgraph_type"": ""directional""}",c642344c,r10,48.37214147488167,,393.012736617,5.9930451299997,,,,,,,,,,,,0.0533431273484776,48.37214147488167,439.7950925196023,,,,
relgnn,rel-amazon,user-churn,BINARY_CLASSIFICATION,0,10,roc_auc,rtx-pro-6000,False,"{""aggr"": ""sum"", ""channels"": 128, ""lr"": 0.005, ""num_heads"": 8, ""num_model_layers"": 2, ""num_neighbors"": 128, ""simplified_MP"": false, ""subgraph_type"": ""directional""}",afe1474f,default,0.6562737578714346,0.6419537792977894,513.3287300640001,9.212521804000062,310.78705428600006,8.467554916000154,,0.741945360417598,0.6762552709667343,0.7723617969739294,0.6562737578714346,0.7014444999723268,0.6534833823550308,0.7501618679976724,0.6419537792977894,,,,,,,
relgnn,rel-amazon,user-churn,BINARY_CLASSIFICATION,0,10,roc_auc,rtx-pro-6000,False,"{""aggr"": ""sum"", ""channels"": 128, ""lr"": 0.0011394964521, ""num_heads"": 4, ""num_model_layers"": 2, ""num_neighbors"": 64, ""subgraph_type"": ""bidirectional""}",70b52bd0,r1,0.6848547446810649,,399.73451561,8.919209392999846,,,,0.7639527473976105,0.6955260229579885,0.787143044800767,0.6848547446810649,,,,,,,,,,,
relgnn,rel-amazon,user-churn,BINARY_CLASSIFICATION,0,10,roc_auc,rtx-pro-6000,False,"{""aggr"": ""mean"", ""channels"": 128, ""lr"": 0.0018735112039, ""num_heads"": 4, ""num_model_layers"": 1, ""num_neighbors"": 256, ""subgraph_type"": ""bidirectional""}",79b72acf,r2,0.6580730821753467,,382.800875574,9.084539448999976,,,,0.7438655009917745,0.6703303139153521,0.7612284286209163,0.6580730821753467,,,,,,,,,,,
relgnn,rel-amazon,user-churn,BINARY_CLASSIFICATION,0,10,roc_auc,rtx-pro-6000,False,"{""aggr"": ""mean"", ""channels"": 256, ""lr"": 0.0030037592231, ""num_heads"": 4, ""num_model_layers"": 1, ""num_neighbors"": 64, ""subgraph_type"": ""directional""}",ce9904b8,r3,0.6543329920744447,,358.526598124,8.219636296999852,,,,0.7462529344095543,0.6670506012806497,0.7630674122182475,0.6543329920744447,,,,,,,,,,,
relgnn,rel-amazon,user-churn,BINARY_CLASSIFICATION,0,10,roc_auc,rtx-pro-6000,False,"{""aggr"": ""sum"", ""channels"": 64, ""lr"": 0.00648886485, ""num_heads"": 4, ""num_model_layers"": 2, ""num_neighbors"": 128, ""subgraph_type"": ""bidirectional""}",f0bb2bad,r4,0.6603248968056892,,427.2806495670002,9.51399616799972,,,,0.7479003576208274,0.6810406254880524,0.7792577580747309,0.6603248968056892,,,,,,,,,,,
relgnn,rel-amazon,user-churn,BINARY_CLASSIFICATION,0,10,roc_auc,rtx-pro-6000,False,"{""aggr"": ""mean"", ""channels"": 256, ""lr"": 0.0030197929882, ""num_heads"": 2, ""num_model_layers"": 4, ""num_neighbors"": 128, ""subgraph_type"": ""directional""}",6f19af8d,r5,0.6767041438710254,,505.10399942999993,10.517416287000287,,,,0.758169496043255,0.6858918670935499,0.777252283822112,0.6767041438710254,,,,,,,,,,,
relgnn,rel-amazon,user-churn,BINARY_CLASSIFICATION,0,10,roc_auc,rtx-pro-6000,False,"{""aggr"": ""mean"", ""channels"": 256, ""lr"": 0.0037019789833, ""num_heads"": 16, ""num_model_layers"": 1, ""num_neighbors"": 256, ""subgraph_type"": ""bidirectional""}",012001ed,r6,0.6740540143521394,,428.9327386660002,12.120116751000296,,,,0.755592571928843,0.6900671560206153,0.7859908672721452,0.6740540143521394,,,,,,,,,,,
relgnn,rel-amazon,user-churn,BINARY_CLASSIFICATION,0,10,roc_auc,rtx-pro-6000,True,"{""aggr"": ""mean"", ""channels"": 64, ""lr"": 0.0010442146945, ""num_heads"": 2, ""num_model_layers"": 2, ""num_neighbors"": 256, ""subgraph_type"": ""bidirectional""}",d2fbdf27,r7,0.6923393239228648,0.6971246948544362,425.4111974399998,10.023367866999706,432.9725888599996,9.947100526999748,,0.7730959573521634,0.6906088942683117,0.7761451756430358,0.6923393239228648,0.7494178551171728,0.6802250735325461,0.7808753768139649,0.6971246948544362,,,,,,,
relgnn,rel-amazon,user-churn,BINARY_CLASSIFICATION,0,10,roc_auc,rtx-pro-6000,False,"{""aggr"": ""mean"", ""channels"": 256, ""lr"": 0.0041460591823, ""num_heads"": 4, ""num_model_layers"": 2, ""num_neighbors"": 256, ""subgraph_type"": ""directional""}",f87e8891,r8,0.6559361317946419,,423.0450590339997,9.99229117599998,,,,0.7438583957489434,0.681609206621896,0.784751780069817,0.6559361317946419,,,,,,,,,,,
relgnn,rel-amazon,user-churn,BINARY_CLASSIFICATION,0,10,roc_auc,rtx-pro-6000,False,"{""aggr"": ""mean"", ""channels"": 256, ""lr"": 0.004093508747, ""num_heads"": 8, ""num_model_layers"": 2, ""num_neighbors"": 64, ""subgraph_type"": ""bidirectional""}",79a48048,r9,0.6607107080337787,,430.53013881100014,10.61058806999972,,,,0.7506980933635359,0.6813090543495237,0.7828684960887167,0.6607107080337787,,,,,,,,,,,
relgnn,rel-amazon,user-churn,BINARY_CLASSIFICATION,0,10,roc_auc,rtx-pro-6000,False,"{""aggr"": ""sum"", ""channels"": 64, ""lr"": 0.0041393676084, ""num_heads"": 8, ""num_model_layers"": 2, ""num_neighbors"": 256, ""subgraph_type"": ""directional""}",c642344c,r10,0.6669359994421222,,413.0335563990002,8.942698586000006,,,,0.7488061629183479,0.6851378260190536,0.7780598729883516,0.6669359994421222,,,,,,,,,,,
relgnn,rel-amazon,user-ltv,REGRESSION,0,10,mae,rtx-pro-6000,False,"{""aggr"": ""sum"", ""channels"": 128, ""lr"": 0.005, ""num_heads"": 8, ""num_model_layers"": 2, ""num_neighbors"": 128, ""simplified_MP"": false, ""subgraph_type"": ""directional""}",afe1474f,default,14.140715240902702,16.783245488773662,503.199063981,9.118155444999957,314.52897094999935,8.470908025999961,,,,,,,,,,-0.0835422154812151,14.140715240902702,50.92620345868564,-0.091620771166071,16.783245488773662,57.92628055119896,
relgnn,rel-amazon,user-ltv,REGRESSION,0,10,mae,rtx-pro-6000,False,"{""aggr"": ""sum"", ""channels"": 128, ""lr"": 0.0011394964521, ""num_heads"": 4, ""num_model_layers"": 2, ""num_neighbors"": 64, ""subgraph_type"": ""bidirectional""}",70b52bd0,r1,12.966435271054728,,404.67397806100007,8.895149556999968,,,,,,,,,,,,0.0938999164700779,12.966435271054728,46.570024651772535,,,,
relgnn,rel-amazon,user-ltv,REGRESSION,0,10,mae,rtx-pro-6000,False,"{""aggr"": ""mean"", ""channels"": 128, ""lr"": 0.0018735112039, ""num_heads"": 4, ""num_model_layers"": 1, ""num_neighbors"": 256, ""subgraph_type"": ""bidirectional""}",79b72acf,r2,13.594157251930396,,380.61875217400006,9.025950462000084,,,,,,,,,,,,0.0521617132874011,13.594157251930396,47.63054012044108,,,,
relgnn,rel-amazon,user-ltv,REGRESSION,0,10,mae,rtx-pro-6000,False,"{""aggr"": ""mean"", ""channels"": 256, ""lr"": 0.0030037592231, ""num_heads"": 4, ""num_model_layers"": 1, ""num_neighbors"": 64, ""subgraph_type"": ""directional""}",ce9904b8,r3,13.156039548161065,,349.866512391,8.156090723000034,,,,,,,,,,,,0.0720277065032919,13.156039548161065,47.12874634913127,,,,
relgnn,rel-amazon,user-ltv,REGRESSION,0,10,mae,rtx-pro-6000,False,"{""aggr"": ""sum"", ""channels"": 64, ""lr"": 0.00648886485, ""num_heads"": 4, ""num_model_layers"": 2, ""num_neighbors"": 128, ""subgraph_type"": ""bidirectional""}",f0bb2bad,r4,14.140715240902702,,416.8489198890002,9.518511333999868,,,,,,,,,,,,-0.0835422154812151,14.140715240902702,50.92620345868564,,,,
relgnn,rel-amazon,user-ltv,REGRESSION,0,10,mae,rtx-pro-6000,False,"{""aggr"": ""mean"", ""channels"": 256, ""lr"": 0.0030197929882, ""num_heads"": 2, ""num_model_layers"": 4, ""num_neighbors"": 128, ""subgraph_type"": ""directional""}",6f19af8d,r5,14.140715240902702,,503.7175780460002,10.515886924999904,,,,,,,,,,,,-0.0835422154812151,14.140715240902702,50.92620345868564,,,,
relgnn,rel-amazon,user-ltv,REGRESSION,0,10,mae,rtx-pro-6000,False,"{""aggr"": ""mean"", ""channels"": 256, ""lr"": 0.0037019789833, ""num_heads"": 16, ""num_model_layers"": 1, ""num_neighbors"": 256, ""subgraph_type"": ""bidirectional""}",012001ed,r6,12.944968693682394,,409.741852738,12.861309957999763,,,,,,,,,,,,0.131366710637929,12.944968693682394,45.59703648173105,,,,
relgnn,rel-amazon,user-ltv,REGRESSION,0,10,mae,rtx-pro-6000,True,"{""aggr"": ""mean"", ""channels"": 64, ""lr"": 0.0010442146945, ""num_heads"": 2, ""num_model_layers"": 2, ""num_neighbors"": 256, ""subgraph_type"": ""bidirectional""}",d2fbdf27,r7,12.332429449486982,15.029192897890615,440.960059133,9.93134394100025,426.6082005819999,9.137328065000474,,,,,,,,,,0.1818238690354012,12.332429449486982,44.25290499316244,0.1144127833652951,15.029192897890615,52.174154200313446,
relgnn,rel-amazon,user-ltv,REGRESSION,0,10,mae,rtx-pro-6000,False,"{""aggr"": ""mean"", ""channels"": 256, ""lr"": 0.0041460591823, ""num_heads"": 4, ""num_model_layers"": 2, ""num_neighbors"": 256, ""subgraph_type"": ""directional""}",f87e8891,r8,14.140715240902702,,411.5785681329999,9.76957159099993,,,,,,,,,,,,-0.0835422154812151,14.140715240902702,50.92620345868564,,,,
relgnn,rel-amazon,user-ltv,REGRESSION,0,10,mae,rtx-pro-6000,False,"{""aggr"": ""mean"", ""channels"": 256, ""lr"": 0.004093508747, ""num_heads"": 8, ""num_model_layers"": 2, ""num_neighbors"": 64, ""subgraph_type"": ""bidirectional""}",79a48048,r9,14.140715240902702,,417.0063449890003,11.797513188000266,,,,,,,,,,,,-0.0835422154812151,14.140715240902702,50.92620345868564,,,,
relgnn,rel-amazon,user-ltv,REGRESSION,0,10,mae,rtx-pro-6000,False,"{""aggr"": ""sum"", ""channels"": 64, ""lr"": 0.0041393676084, ""num_heads"": 8, ""num_model_layers"": 2, ""num_neighbors"": 256, ""subgraph_type"": ""directional""}",c642344c,r10,14.140715240902702,,401.3255294270002,9.11936595499992,,,,,,,,,,,,-0.0835422154812151,14.140715240902702,50.92620345868564,,,,
relgnn,rel-avito,ad-ctr,REGRESSION,0,10,mae,rtx-pro-6000,False,"{""aggr"": ""sum"", ""channels"": 128, ""lr"": 0.005, ""num_heads"": 8, ""num_model_layers"": 2, ""num_neighbors"": 128, ""simplified_MP"": false, ""subgraph_type"": ""directional""}",afe1474f,default,0.0406942154767975,0.0436843203133901,67.19305920099998,1.0028957090000006,15.552031290999992,0.9994396260000258,,,,,,,,,,-0.1301687972952807,0.0406942154767975,0.1054601236431047,-0.1240000126480638,0.0436843203133901,0.116358907618288,
relgnn,rel-avito,ad-ctr,REGRESSION,0,10,mae,rtx-pro-6000,False,"{""aggr"": ""sum"", ""channels"": 128, ""lr"": 0.0011394964521, ""num_heads"": 4, ""num_model_layers"": 2, ""num_neighbors"": 64, ""subgraph_type"": ""bidirectional""}",70b52bd0,r1,0.0411403338655117,,8.620933140000005,0.8812211689999856,,,,,,,,,,,,-0.1414016067789878,0.0411403338655117,0.1059829148105808,,,,
relgnn,rel-avito,ad-ctr,REGRESSION,0,10,mae,rtx-pro-6000,False,"{""aggr"": ""mean"", ""channels"": 128, ""lr"": 0.0018735112039, ""num_heads"": 4, ""num_model_layers"": 1, ""num_neighbors"": 256, ""subgraph_type"": ""bidirectional""}",79b72acf,r2,0.0398447950298872,,14.033183936,1.048450484,,,,,,,,,,,,-0.100374740701902,0.0398447950298872,0.1040607438631304,,,,
relgnn,rel-avito,ad-ctr,REGRESSION,0,10,mae,rtx-pro-6000,False,"{""aggr"": ""mean"", ""channels"": 256, ""lr"": 0.0030037592231, ""num_heads"": 4, ""num_model_layers"": 1, ""num_neighbors"": 64, ""subgraph_type"": ""directional""}",ce9904b8,r3,0.0398841593701417,,7.594488563999988,0.8448910730000136,,,,,,,,,,,,-0.0973036145370889,0.0398841593701417,0.1039154265629529,,,,
relgnn,rel-avito,ad-ctr,REGRESSION,0,10,mae,rtx-pro-6000,False,"{""aggr"": ""sum"", ""channels"": 64, ""lr"": 0.00648886485, ""num_heads"": 4, ""num_model_layers"": 2, ""num_neighbors"": 128, ""subgraph_type"": ""bidirectional""}",f0bb2bad,r4,0.0398724585564258,,10.537191895999996,0.8866340590000164,,,,,,,,,,,,-0.0920403296050591,0.0398724585564258,0.1036659085977547,,,,
relgnn,rel-avito,ad-ctr,REGRESSION,0,10,mae,rtx-pro-6000,False,"{""aggr"": ""mean"", ""channels"": 256, ""lr"": 0.0030197929882, ""num_heads"": 2, ""num_model_layers"": 4, ""num_neighbors"": 128, ""subgraph_type"": ""directional""}",6f19af8d,r5,0.0405679475145808,,26.85157071499998,0.8452707760000067,,,,,,,,,,,,-0.1343023374880927,0.0405679475145808,0.1056528053891636,,,,
relgnn,rel-avito,ad-ctr,REGRESSION,0,10,mae,rtx-pro-6000,False,"{""aggr"": ""mean"", ""channels"": 256, ""lr"": 0.0037019789833, ""num_heads"": 16, ""num_model_layers"": 1, ""num_neighbors"": 256, ""subgraph_type"": ""bidirectional""}",012001ed,r6,0.0398924947386028,,39.88416416599998,1.668847052999979,,,,,,,,,,,,-0.1009705672430116,0.0398924947386028,0.1040889132493812,,,,
relgnn,rel-avito,ad-ctr,REGRESSION,0,10,mae,rtx-pro-6000,True,"{""aggr"": ""mean"", ""channels"": 64, ""lr"": 0.0010442146945, ""num_heads"": 2, ""num_model_layers"": 2, ""num_neighbors"": 256, ""subgraph_type"": ""bidirectional""}",d2fbdf27,r7,0.0396588297756108,0.0423951219719653,13.643514959000017,1.0046142900000063,59.29950503099997,0.9588954440000066,,,,,,,,,,-0.0668104196505858,0.0396588297756108,0.1024613902271317,-0.0193561800459727,0.0423951219719653,0.1108101282417333,
relgnn,rel-avito,ad-ctr,REGRESSION,0,10,mae,rtx-pro-6000,False,"{""aggr"": ""mean"", ""channels"": 256, ""lr"": 0.0041460591823, ""num_heads"": 4, ""num_model_layers"": 2, ""num_neighbors"": 256, ""subgraph_type"": ""directional""}",f87e8891,r8,0.0547581159523782,,35.01059347099999,1.0769184270000096,,,,,,,,,,,,0.0023114964916349,0.0547581159523782,0.0990864122670643,,,,
relgnn,rel-avito,ad-ctr,REGRESSION,0,10,mae,rtx-pro-6000,False,"{""aggr"": ""mean"", ""channels"": 256, ""lr"": 0.004093508747, ""num_heads"": 8, ""num_model_layers"": 2, ""num_neighbors"": 64, ""subgraph_type"": ""bidirectional""}",79a48048,r9,0.0398632307769913,,18.809761149999986,0.7462207469999953,,,,,,,,,,,,-0.0792915646433909,0.0398632307769913,0.1030590206650993,,,,
relgnn,rel-avito,ad-ctr,REGRESSION,0,10,mae,rtx-pro-6000,False,"{""aggr"": ""sum"", ""channels"": 64, ""lr"": 0.0041393676084, ""num_heads"": 8, ""num_model_layers"": 2, ""num_neighbors"": 256, ""subgraph_type"": ""directional""}",c642344c,r10,0.0398148709507488,,16.434936144000005,1.0805691300000149,,,,,,,,,,,,-0.0897978778046351,0.0398148709507488,0.1035594174457941,,,,
relgnn,rel-avito,user-clicks,BINARY_CLASSIFICATION,0,10,roc_auc,rtx-pro-6000,False,"{""aggr"": ""sum"", ""channels"": 128, ""lr"": 0.005, ""num_heads"": 8, ""num_model_layers"": 2, ""num_neighbors"": 128, ""simplified_MP"": false, ""subgraph_type"": ""directional""}",afe1474f,default,0.6174989541129794,0.6766968959182647,124.405327572,2.761338604999992,94.21144925699991,4.109260400000039,,0.0523301962941675,0.9648302884388424,0.0,0.6174989541129794,0.0353563681286026,0.984582048504042,0.0,0.6766968959182647,,,,,,,
relgnn,rel-avito,user-clicks,BINARY_CLASSIFICATION,0,10,roc_auc,rtx-pro-6000,False,"{""aggr"": ""sum"", ""channels"": 128, ""lr"": 0.0011394964521, ""num_heads"": 4, ""num_model_layers"": 2, ""num_neighbors"": 64, ""subgraph_type"": ""bidirectional""}",70b52bd0,r1,0.6298814683268632,,74.088442749,2.123766730999989,,,,0.0586060531245155,0.9648302884388424,0.0,0.6298814683268632,,,,,,,,,,,
relgnn,rel-avito,user-clicks,BINARY_CLASSIFICATION,0,10,roc_auc,rtx-pro-6000,True,"{""aggr"": ""mean"", ""channels"": 128, ""lr"": 0.0018735112039, ""num_heads"": 4, ""num_model_layers"": 1, ""num_neighbors"": 256, ""subgraph_type"": ""bidirectional""}",79b72acf,r2,0.6491445399443463,0.6621557422709659,65.256560208,2.353719356999989,113.9466617600001,3.735412653000139,,0.0628427422878914,0.9648302884388424,0.0,0.6491445399443463,0.0339155542336884,0.984582048504042,0.0,0.6621557422709659,,,,,,,
relgnn,rel-avito,user-clicks,BINARY_CLASSIFICATION,0,10,roc_auc,rtx-pro-6000,False,"{""aggr"": ""mean"", ""channels"": 256, ""lr"": 0.0030037592231, ""num_heads"": 4, ""num_model_layers"": 1, ""num_neighbors"": 64, ""subgraph_type"": ""directional""}",ce9904b8,r3,0.6332142850106165,,52.437230495,1.942761441000016,,,,0.0619868976482409,0.9648302884388424,0.0,0.6332142850106165,,,,,,,,,,,
relgnn,rel-avito,user-clicks,BINARY_CLASSIFICATION,0,10,roc_auc,rtx-pro-6000,False,"{""aggr"": ""sum"", ""channels"": 64, ""lr"": 0.00648886485, ""num_heads"": 4, ""num_model_layers"": 2, ""num_neighbors"": 128, ""subgraph_type"": ""bidirectional""}",f0bb2bad,r4,0.6259654834296688,,74.10555889199998,2.06956231099997,,,,0.0536062549618914,0.9648302884388424,0.0,0.6259654834296688,,,,,,,,,,,
relgnn,rel-avito,user-clicks,BINARY_CLASSIFICATION,0,10,roc_auc,rtx-pro-6000,False,"{""aggr"": ""mean"", ""channels"": 256, ""lr"": 0.0030197929882, ""num_heads"": 2, ""num_model_layers"": 4, ""num_neighbors"": 128, ""subgraph_type"": ""directional""}",6f19af8d,r5,0.5698701458199655,,137.45693884099995,3.47951501700004,,,,0.0461045542133694,0.9648302884388424,0.0,0.5698701458199655,,,,,,,,,,,
relgnn,rel-avito,user-clicks,BINARY_CLASSIFICATION,0,10,roc_auc,rtx-pro-6000,False,"{""aggr"": ""mean"", ""channels"": 256, ""lr"": 0.0037019789833, ""num_heads"": 16, ""num_model_layers"": 1, ""num_neighbors"": 256, ""subgraph_type"": ""bidirectional""}",012001ed,r6,0.6390137860059332,,147.130143515,5.732503382000004,,,,0.058703289379367,0.9648302884388424,0.0,0.6390137860059332,,,,,,,,,,,
relgnn,rel-avito,user-clicks,BINARY_CLASSIFICATION,0,10,roc_auc,rtx-pro-6000,False,"{""aggr"": ""mean"", ""channels"": 64, ""lr"": 0.0010442146945, ""num_heads"": 2, ""num_model_layers"": 2, ""num_neighbors"": 256, ""subgraph_type"": ""bidirectional""}",d2fbdf27,r7,0.6433489794966738,,82.32050128900005,2.2313375869999845,,,,0.0632428123184881,0.9648302884388424,0.0,0.6433489794966738,,,,,,,,,,,
relgnn,rel-avito,user-clicks,BINARY_CLASSIFICATION,0,10,roc_auc,rtx-pro-6000,False,"{""aggr"": ""mean"", ""channels"": 256, ""lr"": 0.0041460591823, ""num_heads"": 4, ""num_model_layers"": 2, ""num_neighbors"": 256, ""subgraph_type"": ""directional""}",f87e8891,r8,0.6164792060584606,,118.30130772500002,3.680665405000013,,,,0.0590246974912235,0.9648302884388424,0.0,0.6164792060584606,,,,,,,,,,,
relgnn,rel-avito,user-clicks,BINARY_CLASSIFICATION,0,10,roc_auc,rtx-pro-6000,False,"{""aggr"": ""mean"", ""channels"": 256, ""lr"": 0.004093508747, ""num_heads"": 8, ""num_model_layers"": 2, ""num_neighbors"": 64, ""subgraph_type"": ""bidirectional""}",79a48048,r9,0.618680691513571,,134.38588440499984,3.849766801999977,,,,0.0569680109285833,0.9648302884388424,0.0,0.618680691513571,,,,,,,,,,,
relgnn,rel-avito,user-clicks,BINARY_CLASSIFICATION,0,10,roc_auc,rtx-pro-6000,False,"{""aggr"": ""sum"", ""channels"": 64, ""lr"": 0.0041393676084, ""num_heads"": 8, ""num_model_layers"": 2, ""num_neighbors"": 256, ""subgraph_type"": ""directional""}",c642344c,r10,0.6222252469574047,,74.55453428999999,2.265635859999975,,,,0.0606231012809807,0.9648302884388424,0.0,0.6222252469574047,,,,,,,,,,,
relgnn,rel-avito,user-visits,BINARY_CLASSIFICATION,0,10,roc_auc,rtx-pro-6000,False,"{""aggr"": ""sum"", ""channels"": 128, ""lr"": 0.005, ""num_heads"": 8, ""num_model_layers"": 2, ""num_neighbors"": 128, ""simplified_MP"": false, ""subgraph_type"": ""directional""}",afe1474f,default,0.6772386332593661,0.640029349564277,166.77448432299997,3.2582857200000035,119.17879799999992,3.7880743679997977,,0.9491389878342762,0.9034991160479002,0.949303425917813,0.6772386332593661,0.9105683324120508,0.8505909380276232,0.9192641340113672,0.640029349564277,,,,,,,
relgnn,rel-avito,user-visits,BINARY_CLASSIFICATION,0,10,roc_auc,rtx-pro-6000,False,"{""aggr"": ""sum"", ""channels"": 128, ""lr"": 0.0011394964521, ""num_heads"": 4, ""num_model_layers"": 2, ""num_neighbors"": 64, ""subgraph_type"": ""bidirectional""}",70b52bd0,r1,0.6787911449184696,,97.515105629,3.0860478089999788,,,,0.9508929361549796,0.9034991160479002,0.949303425917813,0.6787911449184696,,,,,,,,,,,
relgnn,rel-avito,user-visits,BINARY_CLASSIFICATION,0,10,roc_auc,rtx-pro-6000,False,"{""aggr"": ""mean"", ""channels"": 128, ""lr"": 0.0018735112039, ""num_heads"": 4, ""num_model_layers"": 1, ""num_neighbors"": 256, ""subgraph_type"": ""bidirectional""}",79b72acf,r2,0.6765044430053279,,84.58948222600003,2.9553589579999766,,,,0.9491901310400588,0.9034991160479002,0.949303425917813,0.6765044430053279,,,,,,,,,,,
relgnn,rel-avito,user-visits,BINARY_CLASSIFICATION,0,10,roc_auc,rtx-pro-6000,False,"{""aggr"": ""mean"", ""channels"": 256, ""lr"": 0.0030037592231, ""num_heads"": 4, ""num_model_layers"": 1, ""num_neighbors"": 64, ""subgraph_type"": ""directional""}",ce9904b8,r3,0.6666895568056467,,67.93340673299997,2.4850218070000665,,,,0.9471519082485254,0.9034991160479002,0.949303425917813,0.6666895568056467,,,,,,,,,,,
relgnn,rel-avito,user-visits,BINARY_CLASSIFICATION,0,10,roc_auc,rtx-pro-6000,False,"{""aggr"": ""sum"", ""channels"": 64, ""lr"": 0.00648886485, ""num_heads"": 4, ""num_model_layers"": 2, ""num_neighbors"": 128, ""subgraph_type"": ""bidirectional""}",f0bb2bad,r4,0.6777908934885207,,103.721622614,2.829543994000005,,,,0.9498398510282868,0.9034991160479002,0.949303425917813,0.6777908934885207,,,,,,,,,,,
relgnn,rel-avito,user-visits,BINARY_CLASSIFICATION,0,10,roc_auc,rtx-pro-6000,False,"{""aggr"": ""mean"", ""channels"": 256, ""lr"": 0.0030197929882, ""num_heads"": 2, ""num_model_layers"": 4, ""num_neighbors"": 128, ""subgraph_type"": ""directional""}",6f19af8d,r5,0.6681275390730333,,174.378262274,4.47027433400001,,,,0.9453097714565112,0.9034991160479002,0.949303425917813,0.6681275390730333,,,,,,,,,,,
relgnn,rel-avito,user-visits,BINARY_CLASSIFICATION,0,10,roc_auc,rtx-pro-6000,False,"{""aggr"": ""mean"", ""channels"": 256, ""lr"": 0.0037019789833, ""num_heads"": 16, ""num_model_layers"": 1, ""num_neighbors"": 256, ""subgraph_type"": ""bidirectional""}",012001ed,r6,0.6685985459023261,,181.033435696,7.382507038999961,,,,0.9471180752459148,0.9034991160479002,0.949303425917813,0.6685985459023261,,,,,,,,,,,
relgnn,rel-avito,user-visits,BINARY_CLASSIFICATION,0,10,roc_auc,rtx-pro-6000,False,"{""aggr"": ""mean"", ""channels"": 64, ""lr"": 0.0010442146945, ""num_heads"": 2, ""num_model_layers"": 2, ""num_neighbors"": 256, ""subgraph_type"": ""bidirectional""}",d2fbdf27,r7,0.6784018445274707,,111.87223293699992,2.8299200799999653,,,,0.9500246393998972,0.9034991160479002,0.949303425917813,0.6784018445274707,,,,,,,,,,,
relgnn,rel-avito,user-visits,BINARY_CLASSIFICATION,0,10,roc_auc,rtx-pro-6000,False,"{""aggr"": ""mean"", ""channels"": 256, ""lr"": 0.0041460591823, ""num_heads"": 4, ""num_model_layers"": 2, ""num_neighbors"": 256, ""subgraph_type"": ""directional""}",f87e8891,r8,0.6759747772703548,,147.14631580800005,4.409860170999991,,,,0.9491024633659226,0.9034991160479002,0.949303425917813,0.6759747772703548,,,,,,,,,,,
relgnn,rel-avito,user-visits,BINARY_CLASSIFICATION,0,10,roc_auc,rtx-pro-6000,True,"{""aggr"": ""mean"", ""channels"": 256, ""lr"": 0.004093508747, ""num_heads"": 8, ""num_model_layers"": 2, ""num_neighbors"": 64, ""subgraph_type"": ""bidirectional""}",79a48048,r9,0.6828467066747671,0.6519554508592524,168.61217301800002,4.659931951999852,240.0030547460001,5.2278943300000265,,0.9516667369030888,0.9034991160479002,0.949303425917813,0.6828467066747671,0.9143909322655184,0.8505909380276232,0.9192641340113672,0.6519554508592524,,,,,,,
relgnn,rel-avito,user-visits,BINARY_CLASSIFICATION,0,10,roc_auc,rtx-pro-6000,False,"{""aggr"": ""sum"", ""channels"": 64, ""lr"": 0.0041393676084, ""num_heads"": 8, ""num_model_layers"": 2, ""num_neighbors"": 256, ""subgraph_type"": ""directional""}",c642344c,r10,0.6824219033846923,,102.6360269700001,3.182856430999891,,,,0.9506208310622406,0.9034991160479002,0.949303425917813,0.6824219033846923,,,,,,,,,,,
relgnn,rel-event,user-attendance,REGRESSION,0,10,mae,rtx-pro-6000,False,"{""aggr"": ""sum"", ""channels"": 128, ""lr"": 0.005, ""num_heads"": 8, ""num_model_layers"": 2, ""num_neighbors"": 128, ""simplified_MP"": false, ""subgraph_type"": ""directional""}",afe1474f,default,0.2575195395197265,0.2641480635486322,85.744822603,1.2246151890000192,26.618515638999952,1.2761432249999416,,,,,,,,,,-0.2421664805683496,0.2575195395197265,0.5832015350229675,-0.164088429325399,0.2641480635486322,0.693101302585201,
relgnn,rel-event,user-attendance,REGRESSION,0,10,mae,rtx-pro-6000,False,"{""aggr"": ""sum"", ""channels"": 128, ""lr"": 0.0011394964521, ""num_heads"": 4, ""num_model_layers"": 2, ""num_neighbors"": 64, ""subgraph_type"": ""bidirectional""}",70b52bd0,r1,0.2491349215063132,,17.940667964,1.1870111329999986,,,,,,,,,,,,-0.0141297633589114,0.2491349215063132,0.5269574149349997,,,,
relgnn,rel-event,user-attendance,REGRESSION,0,10,mae,rtx-pro-6000,False,"{""aggr"": ""mean"", ""channels"": 128, ""lr"": 0.0018735112039, ""num_heads"": 4, ""num_model_layers"": 1, ""num_neighbors"": 256, ""subgraph_type"": ""bidirectional""}",79b72acf,r2,0.2575216726160122,,22.432861498999983,1.2284257379999983,,,,,,,,,,,,-0.2421977241343942,0.2575216726160122,0.5832088694589651,,,,
relgnn,rel-event,user-attendance,REGRESSION,0,10,mae,rtx-pro-6000,False,"{""aggr"": ""mean"", ""channels"": 256, ""lr"": 0.0030037592231, ""num_heads"": 4, ""num_model_layers"": 1, ""num_neighbors"": 64, ""subgraph_type"": ""directional""}",ce9904b8,r3,0.2544301343376025,,17.091059756999982,1.14460803099999,,,,,,,,,,,,-0.164909695501437,0.2544301343376025,0.5647742473256352,,,,
relgnn,rel-event,user-attendance,REGRESSION,0,10,mae,rtx-pro-6000,False,"{""aggr"": ""sum"", ""channels"": 64, ""lr"": 0.00648886485, ""num_heads"": 4, ""num_model_layers"": 2, ""num_neighbors"": 128, ""subgraph_type"": ""bidirectional""}",f0bb2bad,r4,0.2575216726160122,,19.052268008,1.184262643000011,,,,,,,,,,,,-0.2421977241343942,0.2575216726160122,0.5832088694589651,,,,
relgnn,rel-event,user-attendance,REGRESSION,0,10,mae,rtx-pro-6000,False,"{""aggr"": ""mean"", ""channels"": 256, ""lr"": 0.0030197929882, ""num_heads"": 2, ""num_model_layers"": 4, ""num_neighbors"": 128, ""subgraph_type"": ""directional""}",6f19af8d,r5,0.2575216726160122,,40.74606264100001,1.2653765169999929,,,,,,,,,,,,-0.2421977241343942,0.2575216726160122,0.5832088694589651,,,,
relgnn,rel-event,user-attendance,REGRESSION,0,10,mae,rtx-pro-6000,False,"{""aggr"": ""mean"", ""channels"": 256, ""lr"": 0.0037019789833, ""num_heads"": 16, ""num_model_layers"": 1, ""num_neighbors"": 256, ""subgraph_type"": ""bidirectional""}",012001ed,r6,0.2520131960877848,,66.61909290299997,1.4273493250000229,,,,,,,,,,,,-0.1400413928514752,0.2520131960877848,0.5587133718072961,,,,
relgnn,rel-event,user-attendance,REGRESSION,0,10,mae,rtx-pro-6000,True,"{""aggr"": ""mean"", ""channels"": 64, ""lr"": 0.0010442146945, ""num_heads"": 2, ""num_model_layers"": 2, ""num_neighbors"": 256, ""subgraph_type"": ""bidirectional""}",d2fbdf27,r7,0.2408513141067462,0.24638108235039,22.983810003999963,1.2105936780000093,53.92099711999998,1.2962479739999253,,,,,,,,,,-0.0106089888937999,0.2408513141067462,0.5260418953693586,0.0534956156770362,0.24638108235039,0.6249784517022322,
relgnn,rel-event,user-attendance,REGRESSION,0,10,mae,rtx-pro-6000,False,"{""aggr"": ""mean"", ""channels"": 256, ""lr"": 0.0041460591823, ""num_heads"": 4, ""num_model_layers"": 2, ""num_neighbors"": 256, ""subgraph_type"": ""directional""}",f87e8891,r8,0.2575216726160122,,50.049035941,1.296138679999956,,,,,,,,,,,,-0.2421977241343942,0.2575216726160122,0.5832088694589651,,,,
relgnn,rel-event,user-attendance,REGRESSION,0,10,mae,rtx-pro-6000,False,"{""aggr"": ""mean"", ""channels"": 256, ""lr"": 0.004093508747, ""num_heads"": 8, ""num_model_layers"": 2, ""num_neighbors"": 64, ""subgraph_type"": ""bidirectional""}",79a48048,r9,0.2575088590345535,,34.346864305,1.189384222000001,,,,,,,,,,,,-0.2420144977166747,0.2575088590345535,0.5831658556896466,,,,
relgnn,rel-event,user-attendance,REGRESSION,0,10,mae,rtx-pro-6000,False,"{""aggr"": ""sum"", ""channels"": 64, ""lr"": 0.0041393676084, ""num_heads"": 8, ""num_model_layers"": 2, ""num_neighbors"": 256, ""subgraph_type"": ""directional""}",c642344c,r10,0.2479426569529998,,26.987233203000017,1.2134594249999964,,,,,,,,,,,,-0.1487796593531196,0.2479426569529998,0.5608505164434994,,,,
relgnn,rel-event,user-ignore,BINARY_CLASSIFICATION,0,10,roc_auc,rtx-pro-6000,False,"{""aggr"": ""sum"", ""channels"": 128, ""lr"": 0.005, ""num_heads"": 8, ""num_model_layers"": 2, ""num_neighbors"": 128, ""simplified_MP"": false, ""subgraph_type"": ""directional""}",afe1474f,default,0.8384707562764472,0.8801929697304642,97.004136191,1.174095440000002,26.53049215800001,1.2012285560000464,,0.5252807834601632,0.9133095359510454,0.4295302013422818,0.8384707562764472,0.5249480101251025,0.8835546475995915,0.4328358208955223,0.8801929697304642,,,,,,,
relgnn,rel-event,user-ignore,BINARY_CLASSIFICATION,0,10,roc_auc,rtx-pro-6000,False,"{""aggr"": ""sum"", ""channels"": 128, ""lr"": 0.0011394964521, ""num_heads"": 4, ""num_model_layers"": 2, ""num_neighbors"": 64, ""subgraph_type"": ""bidirectional""}",70b52bd0,r1,0.8686907863413382,,17.309359778999976,1.1419495700000084,,,,0.5077597627920313,0.8939316675165732,0.5162790697674419,0.8686907863413382,,,,,,,,,,,
relgnn,rel-event,user-ignore,BINARY_CLASSIFICATION,0,10,roc_auc,rtx-pro-6000,False,"{""aggr"": ""mean"", ""channels"": 128, ""lr"": 0.0018735112039, ""num_heads"": 4, ""num_model_layers"": 1, ""num_neighbors"": 256, ""subgraph_type"": ""bidirectional""}",79b72acf,r2,0.8493599174017943,,22.80481472400001,1.2154283410000062,,,,0.4990148243215325,0.9087200407955124,0.4985994397759103,0.8493599174017943,,,,,,,,,,,
relgnn,rel-event,user-ignore,BINARY_CLASSIFICATION,0,10,roc_auc,rtx-pro-6000,False,"{""aggr"": ""mean"", ""channels"": 256, ""lr"": 0.0030037592231, ""num_heads"": 4, ""num_model_layers"": 1, ""num_neighbors"": 64, ""subgraph_type"": ""directional""}",ce9904b8,r3,0.8578658207126769,,16.555777325000008,1.128696235999996,,,,0.4856241544352215,0.8990311065782763,0.3265306122448979,0.8578658207126769,,,,,,,,,,,
relgnn,rel-event,user-ignore,BINARY_CLASSIFICATION,0,10,roc_auc,rtx-pro-6000,False,"{""aggr"": ""sum"", ""channels"": 64, ""lr"": 0.00648886485, ""num_heads"": 4, ""num_model_layers"": 2, ""num_neighbors"": 128, ""subgraph_type"": ""bidirectional""}",f0bb2bad,r4,0.8509166581964276,,20.028051874,1.140006043999989,,,,0.5223597343410998,0.9097399286078532,0.5042016806722689,0.8509166581964276,,,,,,,,,,,
relgnn,rel-event,user-ignore,BINARY_CLASSIFICATION,0,10,roc_auc,rtx-pro-6000,False,"{""aggr"": ""mean"", ""channels"": 256, ""lr"": 0.0030197929882, ""num_heads"": 2, ""num_model_layers"": 4, ""num_neighbors"": 128, ""subgraph_type"": ""directional""}",6f19af8d,r5,0.7231743068223764,,40.31760221199997,1.2310451719999946,,,,0.3326120527791352,0.8903620601733809,0.2760942760942761,0.7231743068223764,,,,,,,,,,,
relgnn,rel-event,user-ignore,BINARY_CLASSIFICATION,0,10,roc_auc,rtx-pro-6000,False,"{""aggr"": ""mean"", ""channels"": 256, ""lr"": 0.0037019789833, ""num_heads"": 16, ""num_model_layers"": 1, ""num_neighbors"": 256, ""subgraph_type"": ""bidirectional""}",012001ed,r6,0.8537573089247789,,66.69098286999997,1.3957405279999762,,,,0.4929598130711617,0.901580826109128,0.2122448979591836,0.8537573089247789,,,,,,,,,,,
relgnn,rel-event,user-ignore,BINARY_CLASSIFICATION,0,10,roc_auc,rtx-pro-6000,True,"{""aggr"": ""mean"", ""channels"": 64, ""lr"": 0.0010442146945, ""num_heads"": 2, ""num_model_layers"": 2, ""num_neighbors"": 256, ""subgraph_type"": ""bidirectional""}",d2fbdf27,r7,0.8748776273344425,0.7973127007702671,24.424274975000003,1.1882428399999867,65.09137964999996,1.2018091270000468,,0.5508368563853278,0.90464048954615,0.5142857142857142,0.8748776273344425,0.4871274826111257,0.8861082737487231,0.4547677261613692,0.7973127007702671,,,,,,,
relgnn,rel-event,user-ignore,BINARY_CLASSIFICATION,0,10,roc_auc,rtx-pro-6000,False,"{""aggr"": ""mean"", ""channels"": 256, ""lr"": 0.0041460591823, ""num_heads"": 4, ""num_model_layers"": 2, ""num_neighbors"": 256, ""subgraph_type"": ""directional""}",f87e8891,r8,0.8390190928106392,,49.725485574,1.2057881709999947,,,,0.5131345853740116,0.9041305456399796,0.4502923976608187,0.8390190928106392,,,,,,,,,,,
relgnn,rel-event,user-ignore,BINARY_CLASSIFICATION,0,10,roc_auc,rtx-pro-6000,False,"{""aggr"": ""mean"", ""channels"": 256, ""lr"": 0.004093508747, ""num_heads"": 8, ""num_model_layers"": 2, ""num_neighbors"": 64, ""subgraph_type"": ""bidirectional""}",79a48048,r9,0.8648818535379743,,34.10228083000004,1.1859590509999975,,,,0.5172287136042334,0.8934217236104028,0.4708860759493671,0.8648818535379743,,,,,,,,,,,
relgnn,rel-event,user-ignore,BINARY_CLASSIFICATION,0,10,roc_auc,rtx-pro-6000,False,"{""aggr"": ""sum"", ""channels"": 64, ""lr"": 0.0041393676084, ""num_heads"": 8, ""num_model_layers"": 2, ""num_neighbors"": 256, ""subgraph_type"": ""directional""}",c642344c,r10,0.8546801191896389,,27.56217404900002,1.2186187890000042,,,,0.5288939080233964,0.8949515553289138,0.4690721649484536,0.8546801191896389,,,,,,,,,,,
relgnn,rel-event,user-repeat,BINARY_CLASSIFICATION,0,10,roc_auc,rtx-pro-6000,False,"{""aggr"": ""sum"", ""channels"": 128, ""lr"": 0.005, ""num_heads"": 8, ""num_model_layers"": 2, ""num_neighbors"": 128, ""simplified_MP"": false, ""subgraph_type"": ""directional""}",afe1474f,default,0.5464025026068822,0.7411764705882351,67.514585581,1.0874809579999862,7.94307175299997,1.163900152999986,,0.5161160098475577,0.5171102661596958,0.0863309352517985,0.5464025026068822,0.6313301139215662,0.6951219512195121,0.6666666666666666,0.7411764705882351,,,,,,,
relgnn,rel-event,user-repeat,BINARY_CLASSIFICATION,0,10,roc_auc,rtx-pro-6000,False,"{""aggr"": ""sum"", ""channels"": 128, ""lr"": 0.0011394964521, ""num_heads"": 4, ""num_model_layers"": 2, ""num_neighbors"": 64, ""subgraph_type"": ""bidirectional""}",70b52bd0,r1,0.6748348974626347,,6.397594577999996,1.1214885919999915,,,,0.6089800584020115,0.6387832699619772,0.6415094339622641,0.6748348974626347,,,,,,,,,,,
relgnn,rel-event,user-repeat,BINARY_CLASSIFICATION,0,10,roc_auc,rtx-pro-6000,False,"{""aggr"": ""mean"", ""channels"": 128, ""lr"": 0.0018735112039, ""num_heads"": 4, ""num_model_layers"": 1, ""num_neighbors"": 256, ""subgraph_type"": ""bidirectional""}",79b72acf,r2,0.6010311667245974,,8.14770219799999,1.093466300000017,,,,0.5672411998150738,0.5285171102661597,0.0461538461538461,0.6010311667245974,,,,,,,,,,,
relgnn,rel-event,user-repeat,BINARY_CLASSIFICATION,0,10,roc_auc,rtx-pro-6000,False,"{""aggr"": ""mean"", ""channels"": 256, ""lr"": 0.0030037592231, ""num_heads"": 4, ""num_model_layers"": 1, ""num_neighbors"": 64, ""subgraph_type"": ""directional""}",ce9904b8,r3,0.5592051905920519,,6.279704465000009,1.0830266160000122,,,,0.5395132818427271,0.5551330798479087,0.5224489795918368,0.5592051905920519,,,,,,,,,,,
relgnn,rel-event,user-repeat,BINARY_CLASSIFICATION,0,10,roc_auc,rtx-pro-6000,False,"{""aggr"": ""sum"", ""channels"": 64, ""lr"": 0.00648886485, ""num_heads"": 4, ""num_model_layers"": 2, ""num_neighbors"": 128, ""subgraph_type"": ""bidirectional""}",f0bb2bad,r4,0.5294867338662959,,6.5951150219999874,1.0985880570000006,,,,0.5168287119857131,0.5209125475285171,0.1923076923076923,0.5294867338662959,,,,,,,,,,,
relgnn,rel-event,user-repeat,BINARY_CLASSIFICATION,0,10,roc_auc,rtx-pro-6000,False,"{""aggr"": ""mean"", ""channels"": 256, ""lr"": 0.0030197929882, ""num_heads"": 2, ""num_model_layers"": 4, ""num_neighbors"": 128, ""subgraph_type"": ""directional""}",6f19af8d,r5,0.5240412466689839,,11.745039983000026,1.1028833660000146,,,,0.4999795216126436,0.4790874524714829,0.6478149100257069,0.5240412466689839,,,,,,,,,,,
relgnn,rel-event,user-repeat,BINARY_CLASSIFICATION,0,10,roc_auc,rtx-pro-6000,False,"{""aggr"": ""mean"", ""channels"": 256, ""lr"": 0.0037019789833, ""num_heads"": 16, ""num_model_layers"": 1, ""num_neighbors"": 256, ""subgraph_type"": ""bidirectional""}",012001ed,r6,0.5971498088286409,,17.60553774799999,1.1363718489999997,,,,0.5737273657447464,0.5627376425855514,0.4497607655502392,0.5971498088286409,,,,,,,,,,,
relgnn,rel-event,user-repeat,BINARY_CLASSIFICATION,0,10,roc_auc,rtx-pro-6000,True,"{""aggr"": ""mean"", ""channels"": 64, ""lr"": 0.0010442146945, ""num_heads"": 2, ""num_model_layers"": 2, ""num_neighbors"": 256, ""subgraph_type"": ""bidirectional""}",d2fbdf27,r7,0.68908585331943,0.7849598930481283,7.919456165000014,1.0922453150000138,51.47703273500002,1.1564771610000548,,0.6259138849010091,0.6539923954372624,0.6714801444043321,0.68908585331943,0.6782508650823424,0.7154471544715447,0.6902654867256637,0.7849598930481283,,,,,,,
relgnn,rel-event,user-repeat,BINARY_CLASSIFICATION,0,10,roc_auc,rtx-pro-6000,False,"{""aggr"": ""mean"", ""channels"": 256, ""lr"": 0.0041460591823, ""num_heads"": 4, ""num_model_layers"": 2, ""num_neighbors"": 256, ""subgraph_type"": ""directional""}",f87e8891,r8,0.5543969412582552,,13.72403945900001,1.1008899550000135,,,,0.5271765351207222,0.4790874524714829,0.6478149100257069,0.5543969412582552,,,,,,,,,,,
relgnn,rel-event,user-repeat,BINARY_CLASSIFICATION,0,10,roc_auc,rtx-pro-6000,False,"{""aggr"": ""mean"", ""channels"": 256, ""lr"": 0.004093508747, ""num_heads"": 8, ""num_model_layers"": 2, ""num_neighbors"": 64, ""subgraph_type"": ""bidirectional""}",79a48048,r9,0.5960201598887729,,11.312838005000003,1.0778807519999989,,,,0.5532417802266649,0.5209125475285171,0.0,0.5960201598887729,,,,,,,,,,,
relgnn,rel-event,user-repeat,BINARY_CLASSIFICATION,0,10,roc_auc,rtx-pro-6000,False,"{""aggr"": ""sum"", ""channels"": 64, ""lr"": 0.0041393676084, ""num_heads"": 8, ""num_model_layers"": 2, ""num_neighbors"": 256, ""subgraph_type"": ""directional""}",c642344c,r10,0.5427528675703859,,8.583564241000005,1.0981834849999927,,,,0.538309330131307,0.5209125475285171,0.2840909090909091,0.5427528675703859,,,,,,,,,,,
relgnn,rel-f1,driver-dnf,BINARY_CLASSIFICATION,0,10,roc_auc,rtx-pro-6000,False,"{""aggr"": ""sum"", ""channels"": 128, ""lr"": 0.005, ""num_heads"": 8, ""num_model_layers"": 2, ""num_neighbors"": 128, ""simplified_MP"": false, ""subgraph_type"": ""directional""}",afe1474f,default,0.6543310657596372,0.6882008490704142,43.448915795000005,0.094340951999996,20.565677697999945,0.1028149599999892,,0.8637960621863187,0.7791519434628975,0.8758689175769613,0.6543310657596372,0.848348125720324,0.7051282051282052,0.8270676691729323,0.6882008490704142,,,,,,,
relgnn,rel-f1,driver-dnf,BINARY_CLASSIFICATION,0,10,roc_auc,rtx-pro-6000,False,"{""aggr"": ""sum"", ""channels"": 128, ""lr"": 0.0011394964521, ""num_heads"": 4, ""num_model_layers"": 2, ""num_neighbors"": 64, ""subgraph_type"": ""bidirectional""}",70b52bd0,r1,0.6398730158730159,,15.781388230000005,0.0830922119999968,,,,0.8661654239877397,0.6872791519434629,0.7953757225433526,0.6398730158730159,,,,,,,,,,,
relgnn,rel-f1,driver-dnf,BINARY_CLASSIFICATION,0,10,roc_auc,rtx-pro-6000,False,"{""aggr"": ""mean"", ""channels"": 128, ""lr"": 0.0018735112039, ""num_heads"": 4, ""num_model_layers"": 1, ""num_neighbors"": 256, ""subgraph_type"": ""bidirectional""}",79b72acf,r2,0.65697052154195,,10.78288773,0.0781486420000021,,,,0.8730904352284965,0.7791519434628975,0.8758689175769613,0.65697052154195,,,,,,,,,,,
relgnn,rel-f1,driver-dnf,BINARY_CLASSIFICATION,0,10,roc_auc,rtx-pro-6000,False,"{""aggr"": ""mean"", ""channels"": 256, ""lr"": 0.0030037592231, ""num_heads"": 4, ""num_model_layers"": 1, ""num_neighbors"": 64, ""subgraph_type"": ""directional""}",ce9904b8,r3,0.6207800453514739,,11.307545246000018,0.0683227099999896,,,,0.8636551621579404,0.7526501766784452,0.8559670781893004,0.6207800453514739,,,,,,,,,,,
relgnn,rel-f1,driver-dnf,BINARY_CLASSIFICATION,0,10,roc_auc,rtx-pro-6000,False,"{""aggr"": ""sum"", ""channels"": 64, ""lr"": 0.00648886485, ""num_heads"": 4, ""num_model_layers"": 2, ""num_neighbors"": 128, ""subgraph_type"": ""bidirectional""}",f0bb2bad,r4,0.6502131519274377,,15.786998963000002,0.0797393309999847,,,,0.8563485690016257,0.7791519434628975,0.8758689175769613,0.6502131519274377,,,,,,,,,,,
relgnn,rel-f1,driver-dnf,BINARY_CLASSIFICATION,0,10,roc_auc,rtx-pro-6000,False,"{""aggr"": ""mean"", ""channels"": 256, ""lr"": 0.0030197929882, ""num_heads"": 2, ""num_model_layers"": 4, ""num_neighbors"": 128, ""subgraph_type"": ""directional""}",6f19af8d,r5,0.6488072562358276,,34.729587108000004,0.1347422489999985,,,,0.8468114522035831,0.7791519434628975,0.8758689175769613,0.6488072562358276,,,,,,,,,,,
relgnn,rel-f1,driver-dnf,BINARY_CLASSIFICATION,0,10,roc_auc,rtx-pro-6000,False,"{""aggr"": ""mean"", ""channels"": 256, ""lr"": 0.0037019789833, ""num_heads"": 16, ""num_model_layers"": 1, ""num_neighbors"": 256, ""subgraph_type"": ""bidirectional""}",012001ed,r6,0.6520181405895691,,35.73354248300001,0.2175684830000079,,,,0.8710646013453037,0.7243816254416962,0.832258064516129,0.6520181405895691,,,,,,,,,,,
relgnn,rel-f1,driver-dnf,BINARY_CLASSIFICATION,0,10,roc_auc,rtx-pro-6000,True,"{""aggr"": ""mean"", ""channels"": 64, ""lr"": 0.0010442146945, ""num_heads"": 2, ""num_model_layers"": 2, ""num_neighbors"": 256, ""subgraph_type"": ""bidirectional""}",d2fbdf27,r7,0.6655147392290248,0.7145805884936319,15.283646962000034,0.0745065449999629,19.489334692,0.0880367040000464,,0.8663349724600651,0.7190812720848057,0.8166089965397924,0.6655147392290248,0.851173466509222,0.7108262108262108,0.8182632050134289,0.7145805884936319,,,,,,,
relgnn,rel-f1,driver-dnf,BINARY_CLASSIFICATION,0,10,roc_auc,rtx-pro-6000,False,"{""aggr"": ""mean"", ""channels"": 256, ""lr"": 0.0041460591823, ""num_heads"": 4, ""num_model_layers"": 2, ""num_neighbors"": 256, ""subgraph_type"": ""directional""}",f87e8891,r8,0.6471927437641722,,26.61292425900001,0.1217101180000099,,,,0.8723713566172473,0.7791519434628975,0.8758689175769613,0.6471927437641722,,,,,,,,,,,
relgnn,rel-f1,driver-dnf,BINARY_CLASSIFICATION,0,10,roc_auc,rtx-pro-6000,False,"{""aggr"": ""mean"", ""channels"": 256, ""lr"": 0.004093508747, ""num_heads"": 8, ""num_model_layers"": 2, ""num_neighbors"": 64, ""subgraph_type"": ""bidirectional""}",79a48048,r9,0.6156643990929704,,39.48563774899998,0.1577215679999994,,,,0.8590352421272992,0.7791519434628975,0.8758689175769613,0.6156643990929704,,,,,,,,,,,
relgnn,rel-f1,driver-dnf,BINARY_CLASSIFICATION,0,10,roc_auc,rtx-pro-6000,False,"{""aggr"": ""sum"", ""channels"": 64, ""lr"": 0.0041393676084, ""num_heads"": 8, ""num_model_layers"": 2, ""num_neighbors"": 256, ""subgraph_type"": ""directional""}",c642344c,r10,0.6477006802721088,,13.838389785000004,0.0743830189999812,,,,0.871708811739245,0.7791519434628975,0.8758689175769613,0.6477006802721088,,,,,,,,,,,
relgnn,rel-f1,driver-position,REGRESSION,0,10,mae,rtx-pro-6000,False,"{""aggr"": ""sum"", ""channels"": 128, ""lr"": 0.005, ""num_heads"": 8, ""num_model_layers"": 2, ""num_neighbors"": 128, ""simplified_MP"": false, ""subgraph_type"": ""directional""}",afe1474f,default,3.7188260860099103,4.756877975547523,36.196238595,0.0653751060000047,12.80203493800002,0.0925213209999924,,,,,,,,,,-0.0451793527553063,3.7188260860099103,4.739643759470022,-0.2273239369566524,4.756877975547523,5.77230749319647,
relgnn,rel-f1,driver-position,REGRESSION,0,10,mae,rtx-pro-6000,False,"{""aggr"": ""sum"", ""channels"": 128, ""lr"": 0.0011394964521, ""num_heads"": 4, ""num_model_layers"": 2, ""num_neighbors"": 64, ""subgraph_type"": ""bidirectional""}",70b52bd0,r1,3.866765239514266,,9.493811293999997,0.05095833499999,,,,,,,,,,,,-0.0001157395922206,3.866765239514266,4.63634153539773,,,,
relgnn,rel-f1,driver-position,REGRESSION,0,10,mae,rtx-pro-6000,False,"{""aggr"": ""mean"", ""channels"": 128, ""lr"": 0.0018735112039, ""num_heads"": 4, ""num_model_layers"": 1, ""num_neighbors"": 256, ""subgraph_type"": ""bidirectional""}",79b72acf,r2,3.729407527467451,,6.572464902999982,0.0504077450000011,,,,,,,,,,,,-0.0095555532993323,3.729407527467451,4.658170714231031,,,,
relgnn,rel-f1,driver-position,REGRESSION,0,10,mae,rtx-pro-6000,False,"{""aggr"": ""mean"", ""channels"": 256, ""lr"": 0.0030037592231, ""num_heads"": 4, ""num_model_layers"": 1, ""num_neighbors"": 64, ""subgraph_type"": ""directional""}",ce9904b8,r3,3.7060055362596938,,7.214575827999994,0.0473507939999819,,,,,,,,,,,,-0.0307339935759687,3.7060055362596938,4.706776639134668,,,,
relgnn,rel-f1,driver-position,REGRESSION,0,10,mae,rtx-pro-6000,False,"{""aggr"": ""sum"", ""channels"": 64, ""lr"": 0.00648886485, ""num_heads"": 4, ""num_model_layers"": 2, ""num_neighbors"": 128, ""subgraph_type"": ""bidirectional""}",f0bb2bad,r4,3.698293928376977,,10.168784051000015,0.0492885049999927,,,,,,,,,,,,0.012168784411682,3.698293928376977,4.607779227125076,,,,
relgnn,rel-f1,driver-position,REGRESSION,0,10,mae,rtx-pro-6000,False,"{""aggr"": ""mean"", ""channels"": 256, ""lr"": 0.0030197929882, ""num_heads"": 2, ""num_model_layers"": 4, ""num_neighbors"": 128, ""subgraph_type"": ""directional""}",6f19af8d,r5,3.7510978691085786,,20.999945819000004,0.0921010120000005,,,,,,,,,,,,-0.0477881739110241,3.7510978691085786,4.745555269608032,,,,
relgnn,rel-f1,driver-position,REGRESSION,0,10,mae,rtx-pro-6000,True,"{""aggr"": ""mean"", ""channels"": 256, ""lr"": 0.0037019789833, ""num_heads"": 16, ""num_model_layers"": 1, ""num_neighbors"": 256, ""subgraph_type"": ""bidirectional""}",012001ed,r6,3.602468506527011,4.2188533375556005,22.131255063,0.1592558640000163,28.02376296999998,0.2457996210000033,,,,,,,,,,0.0905533303870079,3.602468506527011,4.421187241524442,-0.0667409965198839,4.2188533375556005,5.381450487205644,
relgnn,rel-f1,driver-position,REGRESSION,0,10,mae,rtx-pro-6000,False,"{""aggr"": ""mean"", ""channels"": 64, ""lr"": 0.0010442146945, ""num_heads"": 2, ""num_model_layers"": 2, ""num_neighbors"": 256, ""subgraph_type"": ""bidirectional""}",d2fbdf27,r7,4.30799546697256,,9.661610790000026,0.0515843809999978,,,,,,,,,,,,-0.2183718897917532,4.30799546697256,5.117292302797135,,,,
relgnn,rel-f1,driver-position,REGRESSION,0,10,mae,rtx-pro-6000,False,"{""aggr"": ""mean"", ""channels"": 256, ""lr"": 0.0041460591823, ""num_heads"": 4, ""num_model_layers"": 2, ""num_neighbors"": 256, ""subgraph_type"": ""directional""}",f87e8891,r8,3.631177256373302,,16.101442652000003,0.1048897929999839,,,,,,,,,,,,0.0389129440448248,3.631177256373302,4.544976622247683,,,,
relgnn,rel-f1,driver-position,REGRESSION,0,10,mae,rtx-pro-6000,False,"{""aggr"": ""mean"", ""channels"": 256, ""lr"": 0.004093508747, ""num_heads"": 8, ""num_model_layers"": 2, ""num_neighbors"": 64, ""subgraph_type"": ""bidirectional""}",79a48048,r9,3.845943172661241,,24.244693754,0.1197527369999988,,,,,,,,,,,,-0.0176445628789179,3.845943172661241,4.676795153006191,,,,
relgnn,rel-f1,driver-position,REGRESSION,0,10,mae,rtx-pro-6000,False,"{""aggr"": ""sum"", ""channels"": 64, ""lr"": 0.0041393676084, ""num_heads"": 8, ""num_model_layers"": 2, ""num_neighbors"": 256, ""subgraph_type"": ""directional""}",c642344c,r10,3.7023515278288106,,8.540246028000013,0.0492214470000078,,,,,,,,,,,,0.0094929892329375,3.7023515278288106,4.614015684906046,,,,
relgnn,rel-f1,driver-top3,BINARY_CLASSIFICATION,0,10,roc_auc,rtx-pro-6000,False,"{""aggr"": ""sum"", ""channels"": 128, ""lr"": 0.005, ""num_heads"": 8, ""num_model_layers"": 2, ""num_neighbors"": 128, ""simplified_MP"": false, ""subgraph_type"": ""directional""}",afe1474f,default,0.6334056010463887,0.688323056020067,27.631214934,0.0945337539999968,4.907377107999992,0.1066774429999952,,0.2730670797883737,0.7976190476190477,0.0,0.6334056010463887,0.2551004123175786,0.8236914600550964,0.0,0.688323056020067,,,,,,,
relgnn,rel-f1,driver-top3,BINARY_CLASSIFICATION,0,10,roc_auc,rtx-pro-6000,True,"{""aggr"": ""sum"", ""channels"": 128, ""lr"": 0.0011394964521, ""num_heads"": 4, ""num_model_layers"": 2, ""num_neighbors"": 64, ""subgraph_type"": ""bidirectional""}",70b52bd0,r1,0.6987511422479439,0.7779839046822742,3.3133705010000085,0.0779868489999984,7.427442522999996,0.080565287000013,,0.3529183753115223,0.8078231292517006,0.1629629629629629,0.6987511422479439,0.3172242953279721,0.7823691460055097,0.3828125,0.7779839046822742,,,,,,,
relgnn,rel-f1,driver-top3,BINARY_CLASSIFICATION,0,10,roc_auc,rtx-pro-6000,False,"{""aggr"": ""mean"", ""channels"": 128, ""lr"": 0.0018735112039, ""num_heads"": 4, ""num_model_layers"": 1, ""num_neighbors"": 256, ""subgraph_type"": ""bidirectional""}",79b72acf,r2,0.694630090842307,,2.438556048999999,0.074271355999997,,,,0.3699659497802964,0.79421768707483,0.1768707482993197,0.694630090842307,,,,,,,,,,,
relgnn,rel-f1,driver-top3,BINARY_CLASSIFICATION,0,10,roc_auc,rtx-pro-6000,False,"{""aggr"": ""mean"", ""channels"": 256, ""lr"": 0.0030037592231, ""num_heads"": 4, ""num_model_layers"": 1, ""num_neighbors"": 64, ""subgraph_type"": ""directional""}",ce9904b8,r3,0.6686495493719875,,2.480020736,0.0687406779999975,,,,0.3353183114979674,0.4625850340136054,0.3992395437262357,0.6686495493719875,,,,,,,,,,,
relgnn,rel-f1,driver-top3,BINARY_CLASSIFICATION,0,10,roc_auc,rtx-pro-6000,False,"{""aggr"": ""sum"", ""channels"": 64, ""lr"": 0.00648886485, ""num_heads"": 4, ""num_model_layers"": 2, ""num_neighbors"": 128, ""subgraph_type"": ""bidirectional""}",f0bb2bad,r4,0.683816810306212,,2.8904872880000028,0.0762075930000065,,,,0.3500349521919754,0.7976190476190477,0.0,0.683816810306212,,,,,,,,,,,
relgnn,rel-f1,driver-top3,BINARY_CLASSIFICATION,0,10,roc_auc,rtx-pro-6000,False,"{""aggr"": ""mean"", ""channels"": 256, ""lr"": 0.0030197929882, ""num_heads"": 2, ""num_model_layers"": 4, ""num_neighbors"": 128, ""subgraph_type"": ""directional""}",6f19af8d,r5,0.6833778287434376,,7.900212496000009,0.1383814889999968,,,,0.2922449981032942,0.7976190476190477,0.0,0.6833778287434376,,,,,,,,,,,
relgnn,rel-f1,driver-top3,BINARY_CLASSIFICATION,0,10,roc_auc,rtx-pro-6000,False,"{""aggr"": ""mean"", ""channels"": 256, ""lr"": 0.0037019789833, ""num_heads"": 16, ""num_model_layers"": 1, ""num_neighbors"": 256, ""subgraph_type"": ""bidirectional""}",012001ed,r6,0.6697066886456076,,8.475214438000009,0.2124302250000198,,,,0.2674072069355224,0.2023809523809523,0.3366336633663366,0.6697066886456076,,,,,,,,,,,
relgnn,rel-f1,driver-top3,BINARY_CLASSIFICATION,0,10,roc_auc,rtx-pro-6000,False,"{""aggr"": ""mean"", ""channels"": 64, ""lr"": 0.0010442146945, ""num_heads"": 2, ""num_model_layers"": 2, ""num_neighbors"": 256, ""subgraph_type"": ""bidirectional""}",d2fbdf27,r7,0.6869255164752468,,2.97050267100002,0.0759863449999898,,,,0.3569092806438781,0.7976190476190477,0.0,0.6869255164752468,,,,,,,,,,,
relgnn,rel-f1,driver-top3,BINARY_CLASSIFICATION,0,10,roc_auc,rtx-pro-6000,False,"{""aggr"": ""mean"", ""channels"": 256, ""lr"": 0.0041460591823, ""num_heads"": 4, ""num_model_layers"": 2, ""num_neighbors"": 256, ""subgraph_type"": ""directional""}",f87e8891,r8,0.5754241995305585,,5.794741135999999,0.1224428009999769,,,,0.2535378961222012,0.7976190476190477,0.0,0.5754241995305585,,,,,,,,,,,
relgnn,rel-f1,driver-top3,BINARY_CLASSIFICATION,0,10,roc_auc,rtx-pro-6000,False,"{""aggr"": ""mean"", ""channels"": 256, ""lr"": 0.004093508747, ""num_heads"": 8, ""num_model_layers"": 2, ""num_neighbors"": 64, ""subgraph_type"": ""bidirectional""}",79a48048,r9,0.6921843364211356,,8.551839256999983,0.1635385069999984,,,,0.3302284908536446,0.4625850340136054,0.3992395437262357,0.6921843364211356,,,,,,,,,,,
relgnn,rel-f1,driver-top3,BINARY_CLASSIFICATION,0,10,roc_auc,rtx-pro-6000,False,"{""aggr"": ""sum"", ""channels"": 64, ""lr"": 0.0041393676084, ""num_heads"": 8, ""num_model_layers"": 2, ""num_neighbors"": 256, ""subgraph_type"": ""directional""}",c642344c,r10,0.655838454784899,,3.047559307,0.0715714119999972,,,,0.3510318650776569,0.6071428571428571,0.384,0.655838454784899,,,,,,,,,,,
relgnn,rel-hm,item-sales,REGRESSION,0,10,mae,rtx-pro-6000,False,"{""aggr"": ""sum"", ""channels"": 128, ""lr"": 0.005, ""num_heads"": 8, ""num_model_layers"": 2, ""num_neighbors"": 128, ""simplified_MP"": false, ""subgraph_type"": ""directional""}",afe1474f,default,0.0674924580963458,0.0760870451124123,396.322428431,4.147191627999973,358.0290926539992,4.791128714000479,,,,,,,,,,0.173963001080323,0.0674924580963458,0.6019333184528008,-0.0170498271781662,0.0760870451124123,0.5876541979252354,
relgnn,rel-hm,item-sales,REGRESSION,0,10,mae,rtx-pro-6000,False,"{""aggr"": ""sum"", ""channels"": 128, ""lr"": 0.0011394964521, ""num_heads"": 4, ""num_model_layers"": 2, ""num_neighbors"": 64, ""subgraph_type"": ""bidirectional""}",70b52bd0,r1,0.0687050539815321,,340.35709099599995,3.208541940000032,,,,,,,,,,,,0.1696468304291334,0.0687050539815321,0.6035038667244095,,,,
relgnn,rel-hm,item-sales,REGRESSION,0,10,mae,rtx-pro-6000,False,"{""aggr"": ""mean"", ""channels"": 128, ""lr"": 0.0018735112039, ""num_heads"": 4, ""num_model_layers"": 1, ""num_neighbors"": 256, ""subgraph_type"": ""bidirectional""}",79b72acf,r2,0.0696156924773445,,418.946819173,5.067347935000043,,,,,,,,,,,,0.1713659373095323,0.0696156924773445,0.6028788163059385,,,,
relgnn,rel-hm,item-sales,REGRESSION,0,10,mae,rtx-pro-6000,False,"{""aggr"": ""mean"", ""channels"": 256, ""lr"": 0.0030037592231, ""num_heads"": 4, ""num_model_layers"": 1, ""num_neighbors"": 64, ""subgraph_type"": ""directional""}",ce9904b8,r3,0.0707309279752067,,293.44183555300015,3.07851133600002,,,,,,,,,,,,0.1518719199929017,0.0707309279752067,0.6099290999671863,,,,
relgnn,rel-hm,item-sales,REGRESSION,0,10,mae,rtx-pro-6000,False,"{""aggr"": ""sum"", ""channels"": 64, ""lr"": 0.00648886485, ""num_heads"": 4, ""num_model_layers"": 2, ""num_neighbors"": 128, ""subgraph_type"": ""bidirectional""}",f0bb2bad,r4,0.0693875106275334,,412.7763446889998,3.9088636460001,,,,,,,,,,,,0.1679749110071482,0.0693875106275334,0.6041111399139041,,,,
relgnn,rel-hm,item-sales,REGRESSION,0,10,mae,rtx-pro-6000,False,"{""aggr"": ""mean"", ""channels"": 256, ""lr"": 0.0030197929882, ""num_heads"": 2, ""num_model_layers"": 4, ""num_neighbors"": 128, ""subgraph_type"": ""directional""}",6f19af8d,r5,0.085690221805826,,469.332617966,4.834510358999978,,,,,,,,,,,,-0.0167403782891157,0.085690221805826,0.6678111543867765,,,,
relgnn,rel-hm,item-sales,REGRESSION,0,10,mae,rtx-pro-6000,False,"{""aggr"": ""mean"", ""channels"": 256, ""lr"": 0.0037019789833, ""num_heads"": 16, ""num_model_layers"": 1, ""num_neighbors"": 256, ""subgraph_type"": ""bidirectional""}",012001ed,r6,0.0697351155139355,,635.0862922229999,9.177254360999996,,,,,,,,,,,,0.1643600348475921,0.0697351155139355,0.6054220499846781,,,,
relgnn,rel-hm,item-sales,REGRESSION,0,10,mae,rtx-pro-6000,True,"{""aggr"": ""mean"", ""channels"": 64, ""lr"": 0.0010442146945, ""num_heads"": 2, ""num_model_layers"": 2, ""num_neighbors"": 256, ""subgraph_type"": ""bidirectional""}",d2fbdf27,r7,0.0662671882544377,0.0569981927012677,462.7065531869998,5.094735019999916,487.10616718599977,5.963553741999931,,,,,,,,,,0.1720008066205283,0.0662671882544377,0.6026478201303039,0.2101970528881619,0.0569981927012677,0.5178573000239644,
relgnn,rel-hm,item-sales,REGRESSION,0,10,mae,rtx-pro-6000,False,"{""aggr"": ""mean"", ""channels"": 256, ""lr"": 0.0041460591823, ""num_heads"": 4, ""num_model_layers"": 2, ""num_neighbors"": 256, ""subgraph_type"": ""directional""}",f87e8891,r8,0.0670184349240474,,487.0116002939999,6.890765447999911,,,,,,,,,,,,0.1713807378812564,0.0670184349240474,0.6028734321494044,,,,
relgnn,rel-hm,item-sales,REGRESSION,0,10,mae,rtx-pro-6000,False,"{""aggr"": ""mean"", ""channels"": 256, ""lr"": 0.004093508747, ""num_heads"": 8, ""num_model_layers"": 2, ""num_neighbors"": 64, ""subgraph_type"": ""bidirectional""}",79a48048,r9,0.0697204500781732,,399.8479798200001,5.061805379999896,,,,,,,,,,,,0.1619279110648405,0.0697204500781732,0.6063024479952656,,,,
relgnn,rel-hm,item-sales,REGRESSION,0,10,mae,rtx-pro-6000,False,"{""aggr"": ""sum"", ""channels"": 64, ""lr"": 0.0041393676084, ""num_heads"": 8, ""num_model_layers"": 2, ""num_neighbors"": 256, ""subgraph_type"": ""directional""}",c642344c,r10,0.0673693547454912,,421.9183664330003,4.953876090999984,,,,,,,,,,,,0.166700377846185,0.0673693547454912,0.6045736650540035,,,,
relgnn,rel-hm,user-churn,BINARY_CLASSIFICATION,0,10,roc_auc,rtx-pro-6000,False,"{""aggr"": ""sum"", ""channels"": 128, ""lr"": 0.005, ""num_heads"": 8, ""num_model_layers"": 2, ""num_neighbors"": 128, ""simplified_MP"": false, ""subgraph_type"": ""directional""}",afe1474f,default,0.6761594947712015,0.6428630545957197,619.4368140610001,5.402334070000052,512.6608125489993,5.096064112000022,,0.8917038940628307,0.8128036992528346,0.8967365849792118,0.6761594947712015,0.8886041173816872,0.8261347636607442,0.9047905774540328,0.6428630545957197,,,,,,,
relgnn,rel-hm,user-churn,BINARY_CLASSIFICATION,0,10,roc_auc,rtx-pro-6000,False,"{""aggr"": ""sum"", ""channels"": 128, ""lr"": 0.0011394964521, ""num_heads"": 4, ""num_model_layers"": 2, ""num_neighbors"": 64, ""subgraph_type"": ""bidirectional""}",70b52bd0,r1,0.6961439662545343,,585.7174255320001,5.120847681999976,,,,0.898415386956819,0.8154945399446157,0.8974196968706653,0.6961439662545343,,,,,,,,,,,
relgnn,rel-hm,user-churn,BINARY_CLASSIFICATION,0,10,roc_auc,rtx-pro-6000,False,"{""aggr"": ""mean"", ""channels"": 128, ""lr"": 0.0018735112039, ""num_heads"": 4, ""num_model_layers"": 1, ""num_neighbors"": 256, ""subgraph_type"": ""bidirectional""}",79b72acf,r2,0.6705667224532623,,589.4155569200002,5.367891558999872,,,,0.8883418236783748,0.8128036992528346,0.8967365849792118,0.6705667224532623,,,,,,,,,,,
relgnn,rel-hm,user-churn,BINARY_CLASSIFICATION,0,10,roc_auc,rtx-pro-6000,False,"{""aggr"": ""mean"", ""channels"": 256, ""lr"": 0.0030037592231, ""num_heads"": 4, ""num_model_layers"": 1, ""num_neighbors"": 64, ""subgraph_type"": ""directional""}",ce9904b8,r3,0.64110265027961,,526.374643696,4.804626740999993,,,,0.880654021623642,0.8128036992528346,0.8967365849792118,0.64110265027961,,,,,,,,,,,
relgnn,rel-hm,user-churn,BINARY_CLASSIFICATION,0,10,roc_auc,rtx-pro-6000,False,"{""aggr"": ""sum"", ""channels"": 64, ""lr"": 0.00648886485, ""num_heads"": 4, ""num_model_layers"": 2, ""num_neighbors"": 128, ""subgraph_type"": ""bidirectional""}",f0bb2bad,r4,0.679152643132119,,597.685518752,5.26239330899989,,,,0.8929180324726005,0.8128036992528346,0.8967365849792118,0.679152643132119,,,,,,,,,,,
relgnn,rel-hm,user-churn,BINARY_CLASSIFICATION,0,10,roc_auc,rtx-pro-6000,False,"{""aggr"": ""mean"", ""channels"": 256, ""lr"": 0.0030197929882, ""num_heads"": 2, ""num_model_layers"": 4, ""num_neighbors"": 128, ""subgraph_type"": ""directional""}",6f19af8d,r5,0.6842199813573696,,662.5114776380001,5.642767029000424,,,,0.8935069241575906,0.8096034275562987,0.8917618404051505,0.6842199813573696,,,,,,,,,,,
relgnn,rel-hm,user-churn,BINARY_CLASSIFICATION,0,10,roc_auc,rtx-pro-6000,False,"{""aggr"": ""mean"", ""channels"": 256, ""lr"": 0.0037019789833, ""num_heads"": 16, ""num_model_layers"": 1, ""num_neighbors"": 256, ""subgraph_type"": ""bidirectional""}",012001ed,r6,0.6663178713434219,,605.5767835499996,6.597146202000658,,,,0.8880621539117666,0.8128036992528346,0.8967365849792118,0.6663178713434219,,,,,,,,,,,
relgnn,rel-hm,user-churn,BINARY_CLASSIFICATION,0,10,roc_auc,rtx-pro-6000,True,"{""aggr"": ""mean"", ""channels"": 64, ""lr"": 0.0010442146945, ""num_heads"": 2, ""num_model_layers"": 2, ""num_neighbors"": 256, ""subgraph_type"": ""bidirectional""}",d2fbdf27,r7,0.6992207471299507,0.6921678434027281,609.6308990930002,5.284985696000149,563.5448363699998,5.035082139999759,,0.8986208890717974,0.8174930769632687,0.8967789598108747,0.6992207471299507,0.904843245539785,0.8287093530003352,0.9050090722508104,0.6921678434027281,,,,,,,
relgnn,rel-hm,user-churn,BINARY_CLASSIFICATION,0,10,roc_auc,rtx-pro-6000,False,"{""aggr"": ""mean"", ""channels"": 256, ""lr"": 0.0041460591823, ""num_heads"": 4, ""num_model_layers"": 2, ""num_neighbors"": 256, ""subgraph_type"": ""directional""}",f87e8891,r8,0.6697038292189492,,590.182956611,5.59397566700045,,,,0.889140397232939,0.8128036992528346,0.8967365849792118,0.6697038292189492,,,,,,,,,,,
relgnn,rel-hm,user-churn,BINARY_CLASSIFICATION,0,10,roc_auc,rtx-pro-6000,False,"{""aggr"": ""mean"", ""channels"": 256, ""lr"": 0.004093508747, ""num_heads"": 8, ""num_model_layers"": 2, ""num_neighbors"": 64, ""subgraph_type"": ""bidirectional""}",79a48048,r9,0.6676039470747558,,628.5293497809998,6.6116717470004005,,,,0.8884399271730526,0.8128690109201108,0.8966735906756679,0.6676039470747558,,,,,,,,,,,
relgnn,rel-hm,user-churn,BINARY_CLASSIFICATION,0,10,roc_auc,rtx-pro-6000,False,"{""aggr"": ""sum"", ""channels"": 64, ""lr"": 0.0041393676084, ""num_heads"": 8, ""num_model_layers"": 2, ""num_neighbors"": 256, ""subgraph_type"": ""directional""}",c642344c,r10,0.6840702028006335,,579.3417670140007,5.137377058999846,,,,0.8940770087635754,0.8132086315899473,0.8968968102901309,0.6840702028006335,,,,,,,,,,,
relgnn,rel-stack,post-votes,REGRESSION,0,10,mae,rtx-pro-6000,False,"{""aggr"": ""sum"", ""channels"": 128, ""lr"": 0.005, ""num_heads"": 8, ""num_model_layers"": 2, ""num_neighbors"": 128, ""simplified_MP"": false, ""subgraph_type"": ""directional""}",afe1474f,default,0.0616902224719524,0.0852017700672149,1396.886214242,12.17806822700004,1255.5765782339986,3.135476633000508,,,,,,,,,,-0.0284039974212646,0.0616902224719524,0.3712007403373718,-0.0173107385635375,0.0852017700672149,0.372259646654129,
relgnn,rel-stack,post-votes,REGRESSION,0,10,mae,rtx-pro-6000,False,"{""aggr"": ""sum"", ""channels"": 128, ""lr"": 0.0011394964521, ""num_heads"": 4, ""num_model_layers"": 2, ""num_neighbors"": 64, ""subgraph_type"": ""bidirectional""}",70b52bd0,r1,0.0616902224719524,,1245.2214425180002,9.965675504000046,,,,,,,,,,,,-0.0284039974212646,0.0616902224719524,0.3712007403373718,,,,
relgnn,rel-stack,post-votes,REGRESSION,0,10,mae,rtx-pro-6000,True,"{""aggr"": ""mean"", ""channels"": 128, ""lr"": 0.0018735112039, ""num_heads"": 4, ""num_model_layers"": 1, ""num_neighbors"": 256, ""subgraph_type"": ""bidirectional""}",79b72acf,r2,0.0603909268975257,0.0680174082517623,1082.6655859469995,10.371001636000074,1127.6563223500016,2.5881585699971765,,,,,,,,,,0.0621460676193237,0.0603909268975257,0.3544822931289673,-0.0339866876602172,0.0680174082517623,0.3752983212471008,
relgnn,rel-stack,post-votes,REGRESSION,0,10,mae,rtx-pro-6000,False,"{""aggr"": ""mean"", ""channels"": 256, ""lr"": 0.0030037592231, ""num_heads"": 4, ""num_model_layers"": 1, ""num_neighbors"": 64, ""subgraph_type"": ""directional""}",ce9904b8,r3,0.0616902224719524,,891.4223824179999,9.494430765999825,,,,,,,,,,,,-0.0284039974212646,0.0616902224719524,0.3712007403373718,,,,
relgnn,rel-stack,post-votes,REGRESSION,0,10,mae,rtx-pro-6000,False,"{""aggr"": ""sum"", ""channels"": 64, ""lr"": 0.00648886485, ""num_heads"": 4, ""num_model_layers"": 2, ""num_neighbors"": 128, ""subgraph_type"": ""bidirectional""}",f0bb2bad,r4,0.0616902224719524,,1374.879469675,11.508694776000084,,,,,,,,,,,,-0.0284039974212646,0.0616902224719524,0.3712007403373718,,,,
relgnn,rel-stack,post-votes,REGRESSION,0,10,mae,rtx-pro-6000,False,"{""aggr"": ""mean"", ""channels"": 256, ""lr"": 0.0030197929882, ""num_heads"": 2, ""num_model_layers"": 4, ""num_neighbors"": 128, ""subgraph_type"": ""directional""}",6f19af8d,r5,0.0616902224719524,,1970.65197088,14.566791886999454,,,,,,,,,,,,-0.0284039974212646,0.0616902224719524,0.3712007403373718,,,,
relgnn,rel-stack,post-votes,REGRESSION,0,10,mae,rtx-pro-6000,False,"{""aggr"": ""mean"", ""channels"": 256, ""lr"": 0.0037019789833, ""num_heads"": 16, ""num_model_layers"": 1, ""num_neighbors"": 256, ""subgraph_type"": ""bidirectional""}",012001ed,r6,0.0616902224719524,,2135.845431077999,19.903954905999857,,,,,,,,,,,,-0.0284039974212646,0.0616902224719524,0.3712007403373718,,,,
relgnn,rel-stack,post-votes,REGRESSION,0,10,mae,rtx-pro-6000,False,"{""aggr"": ""mean"", ""channels"": 64, ""lr"": 0.0010442146945, ""num_heads"": 2, ""num_model_layers"": 2, ""num_neighbors"": 256, ""subgraph_type"": ""bidirectional""}",d2fbdf27,r7,0.0616892129182815,,1355.056438988,11.162569623998934,,,,,,,,,,,,-0.0281919240951538,0.0616892129182815,0.3711624443531036,,,,
relgnn,rel-stack,post-votes,REGRESSION,0,10,mae,rtx-pro-6000,False,"{""aggr"": ""mean"", ""channels"": 256, ""lr"": 0.0041460591823, ""num_heads"": 4, ""num_model_layers"": 2, ""num_neighbors"": 256, ""subgraph_type"": ""directional""}",f87e8891,r8,0.0616902224719524,,1843.26492021,16.182488335000016,,,,,,,,,,,,-0.0284039974212646,0.0616902224719524,0.3712007403373718,,,,
relgnn,rel-stack,post-votes,REGRESSION,0,10,mae,rtx-pro-6000,False,"{""aggr"": ""mean"", ""channels"": 256, ""lr"": 0.004093508747, ""num_heads"": 8, ""num_model_layers"": 2, ""num_neighbors"": 64, ""subgraph_type"": ""bidirectional""}",79a48048,r9,0.0616902224719524,,1858.9367726950004,15.200890517000516,,,,,,,,,,,,-0.0284039974212646,0.0616902224719524,0.3712007403373718,,,,
relgnn,rel-stack,post-votes,REGRESSION,0,10,mae,rtx-pro-6000,False,"{""aggr"": ""sum"", ""channels"": 64, ""lr"": 0.0041393676084, ""num_heads"": 8, ""num_model_layers"": 2, ""num_neighbors"": 256, ""subgraph_type"": ""directional""}",c642344c,r10,0.0616902224719524,,1481.9827988919988,12.6614157719996,,,,,,,,,,,,-0.0284039974212646,0.0616902224719524,0.3712007403373718,,,,
relgnn,rel-stack,user-badge,BINARY_CLASSIFICATION,0,10,roc_auc,rtx-pro-6000,False,"{""aggr"": ""sum"", ""channels"": 128, ""lr"": 0.005, ""num_heads"": 8, ""num_model_layers"": 2, ""num_neighbors"": 128, ""simplified_MP"": false, ""subgraph_type"": ""directional""}",afe1474f,default,0.8870077399668874,0.6082231566861989,1001.74800378,9.516611680000096,856.6682939919992,4.7024910939999245,,0.3157203817203773,0.9714791550457158,0.2549102428722281,0.8870077399668874,0.0387233667548097,0.973625469924812,0.0,0.6082231566861989,,,,,,,
relgnn,rel-stack,user-badge,BINARY_CLASSIFICATION,0,10,roc_auc,rtx-pro-6000,False,"{""aggr"": ""sum"", ""channels"": 128, ""lr"": 0.0011394964521, ""num_heads"": 4, ""num_model_layers"": 2, ""num_neighbors"": 64, ""subgraph_type"": ""bidirectional""}",70b52bd0,r1,0.8938919114561834,,978.766511542,9.796212878999995,,,,0.339943498623673,0.972404789044374,0.2286747260196588,0.8938919114561834,,,,,,,,,,,
relgnn,rel-stack,user-badge,BINARY_CLASSIFICATION,0,10,roc_auc,rtx-pro-6000,False,"{""aggr"": ""mean"", ""channels"": 128, ""lr"": 0.0018735112039, ""num_heads"": 4, ""num_model_layers"": 1, ""num_neighbors"": 256, ""subgraph_type"": ""bidirectional""}",79b72acf,r2,0.8853215720555603,,702.1301774059998,8.199531615000069,,,,0.3167123639291168,0.9717540157964092,0.1156669197671475,0.8853215720555603,,,,,,,,,,,
relgnn,rel-stack,user-badge,BINARY_CLASSIFICATION,0,10,roc_auc,rtx-pro-6000,False,"{""aggr"": ""mean"", ""channels"": 256, ""lr"": 0.0030037592231, ""num_heads"": 4, ""num_model_layers"": 1, ""num_neighbors"": 64, ""subgraph_type"": ""directional""}",ce9904b8,r3,0.8835676191975911,,677.7450406479998,7.74010996700008,,,,0.3028149155337444,0.971543828163526,0.2208942009738822,0.8835676191975911,,,,,,,,,,,
relgnn,rel-stack,user-badge,BINARY_CLASSIFICATION,0,10,roc_auc,rtx-pro-6000,False,"{""aggr"": ""sum"", ""channels"": 64, ""lr"": 0.00648886485, ""num_heads"": 4, ""num_model_layers"": 2, ""num_neighbors"": 128, ""subgraph_type"": ""bidirectional""}",f0bb2bad,r4,0.8873178384061513,,954.9456374829996,9.642425017999813,,,,0.3164745026694321,0.971960161359429,0.1407159668029233,0.8873178384061513,,,,,,,,,,,
relgnn,rel-stack,user-badge,BINARY_CLASSIFICATION,0,10,roc_auc,rtx-pro-6000,False,"{""aggr"": ""mean"", ""channels"": 256, ""lr"": 0.0030197929882, ""num_heads"": 2, ""num_model_layers"": 4, ""num_neighbors"": 128, ""subgraph_type"": ""directional""}",6f19af8d,r5,0.8856819925751633,,1540.152495751,13.79602323600011,,,,0.3052758467453606,0.9718025206347668,0.1972382048331415,0.8856819925751633,,,,,,,,,,,
relgnn,rel-stack,user-badge,BINARY_CLASSIFICATION,0,10,roc_auc,rtx-pro-6000,False,"{""aggr"": ""mean"", ""channels"": 256, ""lr"": 0.0037019789833, ""num_heads"": 16, ""num_model_layers"": 1, ""num_neighbors"": 256, ""subgraph_type"": ""bidirectional""}",012001ed,r6,0.8869512765185268,,724.3760322919998,9.585163933999866,,,,0.3219403974687331,0.9720329186169654,0.1371742112482853,0.8869512765185268,,,,,,,,,,,
relgnn,rel-stack,user-badge,BINARY_CLASSIFICATION,0,10,roc_auc,rtx-pro-6000,True,"{""aggr"": ""mean"", ""channels"": 64, ""lr"": 0.0010442146945, ""num_heads"": 2, ""num_model_layers"": 2, ""num_neighbors"": 256, ""subgraph_type"": ""bidirectional""}",d2fbdf27,r7,0.8943306511755407,0.6109435062853116,977.8493263110004,9.971861624999292,897.1078660410003,4.872481724998579,,0.3315443601682563,0.9715357440237996,0.2473279179136383,0.8943306511755407,0.0396435569079339,0.973625469924812,0.0,0.6109435062853116,,,,,,,
relgnn,rel-stack,user-badge,BINARY_CLASSIFICATION,0,10,roc_auc,rtx-pro-6000,False,"{""aggr"": ""mean"", ""channels"": 256, ""lr"": 0.0041460591823, ""num_heads"": 4, ""num_model_layers"": 2, ""num_neighbors"": 256, ""subgraph_type"": ""directional""}",f87e8891,r8,0.8884057821361849,,1004.9918643579996,10.144713098001375,,,,0.3243072208664964,0.971778268215588,0.2526225647612931,0.8884057821361849,,,,,,,,,,,
relgnn,rel-stack,user-badge,BINARY_CLASSIFICATION,0,10,roc_auc,rtx-pro-6000,False,"{""aggr"": ""mean"", ""channels"": 256, ""lr"": 0.004093508747, ""num_heads"": 8, ""num_model_layers"": 2, ""num_neighbors"": 64, ""subgraph_type"": ""bidirectional""}",79a48048,r9,0.888284198109706,,1000.609565822,10.41129529599857,,,,0.3150197099995476,0.9717944364950404,0.1506815968841285,0.888284198109706,,,,,,,,,,,
relgnn,rel-stack,user-badge,BINARY_CLASSIFICATION,0,10,roc_auc,rtx-pro-6000,False,"{""aggr"": ""sum"", ""channels"": 64, ""lr"": 0.0041393676084, ""num_heads"": 8, ""num_model_layers"": 2, ""num_neighbors"": 256, ""subgraph_type"": ""directional""}",c642344c,r10,0.891989882060388,,1018.6424708760004,9.433461851000176,,,,0.3336298307752202,0.9722148117608064,0.1671916646474436,0.891989882060388,,,,,,,,,,,
relgnn,rel-stack,user-engagement,BINARY_CLASSIFICATION,0,10,roc_auc,rtx-pro-6000,False,"{""aggr"": ""sum"", ""channels"": 128, ""lr"": 0.005, ""num_heads"": 8, ""num_model_layers"": 2, ""num_neighbors"": 128, ""simplified_MP"": false, ""subgraph_type"": ""directional""}",afe1474f,default,0.8983263758472251,0.8955707008719039,1052.043970652,4.259994667000001,941.9778203699988,4.386110797999208,,0.3913339703734264,0.9751354500436936,0.324255858138062,0.8983263758472251,0.3685368158620367,0.9751182817658872,0.2345549738219895,0.8955707008719039,,,,,,,
relgnn,rel-stack,user-engagement,BINARY_CLASSIFICATION,0,10,roc_auc,rtx-pro-6000,False,"{""aggr"": ""sum"", ""channels"": 128, ""lr"": 0.0011394964521, ""num_heads"": 4, ""num_model_layers"": 2, ""num_neighbors"": 64, ""subgraph_type"": ""bidirectional""}",70b52bd0,r1,0.9025351639262968,,994.1397250210002,4.311298395999984,,,,0.4010879767921734,0.9752170113603262,0.2821464731690853,0.9025351639262968,,,,,,,,,,,
relgnn,rel-stack,user-engagement,BINARY_CLASSIFICATION,0,10,roc_auc,rtx-pro-6000,False,"{""aggr"": ""mean"", ""channels"": 128, ""lr"": 0.0018735112039, ""num_heads"": 4, ""num_model_layers"": 1, ""num_neighbors"": 256, ""subgraph_type"": ""bidirectional""}",79b72acf,r2,0.8958838020250842,,778.4489137119999,3.900263713000186,,,,0.3587992852699498,0.9741334110107778,0.2489851150202977,0.8958838020250842,,,,,,,,,,,
relgnn,rel-stack,user-engagement,BINARY_CLASSIFICATION,0,10,roc_auc,rtx-pro-6000,False,"{""aggr"": ""mean"", ""channels"": 256, ""lr"": 0.0030037592231, ""num_heads"": 4, ""num_model_layers"": 1, ""num_neighbors"": 64, ""subgraph_type"": ""directional""}",ce9904b8,r3,0.8971722430937007,,752.105539361,3.609010838999893,,,,0.3667618041031597,0.9744013981939994,0.2933419105821808,0.8971722430937007,,,,,,,,,,,
relgnn,rel-stack,user-engagement,BINARY_CLASSIFICATION,0,10,roc_auc,rtx-pro-6000,False,"{""aggr"": ""sum"", ""channels"": 64, ""lr"": 0.00648886485, ""num_heads"": 4, ""num_model_layers"": 2, ""num_neighbors"": 128, ""subgraph_type"": ""bidirectional""}",f0bb2bad,r4,0.8955112000225364,,1011.7443284250004,4.357552082000439,,,,0.3764767026881487,0.974494611127294,0.214567635450305,0.8955112000225364,,,,,,,,,,,
relgnn,rel-stack,user-engagement,BINARY_CLASSIFICATION,0,10,roc_auc,rtx-pro-6000,False,"{""aggr"": ""mean"", ""channels"": 256, ""lr"": 0.0030197929882, ""num_heads"": 2, ""num_model_layers"": 4, ""num_neighbors"": 128, ""subgraph_type"": ""directional""}",6f19af8d,r5,0.8906141145256792,,1566.5017729210003,5.884519125000224,,,,0.3574273397843783,0.9739469851441888,0.2273669661368348,0.8906141145256792,,,,,,,,,,,
relgnn,rel-stack,user-engagement,BINARY_CLASSIFICATION,0,10,roc_auc,rtx-pro-6000,False,"{""aggr"": ""mean"", ""channels"": 256, ""lr"": 0.0037019789833, ""num_heads"": 16, ""num_model_layers"": 1, ""num_neighbors"": 256, ""subgraph_type"": ""bidirectional""}",012001ed,r6,0.8979654874888365,,950.1933648100004,5.779984822999722,,,,0.3800989322059709,0.9748907660937955,0.3028146230993206,0.8979654874888365,,,,,,,,,,,
relgnn,rel-stack,user-engagement,BINARY_CLASSIFICATION,0,10,roc_auc,rtx-pro-6000,True,"{""aggr"": ""mean"", ""channels"": 64, ""lr"": 0.0010442146945, ""num_heads"": 2, ""num_model_layers"": 2, ""num_neighbors"": 256, ""subgraph_type"": ""bidirectional""}",d2fbdf27,r7,0.9027869474868117,0.9055020053522314,1055.474985152,4.67124374299965,1035.190877846,4.7428679229997215,,0.4007884294796117,0.9751820565103408,0.3389199255121042,0.9027869474868117,0.393278303420875,0.9754359690028024,0.2986718496922578,0.9055020053522314,,,,,,,
relgnn,rel-stack,user-engagement,BINARY_CLASSIFICATION,0,10,roc_auc,rtx-pro-6000,False,"{""aggr"": ""mean"", ""channels"": 256, ""lr"": 0.0041460591823, ""num_heads"": 4, ""num_model_layers"": 2, ""num_neighbors"": 256, ""subgraph_type"": ""directional""}",f87e8891,r8,0.8976448644708452,,1039.369291801,4.805849132999356,,,,0.3848617098887504,0.9746227789105738,0.2187948350071736,0.8976448644708452,,,,,,,,,,,
relgnn,rel-stack,user-engagement,BINARY_CLASSIFICATION,0,10,roc_auc,rtx-pro-6000,False,"{""aggr"": ""mean"", ""channels"": 256, ""lr"": 0.004093508747, ""num_heads"": 8, ""num_model_layers"": 2, ""num_neighbors"": 64, ""subgraph_type"": ""bidirectional""}",79a48048,r9,0.8967203684686955,,1153.969367517,5.409901351998997,,,,0.3859492112999543,0.9749024177104574,0.2909809084924292,0.8967203684686955,,,,,,,,,,,
relgnn,rel-stack,user-engagement,BINARY_CLASSIFICATION,0,10,roc_auc,rtx-pro-6000,False,"{""aggr"": ""sum"", ""channels"": 64, ""lr"": 0.0041393676084, ""num_heads"": 8, ""num_model_layers"": 2, ""num_neighbors"": 256, ""subgraph_type"": ""directional""}",c642344c,r10,0.8992787808148186,,1005.1570389089992,4.2744349780005,,,,0.3856787407567525,0.974797553160501,0.2615227039945373,0.8992787808148186,,,,,,,,,,,
relgnn,rel-trial,site-success,REGRESSION,0,10,mae,rtx-pro-6000,False,"{""aggr"": ""sum"", ""channels"": 128, ""lr"": 0.005, ""num_heads"": 8, ""num_model_layers"": 2, ""num_neighbors"": 128, ""simplified_MP"": false, ""subgraph_type"": ""directional""}",afe1474f,default,0.4061889835141807,0.3624891135266889,237.219427467,1.3446078339999872,193.2614316559998,1.583131283000057,,,,,,,,,,-0.4153238730760993,0.4061889835141807,0.5683000396233542,-0.3626513731399787,0.3624891135266889,0.5617413185196797,
relgnn,rel-trial,site-success,REGRESSION,0,10,mae,rtx-pro-6000,False,"{""aggr"": ""sum"", ""channels"": 128, ""lr"": 0.0011394964521, ""num_heads"": 4, ""num_model_layers"": 2, ""num_neighbors"": 64, ""subgraph_type"": ""bidirectional""}",70b52bd0,r1,0.3983499891377933,,181.77133991100004,1.8323105089999672,,,,,,,,,,,,-0.5534375338447253,0.3983499891377933,0.5953833253154627,,,,
relgnn,rel-trial,site-success,REGRESSION,0,10,mae,rtx-pro-6000,False,"{""aggr"": ""mean"", ""channels"": 128, ""lr"": 0.0018735112039, ""num_heads"": 4, ""num_model_layers"": 1, ""num_neighbors"": 256, ""subgraph_type"": ""bidirectional""}",79b72acf,r2,0.3896199674713319,,130.62910357400006,1.2952806299999793,,,,,,,,,,,,-0.4868216437762154,0.3896199674713319,0.5824775716548765,,,,
relgnn,rel-trial,site-success,REGRESSION,0,10,mae,rtx-pro-6000,False,"{""aggr"": ""mean"", ""channels"": 256, ""lr"": 0.0030037592231, ""num_heads"": 4, ""num_model_layers"": 1, ""num_neighbors"": 64, ""subgraph_type"": ""directional""}",ce9904b8,r3,0.3947773023049149,,100.28390392800009,1.0915353299999424,,,,,,,,,,,,-0.4043353463863477,0.3947773023049149,0.5660896096924226,,,,
relgnn,rel-trial,site-success,REGRESSION,0,10,mae,rtx-pro-6000,True,"{""aggr"": ""sum"", ""channels"": 64, ""lr"": 0.00648886485, ""num_heads"": 4, ""num_model_layers"": 2, ""num_neighbors"": 128, ""subgraph_type"": ""bidirectional""}",f0bb2bad,r4,0.3430763997082921,0.462167151512017,187.647294548,1.3706013940000048,223.36787036099983,1.576088226000138,,,,,,,,,,-0.2425381464241298,0.3430763997082921,0.5324816371281139,-0.9068669935519936,0.462167151512017,0.6645140854576226,
relgnn,rel-trial,site-success,REGRESSION,0,10,mae,rtx-pro-6000,False,"{""aggr"": ""mean"", ""channels"": 256, ""lr"": 0.0030197929882, ""num_heads"": 2, ""num_model_layers"": 4, ""num_neighbors"": 128, ""subgraph_type"": ""directional""}",6f19af8d,r5,0.4683825215011726,,267.0228262090001,1.604292428000008,,,,,,,,,,,,-0.4329230304888776,0.4683825215011726,0.5718224496109559,,,,
relgnn,rel-trial,site-success,REGRESSION,0,10,mae,rtx-pro-6000,False,"{""aggr"": ""mean"", ""channels"": 256, ""lr"": 0.0037019789833, ""num_heads"": 16, ""num_model_layers"": 1, ""num_neighbors"": 256, ""subgraph_type"": ""bidirectional""}",012001ed,r6,0.3601506930936056,,158.905453933,1.920295473000124,,,,,,,,,,,,-0.3021586700258714,0.3601506930936056,0.5451069555695517,,,,
relgnn,rel-trial,site-success,REGRESSION,0,10,mae,rtx-pro-6000,False,"{""aggr"": ""mean"", ""channels"": 64, ""lr"": 0.0010442146945, ""num_heads"": 2, ""num_model_layers"": 2, ""num_neighbors"": 256, ""subgraph_type"": ""bidirectional""}",d2fbdf27,r7,0.3812637423910101,,189.14758593500005,1.8461669509999863,,,,,,,,,,,,-0.492728056717628,0.3812637423910101,0.583633373745405,,,,
relgnn,rel-trial,site-success,REGRESSION,0,10,mae,rtx-pro-6000,False,"{""aggr"": ""mean"", ""channels"": 256, ""lr"": 0.0041460591823, ""num_heads"": 4, ""num_model_layers"": 2, ""num_neighbors"": 256, ""subgraph_type"": ""directional""}",f87e8891,r8,0.3518942331392134,,189.54373976300008,1.528450434999968,,,,,,,,,,,,-0.3406080558671791,0.3518942331392134,0.5530962100758825,,,,
relgnn,rel-trial,site-success,REGRESSION,0,10,mae,rtx-pro-6000,False,"{""aggr"": ""mean"", ""channels"": 256, ""lr"": 0.004093508747, ""num_heads"": 8, ""num_model_layers"": 2, ""num_neighbors"": 64, ""subgraph_type"": ""bidirectional""}",79a48048,r9,0.3662853421581339,,187.69112832,1.6113373460000275,,,,,,,,,,,,-0.4090485105925838,0.3662853421581339,0.5670387556446299,,,,
relgnn,rel-trial,site-success,REGRESSION,0,10,mae,rtx-pro-6000,False,"{""aggr"": ""sum"", ""channels"": 64, ""lr"": 0.0041393676084, ""num_heads"": 8, ""num_model_layers"": 2, ""num_neighbors"": 256, ""subgraph_type"": ""directional""}",c642344c,r10,0.3805682050160774,,190.30806543900007,1.3852917010003694,,,,,,,,,,,,-0.4697870824236316,0.3805682050160774,0.5791312275146128,,,,
relgnn,rel-trial,study-adverse,REGRESSION,0,10,mae,rtx-pro-6000,False,"{""aggr"": ""sum"", ""channels"": 128, ""lr"": 0.005, ""num_heads"": 8, ""num_model_layers"": 2, ""num_neighbors"": 128, ""simplified_MP"": false, ""subgraph_type"": ""directional""}",afe1474f,default,49.16333298815686,49.36958005276176,102.452359344,0.3554695739999829,55.83468316800008,0.3218700730000137,,,,,,,,,,0.0423098838606439,49.16333298815686,382.752250713477,0.1054044581131978,49.36958005276176,236.16088134907992,
relgnn,rel-trial,study-adverse,REGRESSION,0,10,mae,rtx-pro-6000,False,"{""aggr"": ""sum"", ""channels"": 128, ""lr"": 0.0011394964521, ""num_heads"": 4, ""num_model_layers"": 2, ""num_neighbors"": 64, ""subgraph_type"": ""bidirectional""}",70b52bd0,r1,50.26247685871712,,56.408361327,0.3522859139999923,,,,,,,,,,,,0.0123302636103911,50.26247685871712,388.6969419090403,,,,
relgnn,rel-trial,study-adverse,REGRESSION,0,10,mae,rtx-pro-6000,False,"{""aggr"": ""mean"", ""channels"": 128, ""lr"": 0.0018735112039, ""num_heads"": 4, ""num_model_layers"": 1, ""num_neighbors"": 256, ""subgraph_type"": ""bidirectional""}",79b72acf,r2,49.30445958405435,,46.617166749000006,0.3413592160000007,,,,,,,,,,,,0.0290955170961263,49.30445958405435,385.3838434845885,,,,
relgnn,rel-trial,study-adverse,REGRESSION,0,10,mae,rtx-pro-6000,False,"{""aggr"": ""mean"", ""channels"": 256, ""lr"": 0.0030037592231, ""num_heads"": 4, ""num_model_layers"": 1, ""num_neighbors"": 64, ""subgraph_type"": ""directional""}",ce9904b8,r3,48.55215045496059,,44.579218673000014,0.3006133979999958,,,,,,,,,,,,0.0511242980963153,48.55215045496059,380.9867862987109,,,,
relgnn,rel-trial,study-adverse,REGRESSION,0,10,mae,rtx-pro-6000,False,"{""aggr"": ""sum"", ""channels"": 64, ""lr"": 0.00648886485, ""num_heads"": 4, ""num_model_layers"": 2, ""num_neighbors"": 128, ""subgraph_type"": ""bidirectional""}",f0bb2bad,r4,49.6960337714865,,59.829326124999966,0.3618902639999533,,,,,,,,,,,,0.0266420539461096,49.6960337714865,385.8704662659012,,,,
relgnn,rel-trial,study-adverse,REGRESSION,0,10,mae,rtx-pro-6000,False,"{""aggr"": ""mean"", ""channels"": 256, ""lr"": 0.0030197929882, ""num_heads"": 2, ""num_model_layers"": 4, ""num_neighbors"": 128, ""subgraph_type"": ""directional""}",6f19af8d,r5,49.58432827837707,,86.90825596299999,0.4233553810000217,,,,,,,,,,,,0.0378560088740659,49.58432827837707,383.6412403870623,,,,
relgnn,rel-trial,study-adverse,REGRESSION,0,10,mae,rtx-pro-6000,False,"{""aggr"": ""mean"", ""channels"": 256, ""lr"": 0.0037019789833, ""num_heads"": 16, ""num_model_layers"": 1, ""num_neighbors"": 256, ""subgraph_type"": ""bidirectional""}",012001ed,r6,49.22759442486789,,47.73132906799992,0.3619257820000712,,,,,,,,,,,,0.0447977566509462,49.22759442486789,382.2547734364176,,,,
relgnn,rel-trial,study-adverse,REGRESSION,0,10,mae,rtx-pro-6000,False,"{""aggr"": ""mean"", ""channels"": 64, ""lr"": 0.0010442146945, ""num_heads"": 2, ""num_model_layers"": 2, ""num_neighbors"": 256, ""subgraph_type"": ""bidirectional""}",d2fbdf27,r7,51.845936595426,,59.739088643999935,0.3716118029999506,,,,,,,,,,,,-0.001791807026406,51.845936595426,391.465945973991,,,,
relgnn,rel-trial,study-adverse,REGRESSION,0,10,mae,rtx-pro-6000,False,"{""aggr"": ""mean"", ""channels"": 256, ""lr"": 0.0041460591823, ""num_heads"": 4, ""num_model_layers"": 2, ""num_neighbors"": 256, ""subgraph_type"": ""directional""}",f87e8891,r8,48.63438239859498,,59.35084159899998,0.3679684349999661,,,,,,,,,,,,0.0570031203324524,48.63438239859498,379.80473815989393,,,,
relgnn,rel-trial,study-adverse,REGRESSION,0,10,mae,rtx-pro-6000,False,"{""aggr"": ""mean"", ""channels"": 256, ""lr"": 0.004093508747, ""num_heads"": 8, ""num_model_layers"": 2, ""num_neighbors"": 64, ""subgraph_type"": ""bidirectional""}",79a48048,r9,48.69817116997879,,56.86194177499999,0.3619168190000437,,,,,,,,,,,,0.0557673504832442,48.69817116997879,380.0535181861172,,,,
relgnn,rel-trial,study-adverse,REGRESSION,0,10,mae,rtx-pro-6000,True,"{""aggr"": ""sum"", ""channels"": 64, ""lr"": 0.0041393676084, ""num_heads"": 8, ""num_model_layers"": 2, ""num_neighbors"": 256, ""subgraph_type"": ""directional""}",c642344c,r10,48.0826277246158,48.3012060464352,54.88845237299995,0.3460728009999911,91.67029229400008,0.3371403919999238,,,,,,,,,,0.0512772518148935,48.0826277246158,380.9560785389357,0.1286503325314478,48.3012060464352,233.0723907744834,
relgnn,rel-trial,study-outcome,BINARY_CLASSIFICATION,0,10,roc_auc,rtx-pro-6000,False,"{""aggr"": ""sum"", ""channels"": 128, ""lr"": 0.005, ""num_heads"": 8, ""num_model_layers"": 2, ""num_neighbors"": 128, ""simplified_MP"": false, ""subgraph_type"": ""directional""}",afe1474f,default,0.6331738437001595,0.6714370467230879,64.46398517100002,0.1975820769999927,17.16437691499999,0.2157832039999903,,0.695481668039002,0.5864583333333333,0.7382992748846408,0.6331738437001595,0.7401965918780257,0.6278787878787879,0.7241689128481581,0.6714370467230879,,,,,,,
relgnn,rel-trial,study-outcome,BINARY_CLASSIFICATION,0,10,roc_auc,rtx-pro-6000,False,"{""aggr"": ""sum"", ""channels"": 128, ""lr"": 0.0011394964521, ""num_heads"": 4, ""num_model_layers"": 2, ""num_neighbors"": 64, ""subgraph_type"": ""bidirectional""}",70b52bd0,r1,0.663990636126859,,17.601606581,0.1985344660000123,,,,0.7249307934582567,0.6177083333333333,0.7357811375089993,0.663990636126859,,,,,,,,,,,
relgnn,rel-trial,study-outcome,BINARY_CLASSIFICATION,0,10,roc_auc,rtx-pro-6000,False,"{""aggr"": ""mean"", ""channels"": 128, ""lr"": 0.0018735112039, ""num_heads"": 4, ""num_model_layers"": 1, ""num_neighbors"": 256, ""subgraph_type"": ""bidirectional""}",79b72acf,r2,0.6529693216999719,,15.217107203000012,0.2030911939999953,,,,0.7138713427373038,0.6322916666666667,0.7187250996015936,0.6529693216999719,,,,,,,,,,,
relgnn,rel-trial,study-outcome,BINARY_CLASSIFICATION,0,10,roc_auc,rtx-pro-6000,True,"{""aggr"": ""mean"", ""channels"": 256, ""lr"": 0.0030037592231, ""num_heads"": 4, ""num_model_layers"": 1, ""num_neighbors"": 64, ""subgraph_type"": ""directional""}",ce9904b8,r3,0.6673367911758006,0.6918261838170305,13.825612457999997,0.1770215279999831,44.85109980100003,0.1900628590000224,,0.7184175451451484,0.634375,0.704793944491169,0.6673367911758006,0.7463524024137389,0.6642424242424242,0.7506750675067507,0.6918261838170305,,,,,,,
relgnn,rel-trial,study-outcome,BINARY_CLASSIFICATION,0,10,roc_auc,rtx-pro-6000,False,"{""aggr"": ""sum"", ""channels"": 64, ""lr"": 0.00648886485, ""num_heads"": 4, ""num_model_layers"": 2, ""num_neighbors"": 128, ""subgraph_type"": ""bidirectional""}",f0bb2bad,r4,0.6405407458039037,,18.25656667600001,0.1983461920000024,,,,0.7036183892571534,0.6125,0.7009646302250804,0.6405407458039037,,,,,,,,,,,
relgnn,rel-trial,study-outcome,BINARY_CLASSIFICATION,0,10,roc_auc,rtx-pro-6000,False,"{""aggr"": ""mean"", ""channels"": 256, ""lr"": 0.0030197929882, ""num_heads"": 2, ""num_model_layers"": 4, ""num_neighbors"": 128, ""subgraph_type"": ""directional""}",6f19af8d,r5,0.5714352726736628,,26.82851393599998,0.2154864280000197,,,,0.6233309339653038,0.584375,0.73767258382643,0.5714352726736628,,,,,,,,,,,
relgnn,rel-trial,study-outcome,BINARY_CLASSIFICATION,0,10,roc_auc,rtx-pro-6000,False,"{""aggr"": ""mean"", ""channels"": 256, ""lr"": 0.0037019789833, ""num_heads"": 16, ""num_model_layers"": 1, ""num_neighbors"": 256, ""subgraph_type"": ""bidirectional""}",012001ed,r6,0.6666085892092084,,17.019639265000023,0.209109810999962,,,,0.7280516562749674,0.6385416666666667,0.7235059760956175,0.6666085892092084,,,,,,,,,,,
relgnn,rel-trial,study-outcome,BINARY_CLASSIFICATION,0,10,roc_auc,rtx-pro-6000,False,"{""aggr"": ""mean"", ""channels"": 64, ""lr"": 0.0010442146945, ""num_heads"": 2, ""num_model_layers"": 2, ""num_neighbors"": 256, ""subgraph_type"": ""bidirectional""}",d2fbdf27,r7,0.6518613825115374,,18.796620784000027,0.21247286199997,,,,0.7064009165611765,0.6166666666666667,0.7203647416413373,0.6518613825115374,,,,,,,,,,,
relgnn,rel-trial,study-outcome,BINARY_CLASSIFICATION,0,10,roc_auc,rtx-pro-6000,False,"{""aggr"": ""mean"", ""channels"": 256, ""lr"": 0.0041460591823, ""num_heads"": 4, ""num_model_layers"": 2, ""num_neighbors"": 256, ""subgraph_type"": ""directional""}",f87e8891,r8,0.6323920317728366,,18.437540668999983,0.1938840320000281,,,,0.6993221289771921,0.5864583333333333,0.737953795379538,0.6323920317728366,,,,,,,,,,,
relgnn,rel-trial,study-outcome,BINARY_CLASSIFICATION,0,10,roc_auc,rtx-pro-6000,False,"{""aggr"": ""mean"", ""channels"": 256, ""lr"": 0.004093508747, ""num_heads"": 8, ""num_model_layers"": 2, ""num_neighbors"": 64, ""subgraph_type"": ""bidirectional""}",79a48048,r9,0.6239708004413888,,18.63488747900004,0.2081430339999883,,,,0.6834438228255821,0.6166666666666667,0.7306002928257687,0.6239708004413888,,,,,,,,,,,
relgnn,rel-trial,study-outcome,BINARY_CLASSIFICATION,0,10,roc_auc,rtx-pro-6000,False,"{""aggr"": ""sum"", ""channels"": 64, ""lr"": 0.0041393676084, ""num_heads"": 8, ""num_model_layers"": 2, ""num_neighbors"": 256, ""subgraph_type"": ""directional""}",c642344c,r10,0.6373866931142473,,17.065060992000042,0.1923904230000062,,,,0.7012903679821716,0.6229166666666667,0.7108626198083067,0.6373866931142473,,,,,,,,,,,
relgnn-es,rel-amazon,item-churn,BINARY_CLASSIFICATION,0,10,roc_auc,rtx-pro-6000,False,"{""aggr"": ""sum"", ""channels"": 128, ""lr"": 0.005, ""num_heads"": 8, ""num_model_layers"": 2, ""num_neighbors"": 128, ""simplified_MP"": false, ""subgraph_type"": ""directional""}",afe1474f,default,0.7689223868613703,0.7745830799305025,540.3443850560001,6.720042050000075,397.90443997500006,6.785779998999715,,0.6502048752136709,0.7000039394672715,0.6171591088639595,0.7689223868613703,0.6264609384988501,0.7118950863691397,0.5467506506242221,0.7745830799305025,,,,,,,
relgnn-es,rel-amazon,item-churn,BINARY_CLASSIFICATION,0,10,roc_auc,rtx-pro-6000,True,"{""aggr"": ""sum"", ""channels"": 128, ""lr"": 0.0011394964521, ""num_heads"": 4, ""num_model_layers"": 2, ""num_neighbors"": 64, ""subgraph_type"": ""bidirectional""}",70b52bd0,r1,0.8124107055994978,0.7855785217940636,394.369476248,5.848611626999855,535.9397060369993,5.639374688000316,,0.7176727605164975,0.7379578927226784,0.6728082750091351,0.8124107055994978,0.6449994342847576,0.7244938324882224,0.5798047389205792,0.7855785217940636,,,,,,,
relgnn-es,rel-amazon,item-churn,BINARY_CLASSIFICATION,0,10,roc_auc,rtx-pro-6000,False,"{""aggr"": ""mean"", ""channels"": 128, ""lr"": 0.0018735112039, ""num_heads"": 4, ""num_model_layers"": 1, ""num_neighbors"": 256, ""subgraph_type"": ""bidirectional""}",79b72acf,r2,0.7669526979282533,,402.45949682800006,7.076250602000073,,,,0.6495008451397855,0.6825127047819505,0.5217774613024092,0.7669526979282533,,,,,,,,,,,
relgnn-es,rel-amazon,item-churn,BINARY_CLASSIFICATION,0,10,roc_auc,rtx-pro-6000,False,"{""aggr"": ""mean"", ""channels"": 256, ""lr"": 0.0030037592231, ""num_heads"": 4, ""num_model_layers"": 1, ""num_neighbors"": 64, ""subgraph_type"": ""directional""}",ce9904b8,r3,0.7643764120921345,,346.786646753,5.058502140999963,,,,0.6659434363281682,0.7027671943676873,0.5974497145601024,0.7643764120921345,,,,,,,,,,,
relgnn-es,rel-amazon,item-churn,BINARY_CLASSIFICATION,0,10,roc_auc,rtx-pro-6000,False,"{""aggr"": ""sum"", ""channels"": 64, ""lr"": 0.00648886485, ""num_heads"": 4, ""num_model_layers"": 2, ""num_neighbors"": 128, ""subgraph_type"": ""bidirectional""}",f0bb2bad,r4,0.7765442786927077,,415.99534145300026,6.468413967000288,,,,0.6633988288830515,0.6976064922420634,0.5702815099168266,0.7765442786927077,,,,,,,,,,,
relgnn-es,rel-amazon,item-churn,BINARY_CLASSIFICATION,0,10,roc_auc,rtx-pro-6000,False,"{""aggr"": ""mean"", ""channels"": 256, ""lr"": 0.0030197929882, ""num_heads"": 2, ""num_model_layers"": 4, ""num_neighbors"": 128, ""subgraph_type"": ""directional""}",6f19af8d,r5,0.7717213509550489,,490.2852702989999,7.807681418000357,,,,0.6631199431059693,0.7014165198746124,0.6023966366150318,0.7717213509550489,,,,,,,,,,,
relgnn-es,rel-amazon,item-churn,BINARY_CLASSIFICATION,0,10,roc_auc,rtx-pro-6000,False,"{""aggr"": ""mean"", ""channels"": 256, ""lr"": 0.0037019789833, ""num_heads"": 16, ""num_model_layers"": 1, ""num_neighbors"": 256, ""subgraph_type"": ""bidirectional""}",012001ed,r6,0.7739597596847912,,561.324796206,11.551718632000302,,,,0.6620847825577597,0.6929522930513425,0.5602669396242534,0.7739597596847912,,,,,,,,,,,
relgnn-es,rel-amazon,item-churn,BINARY_CLASSIFICATION,0,10,roc_auc,rtx-pro-6000,False,"{""aggr"": ""mean"", ""channels"": 64, ""lr"": 0.0010442146945, ""num_heads"": 2, ""num_model_layers"": 2, ""num_neighbors"": 256, ""subgraph_type"": ""bidirectional""}",d2fbdf27,r7,0.7939927140088457,,443.7604406680002,7.230972601999838,,,,0.6969132078715268,0.7168310925268306,0.6161955178568704,0.7939927140088457,,,,,,,,,,,
relgnn-es,rel-amazon,item-churn,BINARY_CLASSIFICATION,0,10,roc_auc,rtx-pro-6000,False,"{""aggr"": ""mean"", ""channels"": 256, ""lr"": 0.0041460591823, ""num_heads"": 4, ""num_model_layers"": 2, ""num_neighbors"": 256, ""subgraph_type"": ""directional""}",f87e8891,r8,0.7715999161482112,,443.963250156,8.35428506900007,,,,0.6615494749072869,0.685799346048433,0.532545171391731,0.7715999161482112,,,,,,,,,,,
relgnn-es,rel-amazon,item-churn,BINARY_CLASSIFICATION,0,10,roc_auc,rtx-pro-6000,False,"{""aggr"": ""mean"", ""channels"": 256, ""lr"": 0.004093508747, ""num_heads"": 8, ""num_model_layers"": 2, ""num_neighbors"": 64, ""subgraph_type"": ""bidirectional""}",79a48048,r9,0.7613385429426912,,502.2479804430004,8.58595297500051,,,,0.6508378128750931,0.6935657243836141,0.5861644397829359,0.7613385429426912,,,,,,,,,,,
relgnn-es,rel-amazon,item-churn,BINARY_CLASSIFICATION,0,10,roc_auc,rtx-pro-6000,False,"{""aggr"": ""sum"", ""channels"": 64, ""lr"": 0.0041393676084, ""num_heads"": 8, ""num_model_layers"": 2, ""num_neighbors"": 256, ""subgraph_type"": ""directional""}",c642344c,r10,0.7888268613257816,,406.3628109810006,5.930372224000166,,,,0.686200531156472,0.7087157899476051,0.5968061073459531,0.7888268613257816,,,,,,,,,,,
relgnn-es,rel-amazon,item-ltv,REGRESSION,0,10,mae,rtx-pro-6000,False,"{""aggr"": ""sum"", ""channels"": 128, ""lr"": 0.005, ""num_heads"": 8, ""num_model_layers"": 2, ""num_neighbors"": 128, ""simplified_MP"": false, ""subgraph_type"": ""directional""}",afe1474f,default,51.293044990579006,55.72135331404632,497.962558316,6.286184588999959,394.4033746559998,6.582697072999508,,,,,,,,,,0.0392630626064853,51.293044990579006,443.0536584355595,0.0162959703462121,55.72135331404632,659.1747508886041,
relgnn-es,rel-amazon,item-ltv,REGRESSION,0,10,mae,rtx-pro-6000,False,"{""aggr"": ""sum"", ""channels"": 128, ""lr"": 0.0011394964521, ""num_heads"": 4, ""num_model_layers"": 2, ""num_neighbors"": 64, ""subgraph_type"": ""bidirectional""}",70b52bd0,r1,50.08442637287542,,391.747270438,5.545572911999898,,,,,,,,,,,,0.041673497340152,50.08442637287542,442.49751107357696,,,,
relgnn-es,rel-amazon,item-ltv,REGRESSION,0,10,mae,rtx-pro-6000,False,"{""aggr"": ""mean"", ""channels"": 128, ""lr"": 0.0018735112039, ""num_heads"": 4, ""num_model_layers"": 1, ""num_neighbors"": 256, ""subgraph_type"": ""bidirectional""}",79b72acf,r2,49.595612878928975,,389.2522986940001,7.033418111999936,,,,,,,,,,,,0.0494973286225448,49.595612878928975,440.6875220484321,,,,
relgnn-es,rel-amazon,item-ltv,REGRESSION,0,10,mae,rtx-pro-6000,False,"{""aggr"": ""mean"", ""channels"": 256, ""lr"": 0.0030037592231, ""num_heads"": 4, ""num_model_layers"": 1, ""num_neighbors"": 64, ""subgraph_type"": ""directional""}",ce9904b8,r3,51.56846140590135,,329.8120907729999,5.081591336999964,,,,,,,,,,,,0.0340017058666702,51.56846140590135,444.26516625076647,,,,
relgnn-es,rel-amazon,item-ltv,REGRESSION,0,10,mae,rtx-pro-6000,False,"{""aggr"": ""sum"", ""channels"": 64, ""lr"": 0.00648886485, ""num_heads"": 4, ""num_model_layers"": 2, ""num_neighbors"": 128, ""subgraph_type"": ""bidirectional""}",f0bb2bad,r4,50.39293533767153,,404.0882800499999,5.936883409000075,,,,,,,,,,,,0.0441107209425103,50.39293533767153,441.9344712647382,,,,
relgnn-es,rel-amazon,item-ltv,REGRESSION,0,10,mae,rtx-pro-6000,False,"{""aggr"": ""mean"", ""channels"": 256, ""lr"": 0.0030197929882, ""num_heads"": 2, ""num_model_layers"": 4, ""num_neighbors"": 128, ""subgraph_type"": ""directional""}",6f19af8d,r5,49.84997025516342,,476.0609757430002,7.317933850999907,,,,,,,,,,,,0.0449843251456897,49.84997025516342,441.7324792187945,,,,
relgnn-es,rel-amazon,item-ltv,REGRESSION,0,10,mae,rtx-pro-6000,False,"{""aggr"": ""mean"", ""channels"": 256, ""lr"": 0.0037019789833, ""num_heads"": 16, ""num_model_layers"": 1, ""num_neighbors"": 256, ""subgraph_type"": ""bidirectional""}",012001ed,r6,48.4635337143653,,536.3015134259999,11.226323375999982,,,,,,,,,,,,0.0537635523965061,48.4635337143653,439.6974217520116,,,,
relgnn-es,rel-amazon,item-ltv,REGRESSION,0,10,mae,rtx-pro-6000,True,"{""aggr"": ""mean"", ""channels"": 64, ""lr"": 0.0010442146945, ""num_heads"": 2, ""num_model_layers"": 2, ""num_neighbors"": 256, ""subgraph_type"": ""bidirectional""}",d2fbdf27,r7,47.1622391145552,52.45808442347734,431.9820199880001,6.653508195000086,528.7022989029992,7.156074301999979,,,,,,,,,,0.0581711187063901,47.1622391145552,438.6721718722199,0.0260071297505973,52.45808442347734,655.912983150089,
relgnn-es,rel-amazon,item-ltv,REGRESSION,0,10,mae,rtx-pro-6000,False,"{""aggr"": ""mean"", ""channels"": 256, ""lr"": 0.0041460591823, ""num_heads"": 4, ""num_model_layers"": 2, ""num_neighbors"": 256, ""subgraph_type"": ""directional""}",f87e8891,r8,49.30551848360592,,421.2367323520002,7.782965494999644,,,,,,,,,,,,0.0539706518617556,49.30551848360592,439.6493015996709,,,,
relgnn-es,rel-amazon,item-ltv,REGRESSION,0,10,mae,rtx-pro-6000,False,"{""aggr"": ""mean"", ""channels"": 256, ""lr"": 0.004093508747, ""num_heads"": 8, ""num_model_layers"": 2, ""num_neighbors"": 64, ""subgraph_type"": ""bidirectional""}",79a48048,r9,51.03786217062052,,461.4439829809999,7.238794889000019,,,,,,,,,,,,0.0409429073372916,51.03786217062052,442.66615018858346,,,,
relgnn-es,rel-amazon,item-ltv,REGRESSION,0,10,mae,rtx-pro-6000,False,"{""aggr"": ""sum"", ""channels"": 64, ""lr"": 0.0041393676084, ""num_heads"": 8, ""num_model_layers"": 2, ""num_neighbors"": 256, ""subgraph_type"": ""directional""}",c642344c,r10,49.26189407314228,,392.3579691669993,5.674082692999946,,,,,,,,,,,,0.0527569025253883,49.26189407314228,439.9312447549167,,,,
relgnn-es,rel-amazon,user-churn,BINARY_CLASSIFICATION,0,10,roc_auc,rtx-pro-6000,False,"{""aggr"": ""sum"", ""channels"": 128, ""lr"": 0.005, ""num_heads"": 8, ""num_model_layers"": 2, ""num_neighbors"": 128, ""simplified_MP"": false, ""subgraph_type"": ""directional""}",afe1474f,default,0.6752998701511377,0.6650694221871241,531.610559844,8.97517980300006,407.43021225699977,9.06694462300038,,0.757491030971407,0.6843032562861159,0.7754749268475548,0.6752998701511377,0.7155657767527396,0.6682296773093482,0.7600431632495761,0.6650694221871241,,,,,,,
relgnn-es,rel-amazon,user-churn,BINARY_CLASSIFICATION,0,10,roc_auc,rtx-pro-6000,False,"{""aggr"": ""sum"", ""channels"": 128, ""lr"": 0.0011394964521, ""num_heads"": 4, ""num_model_layers"": 2, ""num_neighbors"": 64, ""subgraph_type"": ""bidirectional""}",70b52bd0,r1,0.6887219419581142,,403.524241615,8.792655291000074,,,,0.7665266887380069,0.6980419334686866,0.7902989096356753,0.6887219419581142,,,,,,,,,,,
relgnn-es,rel-amazon,user-churn,BINARY_CLASSIFICATION,0,10,roc_auc,rtx-pro-6000,False,"{""aggr"": ""mean"", ""channels"": 128, ""lr"": 0.0018735112039, ""num_heads"": 4, ""num_model_layers"": 1, ""num_neighbors"": 256, ""subgraph_type"": ""bidirectional""}",79b72acf,r2,0.6614817407617509,,383.2392621049999,9.051130845999978,,,,0.7479611303489839,0.6675825784788381,0.7568575793922778,0.6614817407617509,,,,,,,,,,,
relgnn-es,rel-amazon,user-churn,BINARY_CLASSIFICATION,0,10,roc_auc,rtx-pro-6000,False,"{""aggr"": ""mean"", ""channels"": 256, ""lr"": 0.0030037592231, ""num_heads"": 4, ""num_model_layers"": 1, ""num_neighbors"": 64, ""subgraph_type"": ""directional""}",ce9904b8,r3,0.6632211022177426,,354.48919402599995,8.210495203999926,,,,0.7508916495587764,0.6786296462595658,0.7806812296306411,0.6632211022177426,,,,,,,,,,,
relgnn-es,rel-amazon,user-churn,BINARY_CLASSIFICATION,0,10,roc_auc,rtx-pro-6000,False,"{""aggr"": ""sum"", ""channels"": 64, ""lr"": 0.00648886485, ""num_heads"": 4, ""num_model_layers"": 2, ""num_neighbors"": 128, ""subgraph_type"": ""bidirectional""}",f0bb2bad,r4,0.6695228788133013,,418.0621546749999,9.344442187999904,,,,0.7507375169130006,0.6812358464782133,0.7715044876268842,0.6695228788133013,,,,,,,,,,,
relgnn-es,rel-amazon,user-churn,BINARY_CLASSIFICATION,0,10,roc_auc,rtx-pro-6000,False,"{""aggr"": ""mean"", ""channels"": 256, ""lr"": 0.0030197929882, ""num_heads"": 2, ""num_model_layers"": 4, ""num_neighbors"": 128, ""subgraph_type"": ""directional""}",6f19af8d,r5,0.6751963608738555,,505.66421693300026,11.065243845000168,,,,0.7574383121634897,0.6864775300640324,0.7792604962897676,0.6751963608738555,,,,,,,,,,,
relgnn-es,rel-amazon,user-churn,BINARY_CLASSIFICATION,0,10,roc_auc,rtx-pro-6000,False,"{""aggr"": ""mean"", ""channels"": 256, ""lr"": 0.0037019789833, ""num_heads"": 16, ""num_model_layers"": 1, ""num_neighbors"": 256, ""subgraph_type"": ""bidirectional""}",012001ed,r6,0.6642513737833685,,407.1502017329999,11.854832422000072,,,,0.7493829275171375,0.6869143370295174,0.7908284042962509,0.6642513737833685,,,,,,,,,,,
relgnn-es,rel-amazon,user-churn,BINARY_CLASSIFICATION,0,10,roc_auc,rtx-pro-6000,True,"{""aggr"": ""mean"", ""channels"": 64, ""lr"": 0.0010442146945, ""num_heads"": 2, ""num_model_layers"": 2, ""num_neighbors"": 256, ""subgraph_type"": ""bidirectional""}",d2fbdf27,r7,0.6914618773108937,0.6942810348388144,432.475027083,9.83927463300006,529.1981893749999,9.100492133000444,,0.7705323303946703,0.6973830626268936,0.788177137957304,0.6914618773108937,0.7453321774846464,0.681449905508902,0.7769058229027141,0.6942810348388144,,,,,,,
relgnn-es,rel-amazon,user-churn,BINARY_CLASSIFICATION,0,10,roc_auc,rtx-pro-6000,False,"{""aggr"": ""mean"", ""channels"": 256, ""lr"": 0.0041460591823, ""num_heads"": 4, ""num_model_layers"": 2, ""num_neighbors"": 256, ""subgraph_type"": ""directional""}",f87e8891,r8,0.656496380781264,,421.29770864400007,10.40783419599984,,,,0.7429068122873197,0.679115258472591,0.7768788559560735,0.656496380781264,,,,,,,,,,,
relgnn-es,rel-amazon,user-churn,BINARY_CLASSIFICATION,0,10,roc_auc,rtx-pro-6000,False,"{""aggr"": ""mean"", ""channels"": 256, ""lr"": 0.004093508747, ""num_heads"": 8, ""num_model_layers"": 2, ""num_neighbors"": 64, ""subgraph_type"": ""bidirectional""}",79a48048,r9,0.6691270908131556,,417.218226861,10.4528300689999,,,,0.7522164823771966,0.6817385405278775,0.7745979623756729,0.6691270908131556,,,,,,,,,,,
relgnn-es,rel-amazon,user-churn,BINARY_CLASSIFICATION,0,10,roc_auc,rtx-pro-6000,False,"{""aggr"": ""sum"", ""channels"": 64, ""lr"": 0.0041393676084, ""num_heads"": 8, ""num_model_layers"": 2, ""num_neighbors"": 256, ""subgraph_type"": ""directional""}",c642344c,r10,0.6731710379419048,,410.7202503830004,8.916392697000447,,,,0.7561580653299707,0.6889739184757145,0.7871732189850252,0.6731710379419048,,,,,,,,,,,
relgnn-es,rel-amazon,user-ltv,REGRESSION,0,10,mae,rtx-pro-6000,False,"{""aggr"": ""sum"", ""channels"": 128, ""lr"": 0.005, ""num_heads"": 8, ""num_model_layers"": 2, ""num_neighbors"": 128, ""simplified_MP"": false, ""subgraph_type"": ""directional""}",afe1474f,default,14.140715240902702,16.783006058715507,516.701557318,9.125695605000033,413.0490482409996,8.525831553999524,,,,,,,,,,-0.0835422154812151,14.140715240902702,50.92620345868564,-0.0916330515632304,16.783006058715507,57.92660637668217,
relgnn-es,rel-amazon,user-ltv,REGRESSION,0,10,mae,rtx-pro-6000,False,"{""aggr"": ""sum"", ""channels"": 128, ""lr"": 0.0011394964521, ""num_heads"": 4, ""num_model_layers"": 2, ""num_neighbors"": 64, ""subgraph_type"": ""bidirectional""}",70b52bd0,r1,14.140715240902702,,432.856861075,9.118984256999966,,,,,,,,,,,,-0.0835422154812151,14.140715240902702,50.92620345868564,,,,
relgnn-es,rel-amazon,user-ltv,REGRESSION,0,10,mae,rtx-pro-6000,False,"{""aggr"": ""mean"", ""channels"": 128, ""lr"": 0.0018735112039, ""num_heads"": 4, ""num_model_layers"": 1, ""num_neighbors"": 256, ""subgraph_type"": ""bidirectional""}",79b72acf,r2,13.297943956693109,,391.3847920010001,9.173545298999898,,,,,,,,,,,,0.0837695595105919,13.297943956693109,46.82963155477476,,,,
relgnn-es,rel-amazon,user-ltv,REGRESSION,0,10,mae,rtx-pro-6000,False,"{""aggr"": ""mean"", ""channels"": 256, ""lr"": 0.0030037592231, ""num_heads"": 4, ""num_model_layers"": 1, ""num_neighbors"": 64, ""subgraph_type"": ""directional""}",ce9904b8,r3,13.521255503917429,,355.95868566900003,8.296053598999833,,,,,,,,,,,,0.0444208557497936,13.521255503917429,47.824640478418495,,,,
relgnn-es,rel-amazon,user-ltv,REGRESSION,0,10,mae,rtx-pro-6000,False,"{""aggr"": ""sum"", ""channels"": 64, ""lr"": 0.00648886485, ""num_heads"": 4, ""num_model_layers"": 2, ""num_neighbors"": 128, ""subgraph_type"": ""bidirectional""}",f0bb2bad,r4,14.140715240902702,,425.2033252279998,9.589991520999774,,,,,,,,,,,,-0.0835422154812151,14.140715240902702,50.92620345868564,,,,
relgnn-es,rel-amazon,user-ltv,REGRESSION,0,10,mae,rtx-pro-6000,False,"{""aggr"": ""mean"", ""channels"": 256, ""lr"": 0.0030197929882, ""num_heads"": 2, ""num_model_layers"": 4, ""num_neighbors"": 128, ""subgraph_type"": ""directional""}",6f19af8d,r5,14.140715240902702,,517.33745976,10.545478738999918,,,,,,,,,,,,-0.0835422154812151,14.140715240902702,50.92620345868564,,,,
relgnn-es,rel-amazon,user-ltv,REGRESSION,0,10,mae,rtx-pro-6000,False,"{""aggr"": ""mean"", ""channels"": 256, ""lr"": 0.0037019789833, ""num_heads"": 16, ""num_model_layers"": 1, ""num_neighbors"": 256, ""subgraph_type"": ""bidirectional""}",012001ed,r6,12.87219206765583,,417.69392076500026,11.984506595999846,,,,,,,,,,,,0.1223120801386294,12.87219206765583,45.83407204646707,,,,
relgnn-es,rel-amazon,user-ltv,REGRESSION,0,10,mae,rtx-pro-6000,True,"{""aggr"": ""mean"", ""channels"": 64, ""lr"": 0.0010442146945, ""num_heads"": 2, ""num_model_layers"": 2, ""num_neighbors"": 256, ""subgraph_type"": ""bidirectional""}",d2fbdf27,r7,12.557743393681347,14.575225195661638,447.49569758000007,10.042780772000242,613.1657059829995,9.202986235000026,,,,,,,,,,0.1667600789035386,12.557743393681347,44.65842651453634,0.1549371133369068,14.575225195661638,50.966435675110965,
relgnn-es,rel-amazon,user-ltv,REGRESSION,0,10,mae,rtx-pro-6000,False,"{""aggr"": ""mean"", ""channels"": 256, ""lr"": 0.0041460591823, ""num_heads"": 4, ""num_model_layers"": 2, ""num_neighbors"": 256, ""subgraph_type"": ""directional""}",f87e8891,r8,14.140715240902702,,435.0782097679999,9.941688895999503,,,,,,,,,,,,-0.0835422154812151,14.140715240902702,50.92620345868564,,,,
relgnn-es,rel-amazon,user-ltv,REGRESSION,0,10,mae,rtx-pro-6000,False,"{""aggr"": ""mean"", ""channels"": 256, ""lr"": 0.004093508747, ""num_heads"": 8, ""num_model_layers"": 2, ""num_neighbors"": 64, ""subgraph_type"": ""bidirectional""}",79a48048,r9,14.14080198380134,,432.1961495270006,10.668318400999851,,,,,,,,,,,,-0.0835386072910369,14.14080198380134,50.92611866661318,,,,
relgnn-es,rel-amazon,user-ltv,REGRESSION,0,10,mae,rtx-pro-6000,False,"{""aggr"": ""sum"", ""channels"": 64, ""lr"": 0.0041393676084, ""num_heads"": 8, ""num_model_layers"": 2, ""num_neighbors"": 256, ""subgraph_type"": ""directional""}",c642344c,r10,14.140715240902702,,420.91927125300026,9.588549934000184,,,,,,,,,,,,-0.0835422154812151,14.140715240902702,50.92620345868564,,,,
relgnn-es,rel-avito,ad-ctr,REGRESSION,0,10,mae,rtx-pro-6000,False,"{""aggr"": ""sum"", ""channels"": 128, ""lr"": 0.005, ""num_heads"": 8, ""num_model_layers"": 2, ""num_neighbors"": 128, ""simplified_MP"": false, ""subgraph_type"": ""directional""}",afe1474f,default,0.0398684538560538,0.0433202638985227,59.601948657,0.9841837410000096,15.029076180999994,1.0065874379999968,,,,,,,,,,-0.0785844521425132,0.0398684538560538,0.1030252548763681,-0.104527386804494,0.0433202638985227,0.1153465798386269,
relgnn-es,rel-avito,ad-ctr,REGRESSION,0,10,mae,rtx-pro-6000,False,"{""aggr"": ""sum"", ""channels"": 128, ""lr"": 0.0011394964521, ""num_heads"": 4, ""num_model_layers"": 2, ""num_neighbors"": 64, ""subgraph_type"": ""bidirectional""}",70b52bd0,r1,0.0411400180491567,,8.3481175,0.8285748790000014,,,,,,,,,,,,-0.1414097227062278,0.0411400180491567,0.1059832916052564,,,,
relgnn-es,rel-avito,ad-ctr,REGRESSION,0,10,mae,rtx-pro-6000,False,"{""aggr"": ""mean"", ""channels"": 128, ""lr"": 0.0018735112039, ""num_heads"": 4, ""num_model_layers"": 1, ""num_neighbors"": 256, ""subgraph_type"": ""bidirectional""}",79b72acf,r2,0.0398603211805639,,13.332393542999997,1.0842504160000033,,,,,,,,,,,,-0.0922382399003902,0.0398603211805639,0.1036753018502572,,,,
relgnn-es,rel-avito,ad-ctr,REGRESSION,0,10,mae,rtx-pro-6000,False,"{""aggr"": ""mean"", ""channels"": 256, ""lr"": 0.0030037592231, ""num_heads"": 4, ""num_model_layers"": 1, ""num_neighbors"": 64, ""subgraph_type"": ""directional""}",ce9904b8,r3,0.0398370784183907,,8.024637924999979,0.8295932439999945,,,,,,,,,,,,-0.0862612970194787,0.0398370784183907,0.1033912468751863,,,,
relgnn-es,rel-avito,ad-ctr,REGRESSION,0,10,mae,rtx-pro-6000,False,"{""aggr"": ""sum"", ""channels"": 64, ""lr"": 0.00648886485, ""num_heads"": 4, ""num_model_layers"": 2, ""num_neighbors"": 128, ""subgraph_type"": ""bidirectional""}",f0bb2bad,r4,0.0398778989755968,,10.25498936300002,0.8804665220000061,,,,,,,,,,,,-0.0931308058673041,0.0398778989755968,0.103717654399957,,,,
relgnn-es,rel-avito,ad-ctr,REGRESSION,0,10,mae,rtx-pro-6000,False,"{""aggr"": ""mean"", ""channels"": 256, ""lr"": 0.0030197929882, ""num_heads"": 2, ""num_model_layers"": 4, ""num_neighbors"": 128, ""subgraph_type"": ""directional""}",6f19af8d,r5,0.0404696502994681,,26.575535825999992,0.8640811630000087,,,,,,,,,,,,-0.1229261334391247,0.0404696502994681,0.1051216609801524,,,,
relgnn-es,rel-avito,ad-ctr,REGRESSION,0,10,mae,rtx-pro-6000,False,"{""aggr"": ""mean"", ""channels"": 256, ""lr"": 0.0037019789833, ""num_heads"": 16, ""num_model_layers"": 1, ""num_neighbors"": 256, ""subgraph_type"": ""bidirectional""}",012001ed,r6,0.0398380445909445,,40.464237172,1.674451906999991,,,,,,,,,,,,-0.0837274648583934,0.0398380445909445,0.10327059035444,,,,
relgnn-es,rel-avito,ad-ctr,REGRESSION,0,10,mae,rtx-pro-6000,True,"{""aggr"": ""mean"", ""channels"": 64, ""lr"": 0.0010442146945, ""num_heads"": 2, ""num_model_layers"": 2, ""num_neighbors"": 256, ""subgraph_type"": ""bidirectional""}",d2fbdf27,r7,0.0397811885239295,0.0426457437579558,14.071972695,1.0051898180000194,62.45509530200002,0.959812912000018,,,,,,,,,,-0.0909896588819758,0.0397811885239295,0.1036160272229795,-0.0862111183558269,0.0426457437579558,0.1143861912222632,
relgnn-es,rel-avito,ad-ctr,REGRESSION,0,10,mae,rtx-pro-6000,False,"{""aggr"": ""mean"", ""channels"": 256, ""lr"": 0.0041460591823, ""num_heads"": 4, ""num_model_layers"": 2, ""num_neighbors"": 256, ""subgraph_type"": ""directional""}",f87e8891,r8,0.0428845463409232,,35.428814441999975,1.083642224000016,,,,,,,,,,,,-0.0184154389587631,0.0428845463409232,0.1001103793490143,,,,
relgnn-es,rel-avito,ad-ctr,REGRESSION,0,10,mae,rtx-pro-6000,False,"{""aggr"": ""mean"", ""channels"": 256, ""lr"": 0.004093508747, ""num_heads"": 8, ""num_model_layers"": 2, ""num_neighbors"": 64, ""subgraph_type"": ""bidirectional""}",79a48048,r9,0.0398632355084897,,18.74455902699998,0.7311818960000096,,,,,,,,,,,,-0.0792907985029929,0.0398632355084897,0.1030589840866177,,,,
relgnn-es,rel-avito,ad-ctr,REGRESSION,0,10,mae,rtx-pro-6000,False,"{""aggr"": ""sum"", ""channels"": 64, ""lr"": 0.0041393676084, ""num_heads"": 8, ""num_model_layers"": 2, ""num_neighbors"": 256, ""subgraph_type"": ""directional""}",c642344c,r10,0.0398211851182769,,16.801723597999967,1.0733858740000528,,,,,,,,,,,,-0.0846336216424465,0.0398211851182769,0.1033137560929213,,,,
relgnn-es,rel-avito,user-clicks,BINARY_CLASSIFICATION,0,10,roc_auc,rtx-pro-6000,False,"{""aggr"": ""sum"", ""channels"": 128, ""lr"": 0.005, ""num_heads"": 8, ""num_model_layers"": 2, ""num_neighbors"": 128, ""simplified_MP"": false, ""subgraph_type"": ""directional""}",afe1474f,default,0.616811492738556,0.6604343392402051,144.360495705,2.744704117999987,81.62672713000006,4.053482868999936,,0.0514063965495765,0.9648302884388424,0.0,0.616811492738556,0.0307159097885566,0.984582048504042,0.0,0.6604343392402051,,,,,,,
relgnn-es,rel-avito,user-clicks,BINARY_CLASSIFICATION,0,10,roc_auc,rtx-pro-6000,False,"{""aggr"": ""sum"", ""channels"": 128, ""lr"": 0.0011394964521, ""num_heads"": 4, ""num_model_layers"": 2, ""num_neighbors"": 64, ""subgraph_type"": ""bidirectional""}",70b52bd0,r1,0.6364231714709605,,73.34494965100001,2.039963508000028,,,,0.0591484723717103,0.9648302884388424,0.0,0.6364231714709605,,,,,,,,,,,
relgnn-es,rel-avito,user-clicks,BINARY_CLASSIFICATION,0,10,roc_auc,rtx-pro-6000,True,"{""aggr"": ""mean"", ""channels"": 128, ""lr"": 0.0018735112039, ""num_heads"": 4, ""num_model_layers"": 1, ""num_neighbors"": 256, ""subgraph_type"": ""bidirectional""}",79b72acf,r2,0.6601875963381802,0.6675710277316422,64.946781192,2.348047305000023,108.87126467300004,3.501961224999832,,0.0693569111543708,0.9648302884388424,0.0,0.6601875963381802,0.0303463221923463,0.984582048504042,0.0,0.6675710277316422,,,,,,,
relgnn-es,rel-avito,user-clicks,BINARY_CLASSIFICATION,0,10,roc_auc,rtx-pro-6000,False,"{""aggr"": ""mean"", ""channels"": 256, ""lr"": 0.0030037592231, ""num_heads"": 4, ""num_model_layers"": 1, ""num_neighbors"": 64, ""subgraph_type"": ""directional""}",ce9904b8,r3,0.6308133421689168,,53.351874135,1.8899945409999648,,,,0.0580710648435932,0.9648302884388424,0.0,0.6308133421689168,,,,,,,,,,,
relgnn-es,rel-avito,user-clicks,BINARY_CLASSIFICATION,0,10,roc_auc,rtx-pro-6000,False,"{""aggr"": ""sum"", ""channels"": 64, ""lr"": 0.00648886485, ""num_heads"": 4, ""num_model_layers"": 2, ""num_neighbors"": 128, ""subgraph_type"": ""bidirectional""}",f0bb2bad,r4,0.6307165688863552,,77.07383165200002,2.026816609999969,,,,0.0658004211720899,0.9648302884388424,0.0,0.6307165688863552,,,,,,,,,,,
relgnn-es,rel-avito,user-clicks,BINARY_CLASSIFICATION,0,10,roc_auc,rtx-pro-6000,False,"{""aggr"": ""mean"", ""channels"": 256, ""lr"": 0.0030197929882, ""num_heads"": 2, ""num_model_layers"": 4, ""num_neighbors"": 128, ""subgraph_type"": ""directional""}",6f19af8d,r5,0.5704551201177436,,136.17487531799998,3.454809241000021,,,,0.0465689509364561,0.9648302884388424,0.0,0.5704551201177436,,,,,,,,,,,
relgnn-es,rel-avito,user-clicks,BINARY_CLASSIFICATION,0,10,roc_auc,rtx-pro-6000,False,"{""aggr"": ""mean"", ""channels"": 256, ""lr"": 0.0037019789833, ""num_heads"": 16, ""num_model_layers"": 1, ""num_neighbors"": 256, ""subgraph_type"": ""bidirectional""}",012001ed,r6,0.6352743048053009,,146.71517636300007,5.978969345999985,,,,0.0606748192353051,0.9648302884388424,0.0,0.6352743048053009,,,,,,,,,,,
relgnn-es,rel-avito,user-clicks,BINARY_CLASSIFICATION,0,10,roc_auc,rtx-pro-6000,False,"{""aggr"": ""mean"", ""channels"": 64, ""lr"": 0.0010442146945, ""num_heads"": 2, ""num_model_layers"": 2, ""num_neighbors"": 256, ""subgraph_type"": ""bidirectional""}",d2fbdf27,r7,0.6402565033813183,,80.06361897500005,2.136199949999991,,,,0.0665512432478957,0.9648302884388424,0.0,0.6402565033813183,,,,,,,,,,,
relgnn-es,rel-avito,user-clicks,BINARY_CLASSIFICATION,0,10,roc_auc,rtx-pro-6000,False,"{""aggr"": ""mean"", ""channels"": 256, ""lr"": 0.0041460591823, ""num_heads"": 4, ""num_model_layers"": 2, ""num_neighbors"": 256, ""subgraph_type"": ""directional""}",f87e8891,r8,0.6080885651218186,,117.47538681099992,3.7195521849999977,,,,0.0536423737438454,0.9648302884388424,0.0,0.6080885651218186,,,,,,,,,,,
relgnn-es,rel-avito,user-clicks,BINARY_CLASSIFICATION,0,10,roc_auc,rtx-pro-6000,False,"{""aggr"": ""mean"", ""channels"": 256, ""lr"": 0.004093508747, ""num_heads"": 8, ""num_model_layers"": 2, ""num_neighbors"": 64, ""subgraph_type"": ""bidirectional""}",79a48048,r9,0.6245782136315363,,133.561325185,4.07551903600006,,,,0.0558346918713918,0.9648302884388424,0.0,0.6245782136315363,,,,,,,,,,,
relgnn-es,rel-avito,user-clicks,BINARY_CLASSIFICATION,0,10,roc_auc,rtx-pro-6000,False,"{""aggr"": ""sum"", ""channels"": 64, ""lr"": 0.0041393676084, ""num_heads"": 8, ""num_model_layers"": 2, ""num_neighbors"": 256, ""subgraph_type"": ""directional""}",c642344c,r10,0.6401368420845235,,75.99284246799994,2.524998831999937,,,,0.0580201024520364,0.9648302884388424,0.0,0.6401368420845235,,,,,,,,,,,
relgnn-es,rel-avito,user-visits,BINARY_CLASSIFICATION,0,10,roc_auc,rtx-pro-6000,False,"{""aggr"": ""sum"", ""channels"": 128, ""lr"": 0.005, ""num_heads"": 8, ""num_model_layers"": 2, ""num_neighbors"": 128, ""simplified_MP"": false, ""subgraph_type"": ""directional""}",afe1474f,default,0.6741208163910786,0.6508346958257547,165.69018403599998,3.2650775320000207,105.97953825700006,4.503721643999825,,0.9484380752818496,0.9034991160479002,0.949303425917813,0.6741208163910786,0.912328115313066,0.8505909380276232,0.9192641340113672,0.6508346958257547,,,,,,,
relgnn-es,rel-avito,user-visits,BINARY_CLASSIFICATION,0,10,roc_auc,rtx-pro-6000,True,"{""aggr"": ""sum"", ""channels"": 128, ""lr"": 0.0011394964521, ""num_heads"": 4, ""num_model_layers"": 2, ""num_neighbors"": 64, ""subgraph_type"": ""bidirectional""}",70b52bd0,r1,0.6824557727930844,0.6487314976631714,99.965520018,19.072198587000003,134.75657269500016,3.2467622860001484,,0.9506331159367576,0.9034991160479002,0.949303425917813,0.6824557727930844,0.9124015271096682,0.8505909380276232,0.9192641340113672,0.6487314976631714,,,,,,,
relgnn-es,rel-avito,user-visits,BINARY_CLASSIFICATION,0,10,roc_auc,rtx-pro-6000,False,"{""aggr"": ""mean"", ""channels"": 128, ""lr"": 0.0018735112039, ""num_heads"": 4, ""num_model_layers"": 1, ""num_neighbors"": 256, ""subgraph_type"": ""bidirectional""}",79b72acf,r2,0.6733548177344715,,84.213855314,2.749695353999982,,,,0.9491337163428102,0.9034991160479002,0.949303425917813,0.6733548177344715,,,,,,,,,,,
relgnn-es,rel-avito,user-visits,BINARY_CLASSIFICATION,0,10,roc_auc,rtx-pro-6000,False,"{""aggr"": ""mean"", ""channels"": 256, ""lr"": 0.0030037592231, ""num_heads"": 4, ""num_model_layers"": 1, ""num_neighbors"": 64, ""subgraph_type"": ""directional""}",ce9904b8,r3,0.6642852180399954,,70.025094578,2.951925486999926,,,,0.9461736982206452,0.9034991160479002,0.949303425917813,0.6642852180399954,,,,,,,,,,,
relgnn-es,rel-avito,user-visits,BINARY_CLASSIFICATION,0,10,roc_auc,rtx-pro-6000,False,"{""aggr"": ""sum"", ""channels"": 64, ""lr"": 0.00648886485, ""num_heads"": 4, ""num_model_layers"": 2, ""num_neighbors"": 128, ""subgraph_type"": ""bidirectional""}",f0bb2bad,r4,0.6771000162608893,,103.36560201499992,2.7268822659999614,,,,0.9501578704449052,0.9034991160479002,0.949303425917813,0.6771000162608893,,,,,,,,,,,
relgnn-es,rel-avito,user-visits,BINARY_CLASSIFICATION,0,10,roc_auc,rtx-pro-6000,False,"{""aggr"": ""mean"", ""channels"": 256, ""lr"": 0.0030197929882, ""num_heads"": 2, ""num_model_layers"": 4, ""num_neighbors"": 128, ""subgraph_type"": ""directional""}",6f19af8d,r5,0.6263206995505527,,173.169757291,4.154626398999994,,,,0.937028302590232,0.9034991160479002,0.949303425917813,0.6263206995505527,,,,,,,,,,,
relgnn-es,rel-avito,user-visits,BINARY_CLASSIFICATION,0,10,roc_auc,rtx-pro-6000,False,"{""aggr"": ""mean"", ""channels"": 256, ""lr"": 0.0037019789833, ""num_heads"": 16, ""num_model_layers"": 1, ""num_neighbors"": 256, ""subgraph_type"": ""bidirectional""}",012001ed,r6,0.6652819727789497,,180.795111129,6.912277625999991,,,,0.9457313057441344,0.9034991160479002,0.949303425917813,0.6652819727789497,,,,,,,,,,,
relgnn-es,rel-avito,user-visits,BINARY_CLASSIFICATION,0,10,roc_auc,rtx-pro-6000,False,"{""aggr"": ""mean"", ""channels"": 64, ""lr"": 0.0010442146945, ""num_heads"": 2, ""num_model_layers"": 2, ""num_neighbors"": 256, ""subgraph_type"": ""bidirectional""}",d2fbdf27,r7,0.6789489745749473,,108.24190263500007,2.9213363579999623,,,,0.9499564639436376,0.9034991160479002,0.949303425917813,0.6789489745749473,,,,,,,,,,,
relgnn-es,rel-avito,user-visits,BINARY_CLASSIFICATION,0,10,roc_auc,rtx-pro-6000,False,"{""aggr"": ""mean"", ""channels"": 256, ""lr"": 0.0041460591823, ""num_heads"": 4, ""num_model_layers"": 2, ""num_neighbors"": 256, ""subgraph_type"": ""directional""}",f87e8891,r8,0.6703744884589927,,146.61689707900018,4.334392213000001,,,,0.9488708942739068,0.9034991160479002,0.949303425917813,0.6703744884589927,,,,,,,,,,,
relgnn-es,rel-avito,user-visits,BINARY_CLASSIFICATION,0,10,roc_auc,rtx-pro-6000,False,"{""aggr"": ""mean"", ""channels"": 256, ""lr"": 0.004093508747, ""num_heads"": 8, ""num_model_layers"": 2, ""num_neighbors"": 64, ""subgraph_type"": ""bidirectional""}",79a48048,r9,0.6816934941562764,,169.16898656199987,4.855779923,,,,0.9516003067733172,0.9034991160479002,0.949303425917813,0.6816934941562764,,,,,,,,,,,
relgnn-es,rel-avito,user-visits,BINARY_CLASSIFICATION,0,10,roc_auc,rtx-pro-6000,False,"{""aggr"": ""sum"", ""channels"": 64, ""lr"": 0.0041393676084, ""num_heads"": 8, ""num_model_layers"": 2, ""num_neighbors"": 256, ""subgraph_type"": ""directional""}",c642344c,r10,0.6744293291822931,,99.2685001530001,3.1841804010000487,,,,0.9486738799827824,0.9034991160479002,0.949303425917813,0.6744293291822931,,,,,,,,,,,
relgnn-es,rel-event,user-attendance,REGRESSION,0,10,mae,rtx-pro-6000,False,"{""aggr"": ""sum"", ""channels"": 128, ""lr"": 0.005, ""num_heads"": 8, ""num_model_layers"": 2, ""num_neighbors"": 128, ""simplified_MP"": false, ""subgraph_type"": ""directional""}",afe1474f,default,0.2575209060135786,0.2638181790374638,123.373929287,1.2362552449999953,26.62103158100001,1.2730735600000571,,,,,,,,,,-0.2421840669315433,0.2575209060135786,0.5832056634380667,-0.1672266714853731,0.2638181790374638,0.6940349325748447,
relgnn-es,rel-event,user-attendance,REGRESSION,0,10,mae,rtx-pro-6000,False,"{""aggr"": ""sum"", ""channels"": 128, ""lr"": 0.0011394964521, ""num_heads"": 4, ""num_model_layers"": 2, ""num_neighbors"": 64, ""subgraph_type"": ""bidirectional""}",70b52bd0,r1,0.2449915802798697,,18.51977115,1.164782004999978,,,,,,,,,,,,-0.1282478872717101,0.2449915802798697,0.5558159686975604,,,,
relgnn-es,rel-event,user-attendance,REGRESSION,0,10,mae,rtx-pro-6000,False,"{""aggr"": ""mean"", ""channels"": 128, ""lr"": 0.0018735112039, ""num_heads"": 4, ""num_model_layers"": 1, ""num_neighbors"": 256, ""subgraph_type"": ""bidirectional""}",79b72acf,r2,0.2488724605457203,,22.535221718000003,1.2301408020000224,,,,,,,,,,,,-0.1358948328600662,0.2488724605457203,0.5576963697143816,,,,
relgnn-es,rel-event,user-attendance,REGRESSION,0,10,mae,rtx-pro-6000,False,"{""aggr"": ""mean"", ""channels"": 256, ""lr"": 0.0030037592231, ""num_heads"": 4, ""num_model_layers"": 1, ""num_neighbors"": 64, ""subgraph_type"": ""directional""}",ce9904b8,r3,0.2570558769086044,,17.072396085999998,1.154712850999999,,,,,,,,,,,,-0.211691287309909,0.2570558769086044,0.57600300357043,,,,
relgnn-es,rel-event,user-attendance,REGRESSION,0,10,mae,rtx-pro-6000,False,"{""aggr"": ""sum"", ""channels"": 64, ""lr"": 0.00648886485, ""num_heads"": 4, ""num_model_layers"": 2, ""num_neighbors"": 128, ""subgraph_type"": ""bidirectional""}",f0bb2bad,r4,0.2575213046690324,,19.445905384000017,1.1655636259999935,,,,,,,,,,,,-0.2421549835017682,0.2575213046690324,0.5831988360601076,,,,
relgnn-es,rel-event,user-attendance,REGRESSION,0,10,mae,rtx-pro-6000,False,"{""aggr"": ""mean"", ""channels"": 256, ""lr"": 0.0030197929882, ""num_heads"": 2, ""num_model_layers"": 4, ""num_neighbors"": 128, ""subgraph_type"": ""directional""}",6f19af8d,r5,0.2575216726160122,,40.76401722200001,1.303358913000011,,,,,,,,,,,,-0.2421977241343942,0.2575216726160122,0.5832088694589651,,,,
relgnn-es,rel-event,user-attendance,REGRESSION,0,10,mae,rtx-pro-6000,False,"{""aggr"": ""mean"", ""channels"": 256, ""lr"": 0.0037019789833, ""num_heads"": 16, ""num_model_layers"": 1, ""num_neighbors"": 256, ""subgraph_type"": ""bidirectional""}",012001ed,r6,0.2575164221232868,,66.69519827900001,1.4165145590000066,,,,,,,,,,,,-0.2413103468352253,0.2575164221232868,0.5830005214804094,,,,
relgnn-es,rel-event,user-attendance,REGRESSION,0,10,mae,rtx-pro-6000,True,"{""aggr"": ""mean"", ""channels"": 64, ""lr"": 0.0010442146945, ""num_heads"": 2, ""num_model_layers"": 2, ""num_neighbors"": 256, ""subgraph_type"": ""bidirectional""}",d2fbdf27,r7,0.2386038871287296,0.2438578664556343,23.778570838000007,1.220481833000008,82.91462206699998,1.2836352519999537,,,,,,,,,,-0.014843825604905,0.2386038871287296,0.5271429011499527,-0.015967696915798,0.2438578664556343,0.6475058233373046,
relgnn-es,rel-event,user-attendance,REGRESSION,0,10,mae,rtx-pro-6000,False,"{""aggr"": ""mean"", ""channels"": 256, ""lr"": 0.0041460591823, ""num_heads"": 4, ""num_model_layers"": 2, ""num_neighbors"": 256, ""subgraph_type"": ""directional""}",f87e8891,r8,0.2575200123067476,,50.43971001400001,1.2932708889999844,,,,,,,,,,,,-0.242172573081602,0.2575200123067476,0.5832029652494225,,,,
relgnn-es,rel-event,user-attendance,REGRESSION,0,10,mae,rtx-pro-6000,False,"{""aggr"": ""mean"", ""channels"": 256, ""lr"": 0.004093508747, ""num_heads"": 8, ""num_model_layers"": 2, ""num_neighbors"": 64, ""subgraph_type"": ""bidirectional""}",79a48048,r9,0.2575205837792922,,34.10006973200001,1.5372128010000097,,,,,,,,,,,,-0.2421822986693056,0.2575205837792922,0.583205248338185,,,,
relgnn-es,rel-event,user-attendance,REGRESSION,0,10,mae,rtx-pro-6000,False,"{""aggr"": ""sum"", ""channels"": 64, ""lr"": 0.0041393676084, ""num_heads"": 8, ""num_model_layers"": 2, ""num_neighbors"": 256, ""subgraph_type"": ""directional""}",c642344c,r10,0.2494576539633409,,27.17687083100003,1.2263143469999704,,,,,,,,,,,,-0.1153747867458696,0.2494576539633409,0.5526359930411836,,,,
relgnn-es,rel-event,user-ignore,BINARY_CLASSIFICATION,0,10,roc_auc,rtx-pro-6000,False,"{""aggr"": ""sum"", ""channels"": 128, ""lr"": 0.005, ""num_heads"": 8, ""num_model_layers"": 2, ""num_neighbors"": 128, ""simplified_MP"": false, ""subgraph_type"": ""directional""}",afe1474f,default,0.8359430585944395,0.8290790185716095,93.249323034,1.1799048190000008,26.873169717,1.2425453679999237,,0.4687870565744941,0.8867924528301887,0.4585365853658537,0.8359430585944395,0.5224117892484837,0.8748723186925434,0.4543429844097995,0.8290790185716095,,,,,,,
relgnn-es,rel-event,user-ignore,BINARY_CLASSIFICATION,0,10,roc_auc,rtx-pro-6000,False,"{""aggr"": ""sum"", ""channels"": 128, ""lr"": 0.0011394964521, ""num_heads"": 4, ""num_model_layers"": 2, ""num_neighbors"": 64, ""subgraph_type"": ""bidirectional""}",70b52bd0,r1,0.8620358531848991,,17.233469395000014,1.131950243999995,,,,0.5016730216681142,0.901580826109128,0.2490272373540856,0.8620358531848991,,,,,,,,,,,
relgnn-es,rel-event,user-ignore,BINARY_CLASSIFICATION,0,10,roc_auc,rtx-pro-6000,False,"{""aggr"": ""mean"", ""channels"": 128, ""lr"": 0.0018735112039, ""num_heads"": 4, ""num_model_layers"": 1, ""num_neighbors"": 256, ""subgraph_type"": ""bidirectional""}",79b72acf,r2,0.8545142808232002,,22.56741061300002,1.1899050389999957,,,,0.511057017523613,0.903110657827639,0.4135802469135802,0.8545142808232002,,,,,,,,,,,
relgnn-es,rel-event,user-ignore,BINARY_CLASSIFICATION,0,10,roc_auc,rtx-pro-6000,False,"{""aggr"": ""mean"", ""channels"": 256, ""lr"": 0.0030037592231, ""num_heads"": 4, ""num_model_layers"": 1, ""num_neighbors"": 64, ""subgraph_type"": ""directional""}",ce9904b8,r3,0.8470890017065302,,16.565549261,1.127395005000011,,,,0.5111174027387939,0.8975012748597654,0.5156626506024097,0.8470890017065302,,,,,,,,,,,
relgnn-es,rel-event,user-ignore,BINARY_CLASSIFICATION,0,10,roc_auc,rtx-pro-6000,False,"{""aggr"": ""sum"", ""channels"": 64, ""lr"": 0.00648886485, ""num_heads"": 4, ""num_model_layers"": 2, ""num_neighbors"": 128, ""subgraph_type"": ""bidirectional""}",f0bb2bad,r4,0.8538750006687031,,18.449394625000025,1.1526711480000245,,,,0.5362382836945923,0.9107598164201938,0.3727598566308244,0.8538750006687031,,,,,,,,,,,
relgnn-es,rel-event,user-ignore,BINARY_CLASSIFICATION,0,10,roc_auc,rtx-pro-6000,False,"{""aggr"": ""mean"", ""channels"": 256, ""lr"": 0.0030197929882, ""num_heads"": 2, ""num_model_layers"": 4, ""num_neighbors"": 128, ""subgraph_type"": ""directional""}",6f19af8d,r5,0.8084754104499569,,40.59200505899997,1.2327530709999903,,,,0.474964099707005,0.8939316675165732,0.4876847290640394,0.8084754104499569,,,,,,,,,,,
relgnn-es,rel-event,user-ignore,BINARY_CLASSIFICATION,0,10,roc_auc,rtx-pro-6000,False,"{""aggr"": ""mean"", ""channels"": 256, ""lr"": 0.0037019789833, ""num_heads"": 16, ""num_model_layers"": 1, ""num_neighbors"": 256, ""subgraph_type"": ""bidirectional""}",012001ed,r6,0.86170150163966,,66.474894506,1.389890795000042,,,,0.4833382170473004,0.8990311065782763,0.3734177215189873,0.86170150163966,,,,,,,,,,,
relgnn-es,rel-event,user-ignore,BINARY_CLASSIFICATION,0,10,roc_auc,rtx-pro-6000,False,"{""aggr"": ""mean"", ""channels"": 64, ""lr"": 0.0010442146945, ""num_heads"": 2, ""num_model_layers"": 2, ""num_neighbors"": 256, ""subgraph_type"": ""bidirectional""}",d2fbdf27,r7,0.8643736391892108,,24.13402280400004,1.1932990789999849,,,,0.5189054186232501,0.8990311065782763,0.5099009900990099,0.8643736391892108,,,,,,,,,,,
relgnn-es,rel-event,user-ignore,BINARY_CLASSIFICATION,0,10,roc_auc,rtx-pro-6000,False,"{""aggr"": ""mean"", ""channels"": 256, ""lr"": 0.0041460591823, ""num_heads"": 4, ""num_model_layers"": 2, ""num_neighbors"": 256, ""subgraph_type"": ""directional""}",f87e8891,r8,0.8619556088140419,,50.233217619000015,1.2820892400000048,,,,0.502530445019632,0.9036206017338092,0.3678929765886287,0.8619556088140419,,,,,,,,,,,
relgnn-es,rel-event,user-ignore,BINARY_CLASSIFICATION,0,10,roc_auc,rtx-pro-6000,False,"{""aggr"": ""mean"", ""channels"": 256, ""lr"": 0.004093508747, ""num_heads"": 8, ""num_model_layers"": 2, ""num_neighbors"": 64, ""subgraph_type"": ""bidirectional""}",79a48048,r9,0.860537958262228,,33.85064993899999,1.203194676999999,,,,0.5028168328613848,0.9082100968893422,0.4545454545454545,0.860537958262228,,,,,,,,,,,
relgnn-es,rel-event,user-ignore,BINARY_CLASSIFICATION,0,10,roc_auc,rtx-pro-6000,True,"{""aggr"": ""sum"", ""channels"": 64, ""lr"": 0.0041393676084, ""num_heads"": 8, ""num_model_layers"": 2, ""num_neighbors"": 256, ""subgraph_type"": ""directional""}",c642344c,r10,0.8745673491004606,0.8053930203907752,27.311776955000028,1.1893419969999286,84.82766763900008,1.2458019740000736,,0.5016615051445569,0.8929117797042325,0.0789473684210526,0.8745673491004606,0.4820488577187223,0.8871297242083759,0.4433249370277078,0.8053930203907752,,,,,,,
relgnn-es,rel-event,user-repeat,BINARY_CLASSIFICATION,0,10,roc_auc,rtx-pro-6000,False,"{""aggr"": ""sum"", ""channels"": 128, ""lr"": 0.005, ""num_heads"": 8, ""num_model_layers"": 2, ""num_neighbors"": 128, ""simplified_MP"": false, ""subgraph_type"": ""directional""}",afe1474f,default,0.548777661916348,0.5587232620320856,70.184319521,1.0932879199999943,8.735441567999999,1.1461692090000497,,0.5254477508537215,0.5171102661596958,0.2742857142857143,0.548777661916348,0.4949468116691518,0.5528455284552846,0.0,0.5587232620320856,,,,,,,
relgnn-es,rel-event,user-repeat,BINARY_CLASSIFICATION,0,10,roc_auc,rtx-pro-6000,False,"{""aggr"": ""sum"", ""channels"": 128, ""lr"": 0.0011394964521, ""num_heads"": 4, ""num_model_layers"": 2, ""num_neighbors"": 64, ""subgraph_type"": ""bidirectional""}",70b52bd0,r1,0.6538060479666319,,6.790504958999975,1.0821004119999884,,,,0.5876000447023662,0.6121673003802282,0.6015625,0.6538060479666319,,,,,,,,,,,
relgnn-es,rel-event,user-repeat,BINARY_CLASSIFICATION,0,10,roc_auc,rtx-pro-6000,False,"{""aggr"": ""mean"", ""channels"": 128, ""lr"": 0.0018735112039, ""num_heads"": 4, ""num_model_layers"": 1, ""num_neighbors"": 256, ""subgraph_type"": ""bidirectional""}",79b72acf,r2,0.6319661684625189,,7.637395905999995,1.087555612000017,,,,0.5833881670108938,0.5209125475285171,0.0,0.6319661684625189,,,,,,,,,,,
relgnn-es,rel-event,user-repeat,BINARY_CLASSIFICATION,0,10,roc_auc,rtx-pro-6000,False,"{""aggr"": ""mean"", ""channels"": 256, ""lr"": 0.0030037592231, ""num_heads"": 4, ""num_model_layers"": 1, ""num_neighbors"": 64, ""subgraph_type"": ""directional""}",ce9904b8,r3,0.5711389178542463,,6.676026871999994,1.0722071299999811,,,,0.5474510187262734,0.5627376425855514,0.4978165938864629,0.5711389178542463,,,,,,,,,,,
relgnn-es,rel-event,user-repeat,BINARY_CLASSIFICATION,0,10,roc_auc,rtx-pro-6000,False,"{""aggr"": ""sum"", ""channels"": 64, ""lr"": 0.00648886485, ""num_heads"": 4, ""num_model_layers"": 2, ""num_neighbors"": 128, ""subgraph_type"": ""bidirectional""}",f0bb2bad,r4,0.5271115745568301,,6.571895154000004,1.0973461929999928,,,,0.5165596297063324,0.532319391634981,0.2634730538922156,0.5271115745568301,,,,,,,,,,,
relgnn-es,rel-event,user-repeat,BINARY_CLASSIFICATION,0,10,roc_auc,rtx-pro-6000,False,"{""aggr"": ""mean"", ""channels"": 256, ""lr"": 0.0030197929882, ""num_heads"": 2, ""num_model_layers"": 4, ""num_neighbors"": 128, ""subgraph_type"": ""directional""}",6f19af8d,r5,0.5044606650446066,,11.763807248999996,1.0928196719999903,,,,0.4913986543936164,0.5209125475285171,0.2125,0.5044606650446066,,,,,,,,,,,
relgnn-es,rel-event,user-repeat,BINARY_CLASSIFICATION,0,10,roc_auc,rtx-pro-6000,False,"{""aggr"": ""mean"", ""channels"": 256, ""lr"": 0.0037019789833, ""num_heads"": 16, ""num_model_layers"": 1, ""num_neighbors"": 256, ""subgraph_type"": ""bidirectional""}",012001ed,r6,0.6003359981462171,,17.608790962,1.1129241429999863,,,,0.5781062393216887,0.5513307984790875,0.4271844660194174,0.6003359981462171,,,,,,,,,,,
relgnn-es,rel-event,user-repeat,BINARY_CLASSIFICATION,0,10,roc_auc,rtx-pro-6000,True,"{""aggr"": ""mean"", ""channels"": 64, ""lr"": 0.0010442146945, ""num_heads"": 2, ""num_model_layers"": 2, ""num_neighbors"": 256, ""subgraph_type"": ""bidirectional""}",d2fbdf27,r7,0.7099409106708376,0.7546122994652407,7.554160153999987,1.1163965429999791,50.92137990400005,1.170035200999962,,0.6540324854692888,0.6653992395437263,0.6879432624113475,0.7099409106708376,0.6839685976948675,0.7113821138211383,0.70042194092827,0.7546122994652407,,,,,,,
relgnn-es,rel-event,user-repeat,BINARY_CLASSIFICATION,0,10,roc_auc,rtx-pro-6000,False,"{""aggr"": ""mean"", ""channels"": 256, ""lr"": 0.0041460591823, ""num_heads"": 4, ""num_model_layers"": 2, ""num_neighbors"": 256, ""subgraph_type"": ""directional""}",f87e8891,r8,0.5535859112501448,,13.806232369000014,1.1115221929999848,,,,0.5257181558820823,0.4790874524714829,0.6478149100257069,0.5535859112501448,,,,,,,,,,,
relgnn-es,rel-event,user-repeat,BINARY_CLASSIFICATION,0,10,roc_auc,rtx-pro-6000,False,"{""aggr"": ""mean"", ""channels"": 256, ""lr"": 0.004093508747, ""num_heads"": 8, ""num_model_layers"": 2, ""num_neighbors"": 64, ""subgraph_type"": ""bidirectional""}",79a48048,r9,0.5951801645232303,,11.778329449000012,1.06384889200001,,,,0.5514679882398291,0.5209125475285171,0.0,0.5951801645232303,,,,,,,,,,,
relgnn-es,rel-event,user-repeat,BINARY_CLASSIFICATION,0,10,roc_auc,rtx-pro-6000,False,"{""aggr"": ""sum"", ""channels"": 64, ""lr"": 0.0041393676084, ""num_heads"": 8, ""num_model_layers"": 2, ""num_neighbors"": 256, ""subgraph_type"": ""directional""}",c642344c,r10,0.5524272969528443,,8.493531251999968,1.0718828820000113,,,,0.5423623651747622,0.5551330798479087,0.374331550802139,0.5524272969528443,,,,,,,,,,,
relgnn-es,rel-f1,driver-dnf,BINARY_CLASSIFICATION,0,10,roc_auc,rtx-pro-6000,False,"{""aggr"": ""sum"", ""channels"": 128, ""lr"": 0.005, ""num_heads"": 8, ""num_model_layers"": 2, ""num_neighbors"": 128, ""simplified_MP"": false, ""subgraph_type"": ""directional""}",afe1474f,default,0.6397732426303855,0.7035036353876933,42.41344827799999,0.0938897309999902,20.320163917,0.1020283470000436,,0.8649153520814128,0.7791519434628975,0.8758689175769613,0.6397732426303855,0.844858277468022,0.7051282051282052,0.8270676691729323,0.7035036353876933,,,,,,,
relgnn-es,rel-f1,driver-dnf,BINARY_CLASSIFICATION,0,10,roc_auc,rtx-pro-6000,False,"{""aggr"": ""sum"", ""channels"": 128, ""lr"": 0.0011394964521, ""num_heads"": 4, ""num_model_layers"": 2, ""num_neighbors"": 64, ""subgraph_type"": ""bidirectional""}",70b52bd0,r1,0.6524263038548753,,14.977720592999988,0.075594787,,,,0.8757223646332092,0.5565371024734982,0.6419400855920114,0.6524263038548753,,,,,,,,,,,
relgnn-es,rel-f1,driver-dnf,BINARY_CLASSIFICATION,0,10,roc_auc,rtx-pro-6000,True,"{""aggr"": ""mean"", ""channels"": 128, ""lr"": 0.0018735112039, ""num_heads"": 4, ""num_model_layers"": 1, ""num_neighbors"": 256, ""subgraph_type"": ""bidirectional""}",79b72acf,r2,0.6641723356009069,0.7261064753818378,10.649321595999991,0.0715351169999962,15.29645665000004,0.0881122819999973,,0.8645030156139812,0.7526501766784452,0.844097995545657,0.6641723356009069,0.8470205415376983,0.6923076923076923,0.8163265306122449,0.7261064753818378,,,,,,,
relgnn-es,rel-f1,driver-dnf,BINARY_CLASSIFICATION,0,10,roc_auc,rtx-pro-6000,False,"{""aggr"": ""mean"", ""channels"": 256, ""lr"": 0.0030037592231, ""num_heads"": 4, ""num_model_layers"": 1, ""num_neighbors"": 64, ""subgraph_type"": ""directional""}",ce9904b8,r3,0.6220136054421769,,11.77045586700001,0.066458625999985,,,,0.8633663245098175,0.7809187279151943,0.875751503006012,0.6220136054421769,,,,,,,,,,,
relgnn-es,rel-f1,driver-dnf,BINARY_CLASSIFICATION,0,10,roc_auc,rtx-pro-6000,False,"{""aggr"": ""sum"", ""channels"": 64, ""lr"": 0.00648886485, ""num_heads"": 4, ""num_model_layers"": 2, ""num_neighbors"": 128, ""subgraph_type"": ""bidirectional""}",f0bb2bad,r4,0.6604172335600907,,14.531661191000012,0.072538886999979,,,,0.8698333204337847,0.7791519434628975,0.8758689175769613,0.6604172335600907,,,,,,,,,,,
relgnn-es,rel-f1,driver-dnf,BINARY_CLASSIFICATION,0,10,roc_auc,rtx-pro-6000,False,"{""aggr"": ""mean"", ""channels"": 256, ""lr"": 0.0030197929882, ""num_heads"": 2, ""num_model_layers"": 4, ""num_neighbors"": 128, ""subgraph_type"": ""directional""}",6f19af8d,r5,0.6450249433106576,,34.24852959200001,0.1345339169999988,,,,0.8616877596111087,0.7791519434628975,0.8758689175769613,0.6450249433106576,,,,,,,,,,,
relgnn-es,rel-f1,driver-dnf,BINARY_CLASSIFICATION,0,10,roc_auc,rtx-pro-6000,False,"{""aggr"": ""mean"", ""channels"": 256, ""lr"": 0.0037019789833, ""num_heads"": 16, ""num_model_layers"": 1, ""num_neighbors"": 256, ""subgraph_type"": ""bidirectional""}",012001ed,r6,0.6445986394557823,,35.24051435000001,0.2129765809999639,,,,0.8576753711559894,0.7756183745583038,0.8731268731268731,0.6445986394557823,,,,,,,,,,,
relgnn-es,rel-f1,driver-dnf,BINARY_CLASSIFICATION,0,10,roc_auc,rtx-pro-6000,False,"{""aggr"": ""mean"", ""channels"": 64, ""lr"": 0.0010442146945, ""num_heads"": 2, ""num_model_layers"": 2, ""num_neighbors"": 256, ""subgraph_type"": ""bidirectional""}",d2fbdf27,r7,0.654702947845805,,15.958268438000005,0.0764034140000262,,,,0.8698120790364764,0.6749116607773852,0.7804295942720764,0.654702947845805,,,,,,,,,,,
relgnn-es,rel-f1,driver-dnf,BINARY_CLASSIFICATION,0,10,roc_auc,rtx-pro-6000,False,"{""aggr"": ""mean"", ""channels"": 256, ""lr"": 0.0041460591823, ""num_heads"": 4, ""num_model_layers"": 2, ""num_neighbors"": 256, ""subgraph_type"": ""directional""}",f87e8891,r8,0.6593106575963719,,26.60773709900002,0.120630339999991,,,,0.8618845124165737,0.7773851590106007,0.8747514910536779,0.6593106575963719,,,,,,,,,,,
relgnn-es,rel-f1,driver-dnf,BINARY_CLASSIFICATION,0,10,roc_auc,rtx-pro-6000,False,"{""aggr"": ""mean"", ""channels"": 256, ""lr"": 0.004093508747, ""num_heads"": 8, ""num_model_layers"": 2, ""num_neighbors"": 64, ""subgraph_type"": ""bidirectional""}",79a48048,r9,0.645560090702948,,39.63549895699998,0.1580794409999839,,,,0.8679732744701331,0.7791519434628975,0.8758689175769613,0.645560090702948,,,,,,,,,,,
relgnn-es,rel-f1,driver-dnf,BINARY_CLASSIFICATION,0,10,roc_auc,rtx-pro-6000,False,"{""aggr"": ""sum"", ""channels"": 64, ""lr"": 0.0041393676084, ""num_heads"": 8, ""num_model_layers"": 2, ""num_neighbors"": 256, ""subgraph_type"": ""directional""}",c642344c,r10,0.6497868480725624,,14.245289232999994,0.0717752780000182,,,,0.8703797171854556,0.7791519434628975,0.8758689175769613,0.6497868480725624,,,,,,,,,,,
relgnn-es,rel-f1,driver-position,REGRESSION,0,10,mae,rtx-pro-6000,True,"{""aggr"": ""sum"", ""channels"": 128, ""lr"": 0.005, ""num_heads"": 8, ""num_model_layers"": 2, ""num_neighbors"": 128, ""simplified_MP"": false, ""subgraph_type"": ""directional""}",afe1474f,default,3.5829810148250605,4.265887430676243,46.889548339,0.0656510180000111,17.047383162000017,0.0919321149999632,,,,,,,,,,0.0956319447559677,3.5829810148250605,4.40882536239574,0.0102530194077296,4.265887430676243,5.183605578758816,
relgnn-es,rel-f1,driver-position,REGRESSION,0,10,mae,rtx-pro-6000,False,"{""aggr"": ""sum"", ""channels"": 128, ""lr"": 0.0011394964521, ""num_heads"": 4, ""num_model_layers"": 2, ""num_neighbors"": 64, ""subgraph_type"": ""bidirectional""}",70b52bd0,r1,3.866584536387432,,9.797915163999988,0.0519768620000036,,,,,,,,,,,,-0.0001293872247907,3.866584536387432,4.636373169171392,,,,
relgnn-es,rel-f1,driver-position,REGRESSION,0,10,mae,rtx-pro-6000,False,"{""aggr"": ""mean"", ""channels"": 128, ""lr"": 0.0018735112039, ""num_heads"": 4, ""num_model_layers"": 1, ""num_neighbors"": 256, ""subgraph_type"": ""bidirectional""}",79b72acf,r2,3.625691520522736,,6.755937453000001,0.0516175030000169,,,,,,,,,,,,0.0638073410320709,3.625691520522736,4.485727684589985,,,,
relgnn-es,rel-f1,driver-position,REGRESSION,0,10,mae,rtx-pro-6000,False,"{""aggr"": ""mean"", ""channels"": 256, ""lr"": 0.0030037592231, ""num_heads"": 4, ""num_model_layers"": 1, ""num_neighbors"": 64, ""subgraph_type"": ""directional""}",ce9904b8,r3,3.687530503180637,,7.241930306,0.0483389970000018,,,,,,,,,,,,0.0128779212611674,3.687530503180637,4.606125031234316,,,,
relgnn-es,rel-f1,driver-position,REGRESSION,0,10,mae,rtx-pro-6000,False,"{""aggr"": ""sum"", ""channels"": 64, ""lr"": 0.00648886485, ""num_heads"": 4, ""num_model_layers"": 2, ""num_neighbors"": 128, ""subgraph_type"": ""bidirectional""}",f0bb2bad,r4,3.7909135347059273,,10.183836824999986,0.0495836450000126,,,,,,,,,,,,-0.0442885109775559,3.7909135347059273,4.7376234493952,,,,
relgnn-es,rel-f1,driver-position,REGRESSION,0,10,mae,rtx-pro-6000,False,"{""aggr"": ""mean"", ""channels"": 256, ""lr"": 0.0030197929882, ""num_heads"": 2, ""num_model_layers"": 4, ""num_neighbors"": 128, ""subgraph_type"": ""directional""}",6f19af8d,r5,3.725922360926688,,21.03114943099999,0.0921985260000042,,,,,,,,,,,,-0.0376821681777719,3.725922360926688,4.722614177009393,,,,
relgnn-es,rel-f1,driver-position,REGRESSION,0,10,mae,rtx-pro-6000,False,"{""aggr"": ""mean"", ""channels"": 256, ""lr"": 0.0037019789833, ""num_heads"": 16, ""num_model_layers"": 1, ""num_neighbors"": 256, ""subgraph_type"": ""bidirectional""}",012001ed,r6,3.6983211118536303,,22.15468865,0.1598311749999936,,,,,,,,,,,,0.0050627680732427,3.6983211118536303,4.624322681238239,,,,
relgnn-es,rel-f1,driver-position,REGRESSION,0,10,mae,rtx-pro-6000,False,"{""aggr"": ""mean"", ""channels"": 64, ""lr"": 0.0010442146945, ""num_heads"": 2, ""num_model_layers"": 2, ""num_neighbors"": 256, ""subgraph_type"": ""bidirectional""}",d2fbdf27,r7,4.307995621777409,,9.911241005999983,0.0519407900000032,,,,,,,,,,,,-0.2183719867947866,4.307995621777409,5.117292506508691,,,,
relgnn-es,rel-f1,driver-position,REGRESSION,0,10,mae,rtx-pro-6000,False,"{""aggr"": ""mean"", ""channels"": 256, ""lr"": 0.0041460591823, ""num_heads"": 4, ""num_model_layers"": 2, ""num_neighbors"": 256, ""subgraph_type"": ""directional""}",f87e8891,r8,3.630974928346887,,16.198131482999997,0.0878922820000127,,,,,,,,,,,,0.0390768247267083,3.630974928346887,4.544589110202023,,,,
relgnn-es,rel-f1,driver-position,REGRESSION,0,10,mae,rtx-pro-6000,False,"{""aggr"": ""mean"", ""channels"": 256, ""lr"": 0.004093508747, ""num_heads"": 8, ""num_model_layers"": 2, ""num_neighbors"": 64, ""subgraph_type"": ""bidirectional""}",79a48048,r9,3.792642079406208,,24.671545760999976,0.1202993470000137,,,,,,,,,,,,-0.0780296133587656,3.792642079406208,4.813551638229907,,,,
relgnn-es,rel-f1,driver-position,REGRESSION,0,10,mae,rtx-pro-6000,False,"{""aggr"": ""sum"", ""channels"": 64, ""lr"": 0.0041393676084, ""num_heads"": 8, ""num_model_layers"": 2, ""num_neighbors"": 256, ""subgraph_type"": ""directional""}",c642344c,r10,3.6659471490817936,,9.27555566799998,0.0499616609999975,,,,,,,,,,,,0.0198282255768263,3.6659471490817936,4.589880575228946,,,,
relgnn-es,rel-f1,driver-top3,BINARY_CLASSIFICATION,0,10,roc_auc,rtx-pro-6000,False,"{""aggr"": ""sum"", ""channels"": 128, ""lr"": 0.005, ""num_heads"": 8, ""num_model_layers"": 2, ""num_neighbors"": 128, ""simplified_MP"": false, ""subgraph_type"": ""directional""}",afe1474f,default,0.6285140922040457,0.7349563649665553,26.293358942,0.0953212460000116,4.354248616000007,0.1083533460000012,,0.2606731490201017,0.7976190476190477,0.0,0.6285140922040457,0.3121551995174988,0.8236914600550964,0.0,0.7349563649665553,,,,,,,
relgnn-es,rel-f1,driver-top3,BINARY_CLASSIFICATION,0,10,roc_auc,rtx-pro-6000,True,"{""aggr"": ""sum"", ""channels"": 128, ""lr"": 0.0011394964521, ""num_heads"": 4, ""num_model_layers"": 2, ""num_neighbors"": 64, ""subgraph_type"": ""bidirectional""}",70b52bd0,r1,0.7079428786439949,0.7588641826923077,3.3174962270000066,0.079678530999999,7.794816945999997,0.0813672369999949,,0.3226084183790562,0.7295918367346939,0.4301075268817204,0.7079428786439949,0.3004369969578904,0.8236914600550964,0.0,0.7588641826923077,,,,,,,
relgnn-es,rel-f1,driver-top3,BINARY_CLASSIFICATION,0,10,roc_auc,rtx-pro-6000,False,"{""aggr"": ""mean"", ""channels"": 128, ""lr"": 0.0018735112039, ""num_heads"": 4, ""num_model_layers"": 1, ""num_neighbors"": 256, ""subgraph_type"": ""bidirectional""}",79b72acf,r2,0.694468832309043,,2.453648868999992,0.074652278000002,,,,0.3693048562910402,0.79421768707483,0.1768707482993197,0.694468832309043,,,,,,,,,,,
relgnn-es,rel-f1,driver-top3,BINARY_CLASSIFICATION,0,10,roc_auc,rtx-pro-6000,False,"{""aggr"": ""mean"", ""channels"": 256, ""lr"": 0.0030037592231, ""num_heads"": 4, ""num_model_layers"": 1, ""num_neighbors"": 64, ""subgraph_type"": ""directional""}",ce9904b8,r3,0.6696887710308003,,2.511968308000008,0.0698448460000094,,,,0.3358613777024177,0.4625850340136054,0.3992395437262357,0.6696887710308003,,,,,,,,,,,
relgnn-es,rel-f1,driver-top3,BINARY_CLASSIFICATION,0,10,roc_auc,rtx-pro-6000,False,"{""aggr"": ""sum"", ""channels"": 64, ""lr"": 0.00648886485, ""num_heads"": 4, ""num_model_layers"": 2, ""num_neighbors"": 128, ""subgraph_type"": ""bidirectional""}",f0bb2bad,r4,0.6940567271684792,,2.9220303169999937,0.078240739999984,,,,0.3716248754733531,0.7976190476190477,0.0,0.6940567271684792,,,,,,,,,,,
relgnn-es,rel-f1,driver-top3,BINARY_CLASSIFICATION,0,10,roc_auc,rtx-pro-6000,False,"{""aggr"": ""mean"", ""channels"": 256, ""lr"": 0.0030197929882, ""num_heads"": 2, ""num_model_layers"": 4, ""num_neighbors"": 128, ""subgraph_type"": ""directional""}",6f19af8d,r5,0.6636146996111878,,7.495484215000005,0.1387983310000038,,,,0.2983941744971797,0.7976190476190477,0.0,0.6636146996111878,,,,,,,,,,,
relgnn-es,rel-f1,driver-top3,BINARY_CLASSIFICATION,0,10,roc_auc,rtx-pro-6000,False,"{""aggr"": ""mean"", ""channels"": 256, ""lr"": 0.0037019789833, ""num_heads"": 16, ""num_model_layers"": 1, ""num_neighbors"": 256, ""subgraph_type"": ""bidirectional""}",012001ed,r6,0.6696529358011861,,8.683588790000016,0.2120669280000129,,,,0.2673796462852918,0.2023809523809523,0.3366336633663366,0.6696529358011861,,,,,,,,,,,
relgnn-es,rel-f1,driver-top3,BINARY_CLASSIFICATION,0,10,roc_auc,rtx-pro-6000,False,"{""aggr"": ""mean"", ""channels"": 64, ""lr"": 0.0010442146945, ""num_heads"": 2, ""num_model_layers"": 2, ""num_neighbors"": 256, ""subgraph_type"": ""bidirectional""}",d2fbdf27,r7,0.6869075988604397,,2.9425578280000195,0.0776780200000075,,,,0.3570149989361446,0.7976190476190477,0.0,0.6869075988604397,,,,,,,,,,,
relgnn-es,rel-f1,driver-top3,BINARY_CLASSIFICATION,0,10,roc_auc,rtx-pro-6000,False,"{""aggr"": ""mean"", ""channels"": 256, ""lr"": 0.0041460591823, ""num_heads"": 4, ""num_model_layers"": 2, ""num_neighbors"": 256, ""subgraph_type"": ""directional""}",f87e8891,r8,0.5753973231083478,,5.802593454000004,0.1227742519999992,,,,0.2535347637870192,0.7976190476190477,0.0,0.5753973231083478,,,,,,,,,,,
relgnn-es,rel-f1,driver-top3,BINARY_CLASSIFICATION,0,10,roc_auc,rtx-pro-6000,False,"{""aggr"": ""mean"", ""channels"": 256, ""lr"": 0.004093508747, ""num_heads"": 8, ""num_model_layers"": 2, ""num_neighbors"": 64, ""subgraph_type"": ""bidirectional""}",79a48048,r9,0.6881707907043415,,8.492975311999999,0.1636698730000034,,,,0.3210944042388056,0.4625850340136054,0.3992395437262357,0.6881707907043415,,,,,,,,,,,
relgnn-es,rel-f1,driver-top3,BINARY_CLASSIFICATION,0,10,roc_auc,rtx-pro-6000,False,"{""aggr"": ""sum"", ""channels"": 64, ""lr"": 0.0041393676084, ""num_heads"": 8, ""num_model_layers"": 2, ""num_neighbors"": 256, ""subgraph_type"": ""directional""}",c642344c,r10,0.6691870778162011,,2.90296475400001,0.0751758339999923,,,,0.3565544188772769,0.5952380952380952,0.4079601990049751,0.6691870778162011,,,,,,,,,,,
relgnn-es,rel-hm,item-sales,REGRESSION,0,10,mae,rtx-pro-6000,False,"{""aggr"": ""sum"", ""channels"": 128, ""lr"": 0.005, ""num_heads"": 8, ""num_model_layers"": 2, ""num_neighbors"": 128, ""simplified_MP"": false, ""subgraph_type"": ""directional""}",afe1474f,default,0.0689811684369445,0.0590459252734139,414.204185929,4.14182372199997,392.3283785410004,4.637362851000034,,,,,,,,,,0.1671841795537766,0.0689811684369445,0.6043981362103062,0.2021476508812216,0.0590459252734139,0.5204895227521582,
relgnn-es,rel-hm,item-sales,REGRESSION,0,10,mae,rtx-pro-6000,False,"{""aggr"": ""sum"", ""channels"": 128, ""lr"": 0.0011394964521, ""num_heads"": 4, ""num_model_layers"": 2, ""num_neighbors"": 64, ""subgraph_type"": ""bidirectional""}",70b52bd0,r1,0.0683417519563815,,338.331216352,3.233563742000001,,,,,,,,,,,,0.1652482637070722,0.0683417519563815,0.6051002030564187,,,,
relgnn-es,rel-hm,item-sales,REGRESSION,0,10,mae,rtx-pro-6000,False,"{""aggr"": ""mean"", ""channels"": 128, ""lr"": 0.0018735112039, ""num_heads"": 4, ""num_model_layers"": 1, ""num_neighbors"": 256, ""subgraph_type"": ""bidirectional""}",79b72acf,r2,0.0687998029582634,,414.10473457,5.097175542000059,,,,,,,,,,,,0.1632813885856634,0.0687998029582634,0.6058126641600453,,,,
relgnn-es,rel-hm,item-sales,REGRESSION,0,10,mae,rtx-pro-6000,False,"{""aggr"": ""mean"", ""channels"": 256, ""lr"": 0.0030037592231, ""num_heads"": 4, ""num_model_layers"": 1, ""num_neighbors"": 64, ""subgraph_type"": ""directional""}",ce9904b8,r3,0.070447331501903,,296.024553599,2.988973838999982,,,,,,,,,,,,0.1592703609000811,0.070447331501903,0.6072629881804027,,,,
relgnn-es,rel-hm,item-sales,REGRESSION,0,10,mae,rtx-pro-6000,False,"{""aggr"": ""sum"", ""channels"": 64, ""lr"": 0.00648886485, ""num_heads"": 4, ""num_model_layers"": 2, ""num_neighbors"": 128, ""subgraph_type"": ""bidirectional""}",f0bb2bad,r4,0.0679382320460232,,393.6562334790001,4.687853753000127,,,,,,,,,,,,0.1740441364908914,0.0679382320460232,0.6019037560322916,,,,
relgnn-es,rel-hm,item-sales,REGRESSION,0,10,mae,rtx-pro-6000,False,"{""aggr"": ""mean"", ""channels"": 256, ""lr"": 0.0030197929882, ""num_heads"": 2, ""num_model_layers"": 4, ""num_neighbors"": 128, ""subgraph_type"": ""directional""}",6f19af8d,r5,0.085690221805826,,466.44906563700033,5.203959342999951,,,,,,,,,,,,-0.0167403782891157,0.085690221805826,0.6678111543867765,,,,
relgnn-es,rel-hm,item-sales,REGRESSION,0,10,mae,rtx-pro-6000,False,"{""aggr"": ""mean"", ""channels"": 256, ""lr"": 0.0037019789833, ""num_heads"": 16, ""num_model_layers"": 1, ""num_neighbors"": 256, ""subgraph_type"": ""bidirectional""}",012001ed,r6,0.0684993797397735,,636.1115722029999,9.117058455000006,,,,,,,,,,,,0.1628762749261458,0.0684993797397735,0.6059593044299154,,,,
relgnn-es,rel-hm,item-sales,REGRESSION,0,10,mae,rtx-pro-6000,True,"{""aggr"": ""mean"", ""channels"": 64, ""lr"": 0.0010442146945, ""num_heads"": 2, ""num_model_layers"": 2, ""num_neighbors"": 256, ""subgraph_type"": ""bidirectional""}",d2fbdf27,r7,0.0665162639083733,0.0564925577047385,482.2310348840001,5.018476827000086,541.1792521990001,5.758874653000021,,,,,,,,,,0.1804330938634925,0.0665162639083733,0.5995713052082853,0.2025799843755829,0.0564925577047385,0.5203484844094565,
relgnn-es,rel-hm,item-sales,REGRESSION,0,10,mae,rtx-pro-6000,False,"{""aggr"": ""mean"", ""channels"": 256, ""lr"": 0.0041460591823, ""num_heads"": 4, ""num_model_layers"": 2, ""num_neighbors"": 256, ""subgraph_type"": ""directional""}",f87e8891,r8,0.0681811171125939,,486.7748761550002,6.216506291999849,,,,,,,,,,,,0.1696210675321573,0.0681811171125939,0.6035132289379319,,,,
relgnn-es,rel-hm,item-sales,REGRESSION,0,10,mae,rtx-pro-6000,False,"{""aggr"": ""mean"", ""channels"": 256, ""lr"": 0.004093508747, ""num_heads"": 8, ""num_model_layers"": 2, ""num_neighbors"": 64, ""subgraph_type"": ""bidirectional""}",79a48048,r9,0.0701312430166709,,402.5121161560001,4.419430317999286,,,,,,,,,,,,0.1523230603433106,0.0701312430166709,0.6097668601854275,,,,
relgnn-es,rel-hm,item-sales,REGRESSION,0,10,mae,rtx-pro-6000,False,"{""aggr"": ""sum"", ""channels"": 64, ""lr"": 0.0041393676084, ""num_heads"": 8, ""num_model_layers"": 2, ""num_neighbors"": 256, ""subgraph_type"": ""directional""}",c642344c,r10,0.0677569849182927,,426.7055928910004,4.8964782530001685,,,,,,,,,,,,0.1789488213503337,0.0677569849182927,0.6001139849097459,,,,
relgnn-es,rel-hm,user-churn,BINARY_CLASSIFICATION,0,10,roc_auc,rtx-pro-6000,False,"{""aggr"": ""sum"", ""channels"": 128, ""lr"": 0.005, ""num_heads"": 8, ""num_model_layers"": 2, ""num_neighbors"": 128, ""simplified_MP"": false, ""subgraph_type"": ""directional""}",afe1474f,default,0.6889145409854297,0.667341334867652,614.451275197,5.187244042999964,552.7474289990005,5.029799727999489,,0.8960954990405476,0.8118501489106014,0.8932436038065874,0.6889145409854297,0.8956823059481005,0.8261347636607442,0.9047905774540328,0.667341334867652,,,,,,,
relgnn-es,rel-hm,user-churn,BINARY_CLASSIFICATION,0,10,roc_auc,rtx-pro-6000,True,"{""aggr"": ""sum"", ""channels"": 128, ""lr"": 0.0011394964521, ""num_heads"": 4, ""num_model_layers"": 2, ""num_neighbors"": 64, ""subgraph_type"": ""bidirectional""}",70b52bd0,r1,0.6981068161777706,0.6820251445060446,570.9007562740001,5.043344146999971,574.7857049950007,4.7930011440003,,0.8993070656840667,0.8160039709493704,0.8975235711791409,0.6981068161777706,0.9020910189143172,0.8217901441501844,0.9000075238883455,0.6820251445060446,,,,,,,
relgnn-es,rel-hm,user-churn,BINARY_CLASSIFICATION,0,10,roc_auc,rtx-pro-6000,False,"{""aggr"": ""mean"", ""channels"": 128, ""lr"": 0.0018735112039, ""num_heads"": 4, ""num_model_layers"": 1, ""num_neighbors"": 256, ""subgraph_type"": ""bidirectional""}",79b72acf,r2,0.6576990197802576,,566.9106534950001,5.720806184999901,,,,0.8843726442552629,0.8128036992528346,0.8967365849792118,0.6576990197802576,,,,,,,,,,,
relgnn-es,rel-hm,user-churn,BINARY_CLASSIFICATION,0,10,roc_auc,rtx-pro-6000,False,"{""aggr"": ""mean"", ""channels"": 256, ""lr"": 0.0030037592231, ""num_heads"": 4, ""num_model_layers"": 1, ""num_neighbors"": 64, ""subgraph_type"": ""directional""}",ce9904b8,r3,0.6648179041021721,,605.9282447380001,4.878075316999912,,,,0.8883077463379797,0.8128036992528346,0.8967365849792118,0.6648179041021721,,,,,,,,,,,
relgnn-es,rel-hm,user-churn,BINARY_CLASSIFICATION,0,10,roc_auc,rtx-pro-6000,False,"{""aggr"": ""sum"", ""channels"": 64, ""lr"": 0.00648886485, ""num_heads"": 4, ""num_model_layers"": 2, ""num_neighbors"": 128, ""subgraph_type"": ""bidirectional""}",f0bb2bad,r4,0.6833695154219701,,596.4897559659998,5.238187978000042,,,,0.8938288536813297,0.8127253252521031,0.8958059288221571,0.6833695154219701,,,,,,,,,,,
relgnn-es,rel-hm,user-churn,BINARY_CLASSIFICATION,0,10,roc_auc,rtx-pro-6000,False,"{""aggr"": ""mean"", ""channels"": 256, ""lr"": 0.0030197929882, ""num_heads"": 2, ""num_model_layers"": 4, ""num_neighbors"": 128, ""subgraph_type"": ""directional""}",6f19af8d,r5,0.676194911788129,,667.8519378689998,5.72480382699996,,,,0.8916551903570845,0.8128036992528346,0.8967365849792118,0.676194911788129,,,,,,,,,,,
relgnn-es,rel-hm,user-churn,BINARY_CLASSIFICATION,0,10,roc_auc,rtx-pro-6000,False,"{""aggr"": ""mean"", ""channels"": 256, ""lr"": 0.0037019789833, ""num_heads"": 16, ""num_model_layers"": 1, ""num_neighbors"": 256, ""subgraph_type"": ""bidirectional""}",012001ed,r6,0.663184726914676,,608.3844357490002,6.642712644999847,,,,0.8876101180211818,0.8128036992528346,0.8967365849792118,0.663184726914676,,,,,,,,,,,
relgnn-es,rel-hm,user-churn,BINARY_CLASSIFICATION,0,10,roc_auc,rtx-pro-6000,False,"{""aggr"": ""mean"", ""channels"": 64, ""lr"": 0.0010442146945, ""num_heads"": 2, ""num_model_layers"": 2, ""num_neighbors"": 256, ""subgraph_type"": ""bidirectional""}",d2fbdf27,r7,0.6973306992887188,,595.3555101719994,5.295116938999854,,,,0.8985938273811651,0.8148152986049428,0.8951320003846467,0.6973306992887188,,,,,,,,,,,
relgnn-es,rel-hm,user-churn,BINARY_CLASSIFICATION,0,10,roc_auc,rtx-pro-6000,False,"{""aggr"": ""mean"", ""channels"": 256, ""lr"": 0.0041460591823, ""num_heads"": 4, ""num_model_layers"": 2, ""num_neighbors"": 256, ""subgraph_type"": ""directional""}",f87e8891,r8,0.6700716019090516,,591.4886548759996,5.661074495999856,,,,0.8889323848149653,0.8128036992528346,0.8967365849792118,0.6700716019090516,,,,,,,,,,,
relgnn-es,rel-hm,user-churn,BINARY_CLASSIFICATION,0,10,roc_auc,rtx-pro-6000,False,"{""aggr"": ""mean"", ""channels"": 256, ""lr"": 0.004093508747, ""num_heads"": 8, ""num_model_layers"": 2, ""num_neighbors"": 64, ""subgraph_type"": ""bidirectional""}",79a48048,r9,0.6734315563176183,,628.2489829840006,6.068561905000024,,,,0.8906723368289478,0.8128036992528346,0.8967365849792118,0.6734315563176183,,,,,,,,,,,
relgnn-es,rel-hm,user-churn,BINARY_CLASSIFICATION,0,10,roc_auc,rtx-pro-6000,False,"{""aggr"": ""sum"", ""channels"": 64, ""lr"": 0.0041393676084, ""num_heads"": 8, ""num_model_layers"": 2, ""num_neighbors"": 256, ""subgraph_type"": ""directional""}",c642344c,r10,0.6856510820522166,,587.0583736199997,5.199555346000125,,,,0.8948013927454834,0.7940984377449187,0.8794813178075279,0.6856510820522166,,,,,,,,,,,
relgnn-es,rel-stack,post-votes,REGRESSION,0,10,mae,rtx-pro-6000,False,"{""aggr"": ""sum"", ""channels"": 128, ""lr"": 0.005, ""num_heads"": 8, ""num_model_layers"": 2, ""num_neighbors"": 128, ""simplified_MP"": false, ""subgraph_type"": ""directional""}",afe1474f,default,0.0616902224719524,0.0679042637348175,1423.381465777,12.78312072499989,1357.4280408560007,3.1560693440005707,,,,,,,,,,-0.0284039974212646,0.0616902224719524,0.3712007403373718,-0.0338497161865234,0.0679042637348175,0.3752734959125519,
relgnn-es,rel-stack,post-votes,REGRESSION,0,10,mae,rtx-pro-6000,False,"{""aggr"": ""sum"", ""channels"": 128, ""lr"": 0.0011394964521, ""num_heads"": 4, ""num_model_layers"": 2, ""num_neighbors"": 64, ""subgraph_type"": ""bidirectional""}",70b52bd0,r1,0.0616901628673076,,1215.6838243400002,9.587963307999871,,,,,,,,,,,,-0.0283944606781005,0.0616901628673076,0.3711990118026733,,,,
relgnn-es,rel-stack,post-votes,REGRESSION,0,10,mae,rtx-pro-6000,False,"{""aggr"": ""mean"", ""channels"": 128, ""lr"": 0.0018735112039, ""num_heads"": 4, ""num_model_layers"": 1, ""num_neighbors"": 256, ""subgraph_type"": ""bidirectional""}",79b72acf,r2,0.0616901852190494,,1170.203106241,11.568713328000284,,,,,,,,,,,,-0.0283969640731811,0.0616901852190494,0.3711994290351867,,,,
relgnn-es,rel-stack,post-votes,REGRESSION,0,10,mae,rtx-pro-6000,False,"{""aggr"": ""mean"", ""channels"": 256, ""lr"": 0.0030037592231, ""num_heads"": 4, ""num_model_layers"": 1, ""num_neighbors"": 64, ""subgraph_type"": ""directional""}",ce9904b8,r3,0.0616902224719524,,957.5532906200006,9.290803596999467,,,,,,,,,,,,-0.0284039974212646,0.0616902224719524,0.3712007403373718,,,,
relgnn-es,rel-stack,post-votes,REGRESSION,0,10,mae,rtx-pro-6000,False,"{""aggr"": ""sum"", ""channels"": 64, ""lr"": 0.00648886485, ""num_heads"": 4, ""num_model_layers"": 2, ""num_neighbors"": 128, ""subgraph_type"": ""bidirectional""}",f0bb2bad,r4,0.0616902224719524,,1326.2437985650004,11.285044769000706,,,,,,,,,,,,-0.0284039974212646,0.0616902224719524,0.3712007403373718,,,,
relgnn-es,rel-stack,post-votes,REGRESSION,0,10,mae,rtx-pro-6000,False,"{""aggr"": ""mean"", ""channels"": 256, ""lr"": 0.0030197929882, ""num_heads"": 2, ""num_model_layers"": 4, ""num_neighbors"": 128, ""subgraph_type"": ""directional""}",6f19af8d,r5,0.0616902224719524,,2095.285831765,15.951702598000338,,,,,,,,,,,,-0.0284039974212646,0.0616902224719524,0.3712007403373718,,,,
relgnn-es,rel-stack,post-votes,REGRESSION,0,10,mae,rtx-pro-6000,False,"{""aggr"": ""mean"", ""channels"": 256, ""lr"": 0.0037019789833, ""num_heads"": 16, ""num_model_layers"": 1, ""num_neighbors"": 256, ""subgraph_type"": ""bidirectional""}",012001ed,r6,0.061689767986536,,2265.3371607029985,23.32575685400116,,,,,,,,,,,,-0.0283386707305908,0.061689767986536,0.3711889386177063,,,,
relgnn-es,rel-stack,post-votes,REGRESSION,0,10,mae,rtx-pro-6000,True,"{""aggr"": ""mean"", ""channels"": 64, ""lr"": 0.0010442146945, ""num_heads"": 2, ""num_model_layers"": 2, ""num_neighbors"": 256, ""subgraph_type"": ""bidirectional""}",d2fbdf27,r7,0.0616891607642173,0.0679042637348175,1546.0181842519996,14.32389226000123,1502.404781628,3.938640514999861,,,,,,,,,,-0.0282412767410278,0.0616891607642173,0.3711713552474975,-0.0338497161865234,0.0679042637348175,0.3752734959125519,
relgnn-es,rel-stack,post-votes,REGRESSION,0,10,mae,rtx-pro-6000,False,"{""aggr"": ""mean"", ""channels"": 256, ""lr"": 0.0041460591823, ""num_heads"": 4, ""num_model_layers"": 2, ""num_neighbors"": 256, ""subgraph_type"": ""directional""}",f87e8891,r8,0.0616902224719524,,1837.085171366,15.89953067100032,,,,,,,,,,,,-0.0284039974212646,0.0616902224719524,0.3712007403373718,,,,
relgnn-es,rel-stack,post-votes,REGRESSION,0,10,mae,rtx-pro-6000,False,"{""aggr"": ""mean"", ""channels"": 256, ""lr"": 0.004093508747, ""num_heads"": 8, ""num_model_layers"": 2, ""num_neighbors"": 64, ""subgraph_type"": ""bidirectional""}",79a48048,r9,0.0616902224719524,,1860.761007706,15.055517593000332,,,,,,,,,,,,-0.0284039974212646,0.0616902224719524,0.3712007403373718,,,,
relgnn-es,rel-stack,post-votes,REGRESSION,0,10,mae,rtx-pro-6000,False,"{""aggr"": ""sum"", ""channels"": 64, ""lr"": 0.0041393676084, ""num_heads"": 8, ""num_model_layers"": 2, ""num_neighbors"": 256, ""subgraph_type"": ""directional""}",c642344c,r10,0.0616902224719524,,1449.598284405001,12.331861299000591,,,,,,,,,,,,-0.0284039974212646,0.0616902224719524,0.3712007403373718,,,,
relgnn-es,rel-stack,user-badge,BINARY_CLASSIFICATION,0,10,roc_auc,rtx-pro-6000,False,"{""aggr"": ""sum"", ""channels"": 128, ""lr"": 0.005, ""num_heads"": 8, ""num_model_layers"": 2, ""num_neighbors"": 128, ""simplified_MP"": false, ""subgraph_type"": ""directional""}",afe1474f,default,0.8873816161037416,0.6041028259734403,1006.105328044,9.75065491500004,967.1678789050002,4.75479689399981,,0.3199503634442609,0.9718388992635348,0.1894124490983129,0.8873816161037416,0.0380135412637789,0.973625469924812,0.0,0.6041028259734403,,,,,,,
relgnn-es,rel-stack,user-badge,BINARY_CLASSIFICATION,0,10,roc_auc,rtx-pro-6000,False,"{""aggr"": ""sum"", ""channels"": 128, ""lr"": 0.0011394964521, ""num_heads"": 4, ""num_model_layers"": 2, ""num_neighbors"": 64, ""subgraph_type"": ""bidirectional""}",70b52bd0,r1,0.8921993035370914,,958.895443839,10.186997696000162,,,,0.3385068950224667,0.9720369606868284,0.1254108723135271,0.8921993035370914,,,,,,,,,,,
relgnn-es,rel-stack,user-badge,BINARY_CLASSIFICATION,0,10,roc_auc,rtx-pro-6000,False,"{""aggr"": ""mean"", ""channels"": 128, ""lr"": 0.0018735112039, ""num_heads"": 4, ""num_model_layers"": 1, ""num_neighbors"": 256, ""subgraph_type"": ""bidirectional""}",79b72acf,r2,0.887212137621429,,694.8709775109996,8.311731890999909,,,,0.3197651683029692,0.9720612131060072,0.204602991944764,0.887212137621429,,,,,,,,,,,
relgnn-es,rel-stack,user-badge,BINARY_CLASSIFICATION,0,10,roc_auc,rtx-pro-6000,False,"{""aggr"": ""mean"", ""channels"": 256, ""lr"": 0.0030037592231, ""num_heads"": 4, ""num_model_layers"": 1, ""num_neighbors"": 64, ""subgraph_type"": ""directional""}",ce9904b8,r3,0.8860763402239888,,674.4537533719999,8.30076599799986,,,,0.3182021382289039,0.9719116565210714,0.1330006238303181,0.8860763402239888,,,,,,,,,,,
relgnn-es,rel-stack,user-badge,BINARY_CLASSIFICATION,0,10,roc_auc,rtx-pro-6000,False,"{""aggr"": ""sum"", ""channels"": 64, ""lr"": 0.00648886485, ""num_heads"": 4, ""num_model_layers"": 2, ""num_neighbors"": 128, ""subgraph_type"": ""bidirectional""}",f0bb2bad,r4,0.8888412008789099,,971.3181979279998,9.556976070999552,,,,0.3216602412761309,0.9718631516827136,0.2177772783458815,0.8888412008789099,,,,,,,,,,,
relgnn-es,rel-stack,user-badge,BINARY_CLASSIFICATION,0,10,roc_auc,rtx-pro-6000,False,"{""aggr"": ""mean"", ""channels"": 256, ""lr"": 0.0030197929882, ""num_heads"": 2, ""num_model_layers"": 4, ""num_neighbors"": 128, ""subgraph_type"": ""directional""}",6f19af8d,r5,0.8874489292737496,,1548.2581917930002,14.051510959000552,,,,0.3219687206989318,0.9719965399881972,0.1495212374171372,0.8874489292737496,,,,,,,,,,,
relgnn-es,rel-stack,user-badge,BINARY_CLASSIFICATION,0,10,roc_auc,rtx-pro-6000,False,"{""aggr"": ""mean"", ""channels"": 256, ""lr"": 0.0037019789833, ""num_heads"": 16, ""num_model_layers"": 1, ""num_neighbors"": 256, ""subgraph_type"": ""bidirectional""}",012001ed,r6,0.8858192102638616,,733.0123171279993,9.729369087000125,,,,0.3196304019405294,0.971992497918334,0.2238153915089055,0.8858192102638616,,,,,,,,,,,
relgnn-es,rel-stack,user-badge,BINARY_CLASSIFICATION,0,10,roc_auc,rtx-pro-6000,True,"{""aggr"": ""mean"", ""channels"": 64, ""lr"": 0.0010442146945, ""num_heads"": 2, ""num_model_layers"": 2, ""num_neighbors"": 256, ""subgraph_type"": ""bidirectional""}",d2fbdf27,r7,0.8937576299637793,0.6205836630047294,996.5016329660002,10.135354738999922,1009.8816858420014,4.86005484099951,,0.3371256050459369,0.9723967049046476,0.2050983587475265,0.8937576299637793,0.0417442614911314,0.973625469924812,0.0,0.6205836630047294,,,,,,,
relgnn-es,rel-stack,user-badge,BINARY_CLASSIFICATION,0,10,roc_auc,rtx-pro-6000,False,"{""aggr"": ""mean"", ""channels"": 256, ""lr"": 0.0041460591823, ""num_heads"": 4, ""num_model_layers"": 2, ""num_neighbors"": 256, ""subgraph_type"": ""directional""}",f87e8891,r8,0.8865807478850443,,996.0401698099996,10.9734227429999,,,,0.3187433179255368,0.9714993653950316,0.0808238821535653,0.8865807478850443,,,,,,,,,,,
relgnn-es,rel-stack,user-badge,BINARY_CLASSIFICATION,0,10,roc_auc,rtx-pro-6000,False,"{""aggr"": ""mean"", ""channels"": 256, ""lr"": 0.004093508747, ""num_heads"": 8, ""num_model_layers"": 2, ""num_neighbors"": 64, ""subgraph_type"": ""bidirectional""}",79a48048,r9,0.8862251920271663,,997.1810036919996,10.64826314200036,,,,0.3128913011914014,0.9718267730539456,0.1968195436736575,0.8862251920271663,,,,,,,,,,,
relgnn-es,rel-stack,user-badge,BINARY_CLASSIFICATION,0,10,roc_auc,rtx-pro-6000,False,"{""aggr"": ""sum"", ""channels"": 64, ""lr"": 0.0041393676084, ""num_heads"": 8, ""num_model_layers"": 2, ""num_neighbors"": 256, ""subgraph_type"": ""directional""}",c642344c,r10,0.890325003996681,,959.4358280449997,9.597389910999482,,,,0.3213204511208041,0.9717540157964092,0.110941475826972,0.890325003996681,,,,,,,,,,,
relgnn-es,rel-stack,user-engagement,BINARY_CLASSIFICATION,0,10,roc_auc,rtx-pro-6000,False,"{""aggr"": ""sum"", ""channels"": 128, ""lr"": 0.005, ""num_heads"": 8, ""num_model_layers"": 2, ""num_neighbors"": 128, ""simplified_MP"": false, ""subgraph_type"": ""directional""}",afe1474f,default,0.8978966081720858,0.8977807482721589,1047.336295364,4.379773978000003,1005.631287573,4.448824335999234,,0.3805240301863034,0.9745994756772502,0.2340126493323963,0.8978966081720858,0.3776054016485016,0.975197703575116,0.2253720765414599,0.8977807482721589,,,,,,,
relgnn-es,rel-stack,user-engagement,BINARY_CLASSIFICATION,0,10,roc_auc,rtx-pro-6000,False,"{""aggr"": ""sum"", ""channels"": 128, ""lr"": 0.0011394964521, ""num_heads"": 4, ""num_model_layers"": 2, ""num_neighbors"": 64, ""subgraph_type"": ""bidirectional""}",70b52bd0,r1,0.900737313861799,,1013.4386295600002,4.220899900999939,,,,0.3969378821026704,0.9754616953102244,0.3292993630573248,0.900737313861799,,,,,,,,,,,
relgnn-es,rel-stack,user-engagement,BINARY_CLASSIFICATION,0,10,roc_auc,rtx-pro-6000,False,"{""aggr"": ""mean"", ""channels"": 128, ""lr"": 0.0018735112039, ""num_heads"": 4, ""num_model_layers"": 1, ""num_neighbors"": 256, ""subgraph_type"": ""bidirectional""}",79b72acf,r2,0.8976644328831955,,781.2512329379997,3.9752877749997424,,,,0.3759558661476672,0.9747509466938538,0.2902063544055028,0.8976644328831955,,,,,,,,,,,
relgnn-es,rel-stack,user-engagement,BINARY_CLASSIFICATION,0,10,roc_auc,rtx-pro-6000,False,"{""aggr"": ""mean"", ""channels"": 256, ""lr"": 0.0030037592231, ""num_heads"": 4, ""num_model_layers"": 1, ""num_neighbors"": 64, ""subgraph_type"": ""directional""}",ce9904b8,r3,0.8974643318538866,,753.889171585,3.587789303000136,,,,0.3834954387138078,0.9750771919603844,0.2952224052718287,0.8974643318538866,,,,,,,,,,,
relgnn-es,rel-stack,user-engagement,BINARY_CLASSIFICATION,0,10,roc_auc,rtx-pro-6000,False,"{""aggr"": ""sum"", ""channels"": 64, ""lr"": 0.00648886485, ""num_heads"": 4, ""num_model_layers"": 2, ""num_neighbors"": 128, ""subgraph_type"": ""bidirectional""}",f0bb2bad,r4,0.8992623288994575,,1103.032910626,4.383870114999809,,,,0.3892939093124303,0.9749956306437518,0.2813127930341594,0.8992623288994575,,,,,,,,,,,
relgnn-es,rel-stack,user-engagement,BINARY_CLASSIFICATION,0,10,roc_auc,rtx-pro-6000,False,"{""aggr"": ""mean"", ""channels"": 256, ""lr"": 0.0030197929882, ""num_heads"": 2, ""num_model_layers"": 4, ""num_neighbors"": 128, ""subgraph_type"": ""directional""}",6f19af8d,r5,0.8945083132843675,,1548.9657120299998,5.81142834000002,,,,0.3806572715581737,0.9747859015438392,0.3095086151882578,0.8945083132843675,,,,,,,,,,,
relgnn-es,rel-stack,user-engagement,BINARY_CLASSIFICATION,0,10,roc_auc,rtx-pro-6000,False,"{""aggr"": ""mean"", ""channels"": 256, ""lr"": 0.0037019789833, ""num_heads"": 16, ""num_model_layers"": 1, ""num_neighbors"": 256, ""subgraph_type"": ""bidirectional""}",012001ed,r6,0.8989049730692309,,950.376028058,5.783611500999541,,,,0.3927488787256912,0.9750072822604136,0.3319838056680162,0.8989049730692309,,,,,,,,,,,
relgnn-es,rel-stack,user-engagement,BINARY_CLASSIFICATION,0,10,roc_auc,rtx-pro-6000,True,"{""aggr"": ""mean"", ""channels"": 64, ""lr"": 0.0010442146945, ""num_heads"": 2, ""num_model_layers"": 2, ""num_neighbors"": 256, ""subgraph_type"": ""bidirectional""}",d2fbdf27,r7,0.9036975973736406,0.9050544773397768,1066.8179907680003,4.584923403001085,1099.953110185999,4.955940996998834,,0.4041051299352838,0.975228662976988,0.3430160692212608,0.9036975973736406,0.3974040637492533,0.9753565471935736,0.3152585119798234,0.9050544773397768,,,,,,,
relgnn-es,rel-stack,user-engagement,BINARY_CLASSIFICATION,0,10,roc_auc,rtx-pro-6000,False,"{""aggr"": ""mean"", ""channels"": 256, ""lr"": 0.0041460591823, ""num_heads"": 4, ""num_model_layers"": 2, ""num_neighbors"": 256, ""subgraph_type"": ""directional""}",f87e8891,r8,0.8978326963173627,,1066.4561886610009,4.823545204999391,,,,0.3837599959928937,0.9750655403437228,0.2765382014874915,0.8978326963173627,,,,,,,,,,,
relgnn-es,rel-stack,user-engagement,BINARY_CLASSIFICATION,0,10,roc_auc,rtx-pro-6000,False,"{""aggr"": ""mean"", ""channels"": 256, ""lr"": 0.004093508747, ""num_heads"": 8, ""num_model_layers"": 2, ""num_neighbors"": 64, ""subgraph_type"": ""bidirectional""}",79a48048,r9,0.897283338364072,,1159.5693656799997,5.447368401999484,,,,0.3854368739599048,0.9747625983105156,0.2566918325326012,0.897283338364072,,,,,,,,,,,
relgnn-es,rel-stack,user-engagement,BINARY_CLASSIFICATION,0,10,roc_auc,rtx-pro-6000,False,"{""aggr"": ""sum"", ""channels"": 64, ""lr"": 0.0041393676084, ""num_heads"": 8, ""num_model_layers"": 2, ""num_neighbors"": 256, ""subgraph_type"": ""directional""}",c642344c,r10,0.9005254767674891,,1032.1409196959994,4.419797488999393,,,,0.397355468909232,0.974121759394116,0.3670561413508122,0.9005254767674891,,,,,,,,,,,
relgnn-es,rel-trial,site-success,REGRESSION,0,10,mae,rtx-pro-6000,False,"{""aggr"": ""sum"", ""channels"": 128, ""lr"": 0.005, ""num_heads"": 8, ""num_model_layers"": 2, ""num_neighbors"": 128, ""simplified_MP"": false, ""subgraph_type"": ""directional""}",afe1474f,default,0.3771393439784414,0.390125871584996,227.007514985,1.3153017989999969,181.4079622860004,1.5910625740002615,,,,,,,,,,-0.435195945451551,0.3771393439784414,0.5722757847804191,-0.5104565969826023,0.390125871584996,0.5914228712546304,
relgnn-es,rel-trial,site-success,REGRESSION,0,10,mae,rtx-pro-6000,False,"{""aggr"": ""sum"", ""channels"": 128, ""lr"": 0.0011394964521, ""num_heads"": 4, ""num_model_layers"": 2, ""num_neighbors"": 64, ""subgraph_type"": ""bidirectional""}",70b52bd0,r1,0.3946644973624243,,175.40734469200004,1.2458959550000372,,,,,,,,,,,,-0.3775661544666673,0.3946644973624243,0.5606683003854651,,,,
relgnn-es,rel-trial,site-success,REGRESSION,0,10,mae,rtx-pro-6000,False,"{""aggr"": ""mean"", ""channels"": 128, ""lr"": 0.0018735112039, ""num_heads"": 4, ""num_model_layers"": 1, ""num_neighbors"": 256, ""subgraph_type"": ""bidirectional""}",79b72acf,r2,0.3733807833820484,,125.98592164299998,1.2995479310000064,,,,,,,,,,,,-0.3563544307875435,0.3733807833820484,0.5563349774660448,,,,
relgnn-es,rel-trial,site-success,REGRESSION,0,10,mae,rtx-pro-6000,False,"{""aggr"": ""mean"", ""channels"": 256, ""lr"": 0.0030037592231, ""num_heads"": 4, ""num_model_layers"": 1, ""num_neighbors"": 64, ""subgraph_type"": ""directional""}",ce9904b8,r3,0.403124065246829,,110.64036406900004,0.970093456000086,,,,,,,,,,,,-0.5018852064506321,0.403124065246829,0.5854207880272639,,,,
relgnn-es,rel-trial,site-success,REGRESSION,0,10,mae,rtx-pro-6000,False,"{""aggr"": ""sum"", ""channels"": 64, ""lr"": 0.00648886485, ""num_heads"": 4, ""num_model_layers"": 2, ""num_neighbors"": 128, ""subgraph_type"": ""bidirectional""}",f0bb2bad,r4,0.3998552440804268,,187.94376980000004,1.3630233640000142,,,,,,,,,,,,-0.5203857103054208,0.3998552440804268,0.5890154136615117,,,,
relgnn-es,rel-trial,site-success,REGRESSION,0,10,mae,rtx-pro-6000,False,"{""aggr"": ""mean"", ""channels"": 256, ""lr"": 0.0030197929882, ""num_heads"": 2, ""num_model_layers"": 4, ""num_neighbors"": 128, ""subgraph_type"": ""directional""}",6f19af8d,r5,0.4683825192169318,,264.33551033000003,1.5932283060001282,,,,,,,,,,,,-0.4329229342187237,0.4683825192169318,0.5718224304021655,,,,
relgnn-es,rel-trial,site-success,REGRESSION,0,10,mae,rtx-pro-6000,False,"{""aggr"": ""mean"", ""channels"": 256, ""lr"": 0.0037019789833, ""num_heads"": 16, ""num_model_layers"": 1, ""num_neighbors"": 256, ""subgraph_type"": ""bidirectional""}",012001ed,r6,0.3998964920541922,,156.09577438099996,1.952206574999991,,,,,,,,,,,,-0.446323140619189,0.3998964920541922,0.5744899526134741,,,,
relgnn-es,rel-trial,site-success,REGRESSION,0,10,mae,rtx-pro-6000,False,"{""aggr"": ""mean"", ""channels"": 64, ""lr"": 0.0010442146945, ""num_heads"": 2, ""num_model_layers"": 2, ""num_neighbors"": 256, ""subgraph_type"": ""bidirectional""}",d2fbdf27,r7,0.3787852899119288,,191.6284835880001,1.48310629599996,,,,,,,,,,,,-0.4562739606204247,0.3787852899119288,0.5764628336676022,,,,
relgnn-es,rel-trial,site-success,REGRESSION,0,10,mae,rtx-pro-6000,False,"{""aggr"": ""mean"", ""channels"": 256, ""lr"": 0.0041460591823, ""num_heads"": 4, ""num_model_layers"": 2, ""num_neighbors"": 256, ""subgraph_type"": ""directional""}",f87e8891,r8,0.3823344848263651,,187.74254961799988,1.4775721819999037,,,,,,,,,,,,-0.5724679151957623,0.3823344848263651,0.5990190949396119,,,,
relgnn-es,rel-trial,site-success,REGRESSION,0,10,mae,rtx-pro-6000,False,"{""aggr"": ""mean"", ""channels"": 256, ""lr"": 0.004093508747, ""num_heads"": 8, ""num_model_layers"": 2, ""num_neighbors"": 64, ""subgraph_type"": ""bidirectional""}",79a48048,r9,0.3946810687971195,,163.03758203199982,1.3803689320000103,,,,,,,,,,,,-0.4787908470954038,0.3946810687971195,0.5809023684012441,,,,
relgnn-es,rel-trial,site-success,REGRESSION,0,10,mae,rtx-pro-6000,True,"{""aggr"": ""sum"", ""channels"": 64, ""lr"": 0.0041393676084, ""num_heads"": 8, ""num_model_layers"": 2, ""num_neighbors"": 256, ""subgraph_type"": ""directional""}",c642344c,r10,0.37050105038625,0.3404932116601677,168.2852960839998,1.199280988999817,219.86580678200016,1.5666561769999134,,,,,,,,,,-0.3607134715077991,0.37050105038625,0.55722823274634,-0.2736086067961523,0.3404932116601677,0.543077716008042,
relgnn-es,rel-trial,study-adverse,REGRESSION,0,10,mae,rtx-pro-6000,False,"{""aggr"": ""sum"", ""channels"": 128, ""lr"": 0.005, ""num_heads"": 8, ""num_model_layers"": 2, ""num_neighbors"": 128, ""simplified_MP"": false, ""subgraph_type"": ""directional""}",afe1474f,default,49.62274909680202,46.12026601444913,107.178181322,0.3611801650000075,55.26474122500008,0.331340530000034,,,,,,,,,,0.0282605737092604,49.62274909680202,385.5495160859766,0.1559593147567933,46.12026601444913,229.39095361628569,
relgnn-es,rel-trial,study-adverse,REGRESSION,0,10,mae,rtx-pro-6000,False,"{""aggr"": ""sum"", ""channels"": 128, ""lr"": 0.0011394964521, ""num_heads"": 4, ""num_model_layers"": 2, ""num_neighbors"": 64, ""subgraph_type"": ""bidirectional""}",70b52bd0,r1,50.32475011115966,,55.79528925700001,0.3540050880000081,,,,,,,,,,,,0.0107190155022786,50.32475011115966,389.01386565989714,,,,
relgnn-es,rel-trial,study-adverse,REGRESSION,0,10,mae,rtx-pro-6000,False,"{""aggr"": ""mean"", ""channels"": 128, ""lr"": 0.0018735112039, ""num_heads"": 4, ""num_model_layers"": 1, ""num_neighbors"": 256, ""subgraph_type"": ""bidirectional""}",79b72acf,r2,49.96326077983687,,45.19223477900002,0.3407305999999721,,,,,,,,,,,,0.0257559220664309,49.96326077983687,386.0460719286395,,,,
relgnn-es,rel-trial,study-adverse,REGRESSION,0,10,mae,rtx-pro-6000,False,"{""aggr"": ""mean"", ""channels"": 256, ""lr"": 0.0030037592231, ""num_heads"": 4, ""num_model_layers"": 1, ""num_neighbors"": 64, ""subgraph_type"": ""directional""}",ce9904b8,r3,48.44759586846375,,43.88629805900001,0.3071860709999896,,,,,,,,,,,,0.0495632901255514,48.44759586846375,381.3000407181917,,,,
relgnn-es,rel-trial,study-adverse,REGRESSION,0,10,mae,rtx-pro-6000,True,"{""aggr"": ""sum"", ""channels"": 64, ""lr"": 0.00648886485, ""num_heads"": 4, ""num_model_layers"": 2, ""num_neighbors"": 128, ""subgraph_type"": ""bidirectional""}",f0bb2bad,r4,48.04966976236266,46.27006411758294,58.034203906000016,0.3639147789999697,91.57604028100002,0.3538192990000652,,,,,,,,,,0.0499017646642939,48.04966976236266,381.2321393805624,0.1573734068202086,46.27006411758294,229.1987141237172,
relgnn-es,rel-trial,study-adverse,REGRESSION,0,10,mae,rtx-pro-6000,False,"{""aggr"": ""mean"", ""channels"": 256, ""lr"": 0.0030197929882, ""num_heads"": 2, ""num_model_layers"": 4, ""num_neighbors"": 128, ""subgraph_type"": ""directional""}",6f19af8d,r5,49.579275691001214,,88.248478208,0.6654407500000161,,,,,,,,,,,,0.0310765422863055,49.579275691001214,384.9904757795759,,,,
relgnn-es,rel-trial,study-adverse,REGRESSION,0,10,mae,rtx-pro-6000,False,"{""aggr"": ""mean"", ""channels"": 256, ""lr"": 0.0037019789833, ""num_heads"": 16, ""num_model_layers"": 1, ""num_neighbors"": 256, ""subgraph_type"": ""bidirectional""}",012001ed,r6,49.408037282873536,,48.339319589999945,0.3730565640000804,,,,,,,,,,,,0.0357265624275171,49.408037282873536,384.06554899475833,,,,
relgnn-es,rel-trial,study-adverse,REGRESSION,0,10,mae,rtx-pro-6000,False,"{""aggr"": ""mean"", ""channels"": 64, ""lr"": 0.0010442146945, ""num_heads"": 2, ""num_model_layers"": 2, ""num_neighbors"": 256, ""subgraph_type"": ""bidirectional""}",d2fbdf27,r7,51.61959367324376,,58.75076688899992,0.3705606749999788,,,,,,,,,,,,8.870023284079931e-05,51.61959367324376,391.0983544546762,,,,
relgnn-es,rel-trial,study-adverse,REGRESSION,0,10,mae,rtx-pro-6000,False,"{""aggr"": ""mean"", ""channels"": 256, ""lr"": 0.0041460591823, ""num_heads"": 4, ""num_model_layers"": 2, ""num_neighbors"": 256, ""subgraph_type"": ""directional""}",f87e8891,r8,49.5406177213718,,59.49994565399993,0.3581172600000855,,,,,,,,,,,,0.0335335484199535,49.5406177213718,384.502034517613,,,,
relgnn-es,rel-trial,study-adverse,REGRESSION,0,10,mae,rtx-pro-6000,False,"{""aggr"": ""mean"", ""channels"": 256, ""lr"": 0.004093508747, ""num_heads"": 8, ""num_model_layers"": 2, ""num_neighbors"": 64, ""subgraph_type"": ""bidirectional""}",79a48048,r9,49.4337199362776,,60.51488430899997,0.3644187720000218,,,,,,,,,,,,0.0441571714525423,49.4337199362776,382.3829272968873,,,,
relgnn-es,rel-trial,study-adverse,REGRESSION,0,10,mae,rtx-pro-6000,False,"{""aggr"": ""sum"", ""channels"": 64, ""lr"": 0.0041393676084, ""num_heads"": 8, ""num_model_layers"": 2, ""num_neighbors"": 256, ""subgraph_type"": ""directional""}",c642344c,r10,50.21957169196365,,74.03276563299994,0.3552742990000297,,,,,,,,,,,,0.0229147890839801,50.21957169196365,386.6085643144827,,,,
relgnn-es,rel-trial,study-outcome,BINARY_CLASSIFICATION,0,10,roc_auc,rtx-pro-6000,False,"{""aggr"": ""sum"", ""channels"": 128, ""lr"": 0.005, ""num_heads"": 8, ""num_model_layers"": 2, ""num_neighbors"": 128, ""simplified_MP"": false, ""subgraph_type"": ""directional""}",afe1474f,default,0.6328477164390477,0.6733560955528919,65.507156261,0.2144256210000037,17.03831660200001,0.6315699610000252,,0.6983981312789228,0.603125,0.7315010570824524,0.6328477164390477,0.7175227602521523,0.6496969696969697,0.7326549491211841,0.6733560955528919,,,,,,,
relgnn-es,rel-trial,study-outcome,BINARY_CLASSIFICATION,0,10,roc_auc,rtx-pro-6000,False,"{""aggr"": ""sum"", ""channels"": 128, ""lr"": 0.0011394964521, ""num_heads"": 4, ""num_model_layers"": 2, ""num_neighbors"": 64, ""subgraph_type"": ""bidirectional""}",70b52bd0,r1,0.6618149652205381,,17.84911417700002,0.1940568480000024,,,,0.7356870107651661,0.628125,0.703734439834025,0.6618149652205381,,,,,,,,,,,
relgnn-es,rel-trial,study-outcome,BINARY_CLASSIFICATION,0,10,roc_auc,rtx-pro-6000,False,"{""aggr"": ""mean"", ""channels"": 128, ""lr"": 0.0018735112039, ""num_heads"": 4, ""num_model_layers"": 1, ""num_neighbors"": 256, ""subgraph_type"": ""bidirectional""}",79b72acf,r2,0.6510974405711248,,15.48672621,0.1886412409999991,,,,0.7113669659652307,0.634375,0.7220902612826603,0.6510974405711248,,,,,,,,,,,
relgnn-es,rel-trial,study-outcome,BINARY_CLASSIFICATION,0,10,roc_auc,rtx-pro-6000,True,"{""aggr"": ""mean"", ""channels"": 256, ""lr"": 0.0030037592231, ""num_heads"": 4, ""num_model_layers"": 1, ""num_neighbors"": 64, ""subgraph_type"": ""directional""}",ce9904b8,r3,0.663606431408289,0.6574346494254961,13.792444845999997,0.1733961820000047,39.61048343300001,0.1859424219999823,,0.7172573415732318,0.6395833333333333,0.729264475743349,0.663606431408289,0.7202326727085647,0.6242424242424243,0.6736842105263158,0.6574346494254961,,,,,,,
relgnn-es,rel-trial,study-outcome,BINARY_CLASSIFICATION,0,10,roc_auc,rtx-pro-6000,False,"{""aggr"": ""sum"", ""channels"": 64, ""lr"": 0.00648886485, ""num_heads"": 4, ""num_model_layers"": 2, ""num_neighbors"": 128, ""subgraph_type"": ""bidirectional""}",f0bb2bad,r4,0.6462546741184512,,19.202465535000016,0.1938955669999984,,,,0.7083776117208088,0.6114583333333333,0.6792777300085985,0.6462546741184512,,,,,,,,,,,
relgnn-es,rel-trial,study-outcome,BINARY_CLASSIFICATION,0,10,roc_auc,rtx-pro-6000,False,"{""aggr"": ""mean"", ""channels"": 256, ""lr"": 0.0030197929882, ""num_heads"": 2, ""num_model_layers"": 4, ""num_neighbors"": 128, ""subgraph_type"": ""directional""}",6f19af8d,r5,0.5709952242459982,,27.05949957200002,0.2081723439999905,,,,0.644274048397957,0.584375,0.73767258382643,0.5709952242459982,,,,,,,,,,,
relgnn-es,rel-trial,study-outcome,BINARY_CLASSIFICATION,0,10,roc_auc,rtx-pro-6000,False,"{""aggr"": ""mean"", ""channels"": 256, ""lr"": 0.0037019789833, ""num_heads"": 16, ""num_model_layers"": 1, ""num_neighbors"": 256, ""subgraph_type"": ""bidirectional""}",012001ed,r6,0.6540995983720441,,16.736163677999997,0.2017015590000141,,,,0.7281361747885258,0.60625,0.7252906976744186,0.6540995983720441,,,,,,,,,,,
relgnn-es,rel-trial,study-outcome,BINARY_CLASSIFICATION,0,10,roc_auc,rtx-pro-6000,False,"{""aggr"": ""mean"", ""channels"": 64, ""lr"": 0.0010442146945, ""num_heads"": 2, ""num_model_layers"": 2, ""num_neighbors"": 256, ""subgraph_type"": ""bidirectional""}",d2fbdf27,r7,0.6536707186861985,,18.83441963099997,0.194893334000028,,,,0.7115291090935689,0.6302083333333334,0.7039199332777314,0.6536707186861985,,,,,,,,,,,
relgnn-es,rel-trial,study-outcome,BINARY_CLASSIFICATION,0,10,roc_auc,rtx-pro-6000,False,"{""aggr"": ""mean"", ""channels"": 256, ""lr"": 0.0041460591823, ""num_heads"": 4, ""num_model_layers"": 2, ""num_neighbors"": 256, ""subgraph_type"": ""directional""}",f87e8891,r8,0.6522947296941105,,18.52683734599998,0.1909198399999923,,,,0.7135835686339076,0.615625,0.6977886977886978,0.6522947296941105,,,,,,,,,,,
relgnn-es,rel-trial,study-outcome,BINARY_CLASSIFICATION,0,10,roc_auc,rtx-pro-6000,False,"{""aggr"": ""mean"", ""channels"": 256, ""lr"": 0.004093508747, ""num_heads"": 8, ""num_model_layers"": 2, ""num_neighbors"": 64, ""subgraph_type"": ""bidirectional""}",79a48048,r9,0.6397231939027606,,19.335647704999985,0.1955330970000091,,,,0.7086432462065719,0.6125,0.7350427350427351,0.6397231939027606,,,,,,,,,,,
relgnn-es,rel-trial,study-outcome,BINARY_CLASSIFICATION,0,10,roc_auc,rtx-pro-6000,False,"{""aggr"": ""sum"", ""channels"": 64, ""lr"": 0.0041393676084, ""num_heads"": 8, ""num_model_layers"": 2, ""num_neighbors"": 256, ""subgraph_type"": ""directional""}",c642344c,r10,0.6404379933791698,,18.01582678699998,0.1884797110000136,,,,0.7108943640546325,0.6177083333333333,0.731528895391368,0.6404379933791698,,,,,,,,,,,
tabpfn-rel-no-text,rel-amazon,user-churn,BINARY_CLASSIFICATION,0,3,roc_auc,rtx-pro-6000,False,"{""context_strategy"": ""hard_pool"", ""max_depth"": 2, ""pool_inflation"": 4.0, ""subsample_samples"": 100000, ""tfm"": ""tabpfn-v3"", ""with_text"": false}",7c92cf16,default,0.6964857690164689,0.6983086290697171,24.929695361,89.988835674,6.897219740000082,74.79534781899997,,0.7792657534983495,0.7018243401530533,0.794316475554987,0.6964857690164689,0.7540688151159562,0.6792304303962943,0.780903761791995,0.6983086290697171,,,,,,,
tabpfn-rel-no-text,rel-amazon,user-churn,BINARY_CLASSIFICATION,0,3,roc_auc,rtx-pro-6000,False,"{""context_strategy"": ""hard_pool"", ""max_depth"": 3, ""pool_inflation"": 4.0, ""subsample_samples"": 100000, ""tfm"": ""tabpfn-v3"", ""with_text"": false}",289d0b43,r1,0.6979712446091798,,11.366841453000006,84.624263068,,,,0.7803159834952451,0.7023343549898485,0.7941203773247345,0.6979712446091798,,,,,,,,,,,
tabpfn-rel-no-text,rel-amazon,user-churn,BINARY_CLASSIFICATION,0,3,roc_auc,rtx-pro-6000,True,"{""context_strategy"": ""hard_pool"", ""max_depth"": 4, ""pool_inflation"": 4.0, ""subsample_samples"": 100000, ""tfm"": ""tabpfn-v3"", ""with_text"": false}",3f6e138b,r2,0.701618283136299,0.7024030187395066,17.031339215000003,93.10673268300002,23.07501191399996,84.87317362199997,,0.7832056873745998,0.7029956660940184,0.7939967773384607,0.701618283136299,0.7573242272119267,0.6821973087798571,0.781799379524302,0.7024030187395066,,,,,,,
tabpfn-rel-no-text,rel-amazon,user-ltv,REGRESSION,0,3,mae,rtx-pro-6000,False,"{""context_strategy"": ""hard_pool"", ""max_depth"": 2, ""pool_inflation"": 4.0, ""subsample_samples"": 100000, ""tfm"": ""tabpfn-v3"", ""with_text"": false}",7c92cf16,default,12.058534306221528,14.434078441981448,27.08743283700001,89.12913724699999,7.514793932000089,74.30168889700008,,,,,,,,,,0.2421302167935415,12.058534306221528,42.590788312442754,0.1757462121185262,14.434078441981448,50.3350174800829,
tabpfn-rel-no-text,rel-amazon,user-ltv,REGRESSION,0,3,mae,rtx-pro-6000,True,"{""context_strategy"": ""hard_pool"", ""max_depth"": 3, ""pool_inflation"": 4.0, ""subsample_samples"": 100000, ""tfm"": ""tabpfn-v3"", ""with_text"": false}",289d0b43,r1,12.022013504566274,14.400940148306976,12.120128916,84.42634988,16.82389215500001,77.16574060199997,,,,,,,,,,0.2490141215496417,12.022013504566274,42.39691612105832,0.1784248778075426,14.400940148306976,50.253161376994576,
tabpfn-rel-no-text,rel-amazon,user-ltv,REGRESSION,0,3,mae,rtx-pro-6000,False,"{""context_strategy"": ""hard_pool"", ""max_depth"": 4, ""pool_inflation"": 4.0, ""subsample_samples"": 100000, ""tfm"": ""tabpfn-v3"", ""with_text"": false}",3f6e138b,r2,12.026876541950156,,17.46886715300002,101.69404720900002,,,,,,,,,,,,0.2443833499149029,12.026876541950156,42.52743036625411,,,,
tabpfn-rel-no-text,rel-amazon,item-churn,BINARY_CLASSIFICATION,0,3,roc_auc,rtx-pro-6000,False,"{""context_strategy"": ""hard_pool"", ""max_depth"": 2, ""pool_inflation"": 4.0, ""subsample_samples"": 100000, ""tfm"": ""tabpfn-v3"", ""with_text"": false}",7c92cf16,default,0.8197138495761831,0.8278627376812809,22.641074089,55.59579875,8.293806385999972,48.92962903199998,,0.7278163185891071,0.7291841363280789,0.6210019768604935,0.8197138495761831,0.7059285474160187,0.7535572577648314,0.6696447940351751,0.8278627376812809,,,,,,,
tabpfn-rel-no-text,rel-amazon,item-churn,BINARY_CLASSIFICATION,0,3,roc_auc,rtx-pro-6000,True,"{""context_strategy"": ""hard_pool"", ""max_depth"": 3, ""pool_inflation"": 4.0, ""subsample_samples"": 100000, ""tfm"": ""tabpfn-v3"", ""with_text"": false}",289d0b43,r1,0.8199029386679979,0.8278570732636555,12.487108714000016,50.73918956199998,13.742905237000002,50.50821953999997,,0.728021877218988,0.7296906392629819,0.622323569884018,0.8199029386679979,0.7059435572566656,0.7536531568789633,0.6698157922219812,0.8278570732636555,,,,,,,
tabpfn-rel-no-text,rel-amazon,item-churn,BINARY_CLASSIFICATION,0,3,roc_auc,rtx-pro-6000,False,"{""context_strategy"": ""hard_pool"", ""max_depth"": 4, ""pool_inflation"": 4.0, ""subsample_samples"": 100000, ""tfm"": ""tabpfn-v3"", ""with_text"": false}",3f6e138b,r2,0.8197565704867205,,11.945743280999976,50.73209728500001,,,,0.7278618746048939,0.7293248315877742,0.6212078253473207,0.8197565704867205,,,,,,,,,,,
tabpfn-rel-no-text,rel-amazon,item-ltv,REGRESSION,0,3,mae,rtx-pro-6000,False,"{""context_strategy"": ""hard_pool"", ""max_depth"": 2, ""pool_inflation"": 4.0, ""subsample_samples"": 100000, ""tfm"": ""tabpfn-v3"", ""with_text"": false}",7c92cf16,default,43.9158546238848,47.80275286147005,26.085448569,58.10835874899999,9.025737561000028,55.93562588000003,,,,,,,,,,0.0877604973524054,43.9158546238848,431.7263141316981,0.0394626400710487,47.80275286147005,651.3665754312384,
tabpfn-rel-no-text,rel-amazon,item-ltv,REGRESSION,0,3,mae,rtx-pro-6000,False,"{""context_strategy"": ""hard_pool"", ""max_depth"": 3, ""pool_inflation"": 4.0, ""subsample_samples"": 100000, ""tfm"": ""tabpfn-v3"", ""with_text"": false}",289d0b43,r1,43.92448620862037,,13.818809232000008,53.71942060500001,,,,,,,,,,,,0.0872476635889255,43.92448620862037,431.8476488918775,,,,
tabpfn-rel-no-text,rel-amazon,item-ltv,REGRESSION,0,3,mae,rtx-pro-6000,True,"{""context_strategy"": ""hard_pool"", ""max_depth"": 4, ""pool_inflation"": 4.0, ""subsample_samples"": 100000, ""tfm"": ""tabpfn-v3"", ""with_text"": false}",3f6e138b,r2,43.90861891312777,47.768328364959885,13.20547415599998,53.732278329,13.384393644,57.17772533700003,,,,,,,,,,0.0878193150925394,43.90861891312777,431.7123958704263,0.0395303197844419,47.768328364959885,651.3436272974367,
tabpfn-rel-no-text,rel-avito,ad-ctr,REGRESSION,0,3,mae,rtx-pro-6000,True,"{""context_strategy"": ""hard_pool"", ""max_depth"": 2, ""pool_inflation"": 4.0, ""subsample_samples"": 100000, ""tfm"": ""tabpfn-v3"", ""with_text"": false}",7c92cf16,default,0.029433875581565,0.0313790828760934,13.088478726000004,5.377395837999998,2.728475658999997,2.1766223140000136,,,,,,,,,,0.2014202170665824,0.029433875581565,0.0886493948763707,0.2699080205747522,0.0313790828760934,0.093778928459762,
tabpfn-rel-no-text,rel-avito,ad-ctr,REGRESSION,0,3,mae,rtx-pro-6000,False,"{""context_strategy"": ""hard_pool"", ""max_depth"": 3, ""pool_inflation"": 4.0, ""subsample_samples"": 100000, ""tfm"": ""tabpfn-v3"", ""with_text"": false}",289d0b43,r1,0.0295316642581958,,3.906207877,2.0348070490000083,,,,,,,,,,,,0.1864351222057707,0.0295316642581958,0.0894772680393289,,,,
tabpfn-rel-no-text,rel-avito,ad-ctr,REGRESSION,0,3,mae,rtx-pro-6000,False,"{""context_strategy"": ""hard_pool"", ""max_depth"": 4, ""pool_inflation"": 4.0, ""subsample_samples"": 100000, ""tfm"": ""tabpfn-v3"", ""with_text"": false}",3f6e138b,r2,0.0300985482203238,,4.740783840999995,4.901508462999985,,,,,,,,,,,,0.1695665175415763,0.0300985482203238,0.0904001280079155,,,,
tabpfn-rel-no-text,rel-avito,user-visits,BINARY_CLASSIFICATION,0,3,roc_auc,rtx-pro-6000,False,"{""context_strategy"": ""hard_pool"", ""max_depth"": 2, ""pool_inflation"": 4.0, ""subsample_samples"": 100000, ""tfm"": ""tabpfn-v3"", ""with_text"": false}",7c92cf16,default,0.6975587277547601,0.6693908919513116,19.396954125,38.83324493800001,10.574405942,42.139866332,,0.954933821285486,0.9034991160479002,0.949303425917813,0.6975587277547601,0.9202371665867422,0.8505909380276232,0.9192641340113672,0.6693908919513116,,,,,,,
tabpfn-rel-no-text,rel-avito,user-visits,BINARY_CLASSIFICATION,0,3,roc_auc,rtx-pro-6000,True,"{""context_strategy"": ""hard_pool"", ""max_depth"": 3, ""pool_inflation"": 4.0, ""subsample_samples"": 100000, ""tfm"": ""tabpfn-v3"", ""with_text"": false}",289d0b43,r1,0.6987553809161172,0.6688109934912024,11.36216322300001,34.04249673300001,13.944602828,43.84668013999999,,0.955079382513536,0.9034991160479002,0.949303425917813,0.6987553809161172,0.920188105891301,0.8505909380276232,0.9192641340113672,0.6688109934912024,,,,,,,
tabpfn-rel-no-text,rel-avito,user-visits,BINARY_CLASSIFICATION,0,3,roc_auc,rtx-pro-6000,False,"{""context_strategy"": ""hard_pool"", ""max_depth"": 4, ""pool_inflation"": 4.0, ""subsample_samples"": 100000, ""tfm"": ""tabpfn-v3"", ""with_text"": false}",3f6e138b,r2,0.6981657354451067,,10.850609832000004,34.20866302900001,,,,0.95496979914419,0.9034991160479002,0.949303425917813,0.6981657354451067,,,,,,,,,,,
tabpfn-rel-no-text,rel-avito,user-clicks,BINARY_CLASSIFICATION,0,3,roc_auc,rtx-pro-6000,False,"{""context_strategy"": ""hard_pool"", ""max_depth"": 2, ""pool_inflation"": 4.0, ""subsample_samples"": 100000, ""tfm"": ""tabpfn-v3"", ""with_text"": false}",7c92cf16,default,0.6704884505832339,0.6331430672038214,17.934654332999997,26.286383714,6.19631851799997,36.46112184399999,,0.0938395288515018,0.9648302884388424,0.0,0.6704884505832339,0.0422427418456649,0.984582048504042,0.0,0.6331430672038214,,,,,,,
tabpfn-rel-no-text,rel-avito,user-clicks,BINARY_CLASSIFICATION,0,3,roc_auc,rtx-pro-6000,False,"{""context_strategy"": ""hard_pool"", ""max_depth"": 3, ""pool_inflation"": 4.0, ""subsample_samples"": 100000, ""tfm"": ""tabpfn-v3"", ""with_text"": false}",289d0b43,r1,0.6719974833035712,,9.605418917999998,20.85261797000001,,,,0.0949338648236637,0.9648302884388424,0.0,0.6719974833035712,,,,,,,,,,,
tabpfn-rel-no-text,rel-avito,user-clicks,BINARY_CLASSIFICATION,0,3,roc_auc,rtx-pro-6000,True,"{""context_strategy"": ""hard_pool"", ""max_depth"": 4, ""pool_inflation"": 4.0, ""subsample_samples"": 100000, ""tfm"": ""tabpfn-v3"", ""with_text"": false}",3f6e138b,r2,0.6724055926879198,0.6145215937115378,9.440073724,20.927026662999992,8.862321600000001,38.06065862899999,,0.0939425496386572,0.9648302884388424,0.0,0.6724055926879198,0.0389065059841551,0.984582048504042,0.0,0.6145215937115378,,,,,,,
tabpfn-rel-no-text,rel-event,user-attendance,REGRESSION,0,3,mae,rtx-pro-6000,False,"{""context_strategy"": ""hard_pool"", ""max_depth"": 2, ""pool_inflation"": 4.0, ""subsample_samples"": 100000, ""tfm"": ""tabpfn-v3"", ""with_text"": false}",7c92cf16,default,0.2321647064031796,0.2375393694785611,20.686321774,15.197698156,2.849245970999988,10.510856864000004,,,,,,,,,,0.0392650411528693,0.2321647064031796,0.5128974648903889,0.0501924652487681,0.2375393694785611,0.6260680398251797,
tabpfn-rel-no-text,rel-event,user-attendance,REGRESSION,0,3,mae,rtx-pro-6000,True,"{""context_strategy"": ""hard_pool"", ""max_depth"": 3, ""pool_inflation"": 4.0, ""subsample_samples"": 100000, ""tfm"": ""tabpfn-v3"", ""with_text"": false}",289d0b43,r1,0.2284236147602669,0.23938281773825,10.696344971999991,10.85106792100001,9.167940735000002,13.092908817999984,,,,,,,,,,0.0478908431567297,0.2284236147602669,0.5105897903584681,0.0456983495156331,0.23938281773825,0.6275474457770405,
tabpfn-rel-no-text,rel-event,user-attendance,REGRESSION,0,3,mae,rtx-pro-6000,False,"{""context_strategy"": ""hard_pool"", ""max_depth"": 4, ""pool_inflation"": 4.0, ""subsample_samples"": 100000, ""tfm"": ""tabpfn-v3"", ""with_text"": false}",3f6e138b,r2,0.2292711940019777,,10.122782949999989,10.85791019200002,,,,,,,,,,,,0.0361033061067987,0.2292711940019777,0.5137407327839038,,,,
tabpfn-rel-no-text,rel-event,user-repeat,BINARY_CLASSIFICATION,0,3,roc_auc,rtx-pro-6000,False,"{""context_strategy"": ""hard_pool"", ""max_depth"": 2, ""pool_inflation"": 4.0, ""subsample_samples"": 100000, ""tfm"": ""tabpfn-v3"", ""with_text"": false}",7c92cf16,default,0.7231491136600625,0.7540775401069518,13.038331981999988,6.347951929000004,0.8509583069999849,1.7467745900000011,,0.6760939588456021,0.6539923954372624,0.6591760299625468,0.7231491136600625,0.6954436560273901,0.7073170731707317,0.6814159292035398,0.7540775401069518,,,,,,,
tabpfn-rel-no-text,rel-event,user-repeat,BINARY_CLASSIFICATION,0,3,roc_auc,rtx-pro-6000,True,"{""context_strategy"": ""hard_pool"", ""max_depth"": 3, ""pool_inflation"": 4.0, ""subsample_samples"": 100000, ""tfm"": ""tabpfn-v3"", ""with_text"": false}",289d0b43,r1,0.7298690765844051,0.7692513368983956,6.231904619000005,2.022828524999994,4.401151037999995,3.295307716999986,,0.6989634824330135,0.6501901140684411,0.6690647482014388,0.7298690765844051,0.7196447630221372,0.7073170731707317,0.6923076923076923,0.7692513368983956,,,,,,,
tabpfn-rel-no-text,rel-event,user-repeat,BINARY_CLASSIFICATION,0,3,roc_auc,rtx-pro-6000,False,"{""context_strategy"": ""hard_pool"", ""max_depth"": 4, ""pool_inflation"": 4.0, ""subsample_samples"": 100000, ""tfm"": ""tabpfn-v3"", ""with_text"": false}",3f6e138b,r2,0.7274359865600741,,4.854342346999999,2.070626465999993,,,,0.6807650668398382,0.6692015209125475,0.6666666666666666,0.7274359865600741,,,,,,,,,,,
tabpfn-rel-no-text,rel-event,user-ignore,BINARY_CLASSIFICATION,0,3,roc_auc,rtx-pro-6000,False,"{""context_strategy"": ""hard_pool"", ""max_depth"": 2, ""pool_inflation"": 4.0, ""subsample_samples"": 100000, ""tfm"": ""tabpfn-v3"", ""with_text"": false}",7c92cf16,default,0.8187279662331688,0.8815377707160373,16.768096244999995,10.207504353000004,2.5245905280000045,5.121925340000018,,0.569912198752435,0.914329423763386,0.5359116022099447,0.8187279662331688,0.5473230446357424,0.8907048008171604,0.427807486631016,0.8815377707160373,,,,,,,
tabpfn-rel-no-text,rel-event,user-ignore,BINARY_CLASSIFICATION,0,3,roc_auc,rtx-pro-6000,True,"{""context_strategy"": ""hard_pool"", ""max_depth"": 3, ""pool_inflation"": 4.0, ""subsample_samples"": 100000, ""tfm"": ""tabpfn-v3"", ""with_text"": false}",289d0b43,r1,0.8471692460773876,0.7013758879946577,10.72964389100001,5.00211057300001,8.869856491999997,6.7508723480000015,,0.5934992438387992,0.9138194798572156,0.5743073047858942,0.8471692460773876,0.493564136984178,0.8912155260469867,0.4817518248175182,0.7013758879946577,,,,,,,
tabpfn-rel-no-text,rel-event,user-ignore,BINARY_CLASSIFICATION,0,3,roc_auc,rtx-pro-6000,False,"{""context_strategy"": ""hard_pool"", ""max_depth"": 4, ""pool_inflation"": 4.0, ""subsample_samples"": 100000, ""tfm"": ""tabpfn-v3"", ""with_text"": false}",3f6e138b,r2,0.8468134960332534,,9.948888120999982,5.05719689,,,,0.583255814328108,0.9133095359510454,0.5707070707070707,0.8468134960332534,,,,,,,,,,,
tabpfn-rel-no-text,rel-f1,driver-position,REGRESSION,0,3,mae,rtx-pro-6000,False,"{""context_strategy"": ""hard_pool"", ""max_depth"": 2, ""pool_inflation"": 4.0, ""subsample_samples"": 100000, ""tfm"": ""tabpfn-v3"", ""with_text"": false}",7c92cf16,default,3.821204860161046,3.777526478851051,14.768748826999996,6.116190740999997,0.5460144449999973,1.6259341710000117,,,,,,,,,,-0.0437941158375243,3.821204860161046,4.736501855471601,0.2243823320119053,3.777526478851051,4.588742656943472,
tabpfn-rel-no-text,rel-f1,driver-position,REGRESSION,0,3,mae,rtx-pro-6000,True,"{""context_strategy"": ""hard_pool"", ""max_depth"": 3, ""pool_inflation"": 4.0, ""subsample_samples"": 100000, ""tfm"": ""tabpfn-v3"", ""with_text"": false}",289d0b43,r1,3.741671778603085,3.761698619817432,4.232473432000006,2.069895848999991,3.4353073579999887,3.2661935210000195,,,,,,,,,,-0.0051403796421216,3.741671778603085,4.647973569403312,0.2206274632019196,3.761698619817432,4.599836604630556,
tabpfn-rel-no-text,rel-f1,driver-position,REGRESSION,0,3,mae,rtx-pro-6000,False,"{""context_strategy"": ""hard_pool"", ""max_depth"": 4, ""pool_inflation"": 4.0, ""subsample_samples"": 100000, ""tfm"": ""tabpfn-v3"", ""with_text"": false}",3f6e138b,r2,3.923665913121256,,5.596659200999994,5.504942372999992,,,,,,,,,,,,-0.1437499368638186,3.923665913121256,4.95810627181536,,,,
tabpfn-rel-no-text,rel-f1,driver-dnf,BINARY_CLASSIFICATION,0,3,roc_auc,rtx-pro-6000,False,"{""context_strategy"": ""hard_pool"", ""max_depth"": 2, ""pool_inflation"": 4.0, ""subsample_samples"": 100000, ""tfm"": ""tabpfn-v3"", ""with_text"": false}",7c92cf16,default,0.6081995464852608,0.7122529644268775,13.707680195000007,6.288965333999997,0.6047296920000065,1.552876643000019,,0.8406925863215602,0.7102473498233216,0.8251599147121536,0.6081995464852608,0.8185749168231359,0.707977207977208,0.820333041191937,0.7122529644268775,,,,,,,
tabpfn-rel-no-text,rel-f1,driver-dnf,BINARY_CLASSIFICATION,0,3,roc_auc,rtx-pro-6000,True,"{""context_strategy"": ""hard_pool"", ""max_depth"": 3, ""pool_inflation"": 4.0, ""subsample_samples"": 100000, ""tfm"": ""tabpfn-v3"", ""with_text"": false}",289d0b43,r1,0.619437641723356,0.7144683550480652,4.319591618000004,2.0453297650000053,3.3772505450000097,3.187238558999979,,0.8604606922957871,0.7067137809187279,0.8203463203463204,0.619437641723356,0.8354034763977705,0.707977207977208,0.820333041191937,0.7144683550480652,,,,,,,
tabpfn-rel-no-text,rel-f1,driver-dnf,BINARY_CLASSIFICATION,0,3,roc_auc,rtx-pro-6000,False,"{""context_strategy"": ""hard_pool"", ""max_depth"": 4, ""pool_inflation"": 4.0, ""subsample_samples"": 100000, ""tfm"": ""tabpfn-v3"", ""with_text"": false}",3f6e138b,r2,0.6143945578231292,,5.926177306,2.923232664000011,,,,0.8520368646703439,0.7031802120141343,0.8205128205128205,0.6143945578231292,,,,,,,,,,,
tabpfn-rel-no-text,rel-f1,driver-top3,BINARY_CLASSIFICATION,0,3,roc_auc,rtx-pro-6000,False,"{""context_strategy"": ""hard_pool"", ""max_depth"": 2, ""pool_inflation"": 4.0, ""subsample_samples"": 100000, ""tfm"": ""tabpfn-v3"", ""with_text"": false}",7c92cf16,default,0.6765512175019261,0.8053407190635452,14.252517280999996,5.284263069000005,0.4215657749999906,0.6827704969999928,,0.3492720834053359,0.7534013605442177,0.1899441340782122,0.6765512175019261,0.3940158492452353,0.8181818181818182,0.3465346534653465,0.8053407190635452,,,,,,,
tabpfn-rel-no-text,rel-f1,driver-top3,BINARY_CLASSIFICATION,0,3,roc_auc,rtx-pro-6000,True,"{""context_strategy"": ""hard_pool"", ""max_depth"": 3, ""pool_inflation"": 4.0, ""subsample_samples"": 100000, ""tfm"": ""tabpfn-v3"", ""with_text"": false}",289d0b43,r1,0.6900790166812995,0.7929164924749165,3.988692380999993,0.3735927869999926,2.3577202010000065,1.842434229999995,,0.3382562029476594,0.7585034013605442,0.1839080459770115,0.6900790166812995,0.3690814984474307,0.8126721763085399,0.3982300884955752,0.7929164924749165,,,,,,,
tabpfn-rel-no-text,rel-f1,driver-top3,BINARY_CLASSIFICATION,0,3,roc_auc,rtx-pro-6000,False,"{""context_strategy"": ""hard_pool"", ""max_depth"": 4, ""pool_inflation"": 4.0, ""subsample_samples"": 100000, ""tfm"": ""tabpfn-v3"", ""with_text"": false}",3f6e138b,r2,0.6804214223002634,,5.241771288999999,0.7443452979999989,,,,0.3264813544843986,0.7585034013605442,0.1839080459770115,0.6804214223002634,,,,,,,,,,,
tabpfn-rel-no-text,rel-hm,user-churn,BINARY_CLASSIFICATION,0,3,roc_auc,rtx-pro-6000,True,"{""context_strategy"": ""hard_pool"", ""max_depth"": 2, ""pool_inflation"": 4.0, ""subsample_samples"": 100000, ""tfm"": ""tabpfn-v3"", ""with_text"": false}",7c92cf16,default,0.7068843540985121,0.7056902013553468,27.268488461000004,41.3095867,16.56727349700003,31.62647779399998,,0.9012745364478982,0.8207194733267151,0.8989523437902626,0.7068843540985121,0.9083830432570474,0.8311900771035869,0.9055199069383466,0.7056902013553468,,,,,,,
tabpfn-rel-no-text,rel-hm,user-churn,BINARY_CLASSIFICATION,0,3,roc_auc,rtx-pro-6000,False,"{""context_strategy"": ""hard_pool"", ""max_depth"": 3, ""pool_inflation"": 4.0, ""subsample_samples"": 100000, ""tfm"": ""tabpfn-v3"", ""with_text"": false}",289d0b43,r1,0.7059934674818872,,14.277084864999978,33.86131857699999,,,,0.9001890925565563,0.820667223992894,0.8990596348824728,0.7059934674818872,,,,,,,,,,,
tabpfn-rel-no-text,rel-hm,user-churn,BINARY_CLASSIFICATION,0,3,roc_auc,rtx-pro-6000,False,"{""context_strategy"": ""hard_pool"", ""max_depth"": 4, ""pool_inflation"": 4.0, ""subsample_samples"": 100000, ""tfm"": ""tabpfn-v3"", ""with_text"": false}",3f6e138b,r2,0.7052521699062506,,20.134847049,39.92164803099999,,,,0.8995408444748796,0.8204190396572444,0.8989325727056194,0.7052521699062506,,,,,,,,,,,
tabpfn-rel-no-text,rel-hm,item-sales,REGRESSION,0,3,mae,rtx-pro-6000,False,"{""context_strategy"": ""hard_pool"", ""max_depth"": 2, ""pool_inflation"": 4.0, ""subsample_samples"": 100000, ""tfm"": ""tabpfn-v3"", ""with_text"": false}",7c92cf16,default,0.069915288933045,0.0613042277532659,37.405440690000006,53.37173280100001,16.198697306000042,48.221151222,,,,,,,,,,0.1048777956157478,0.069915288933045,0.6265991455370321,0.1072779722411594,0.0613042277532659,0.5505653218376934,
tabpfn-rel-no-text,rel-hm,item-sales,REGRESSION,0,3,mae,rtx-pro-6000,False,"{""context_strategy"": ""hard_pool"", ""max_depth"": 3, ""pool_inflation"": 4.0, ""subsample_samples"": 100000, ""tfm"": ""tabpfn-v3"", ""with_text"": false}",289d0b43,r1,0.0698664856441179,,20.317856171000017,47.810144377,,,,,,,,,,,,0.1053726017100905,0.0698664856441179,0.6264259357043597,,,,
tabpfn-rel-no-text,rel-hm,item-sales,REGRESSION,0,3,mae,rtx-pro-6000,True,"{""context_strategy"": ""hard_pool"", ""max_depth"": 4, ""pool_inflation"": 4.0, ""subsample_samples"": 100000, ""tfm"": ""tabpfn-v3"", ""with_text"": false}",3f6e138b,r2,0.0698070451564274,0.0613622229990495,19.875365190999982,47.80194348699999,23.026937576000023,49.637299644,,,,,,,,,,0.1058143294532582,0.0698070451564274,0.6262712657934097,0.1068269063589071,0.0613622229990495,0.5507043964112865,
tabpfn-rel-no-text,rel-stack,user-engagement,BINARY_CLASSIFICATION,0,3,roc_auc,rtx-pro-6000,True,"{""context_strategy"": ""hard_pool"", ""max_depth"": 2, ""pool_inflation"": 4.0, ""subsample_samples"": 100000, ""tfm"": ""tabpfn-v3"", ""with_text"": false}",7c92cf16,default,0.9058073587135468,0.905834237356288,1187.859972997001,457.255760394999,1324.8879030139997,481.1563388459999,,0.4080743774038765,0.9755316050101952,0.3199481865284974,0.9058073587135468,0.3999288890339988,0.9754813528937905,0.3040257648953301,0.905834237356288,,,,,,,
tabpfn-rel-no-text,rel-stack,user-engagement,BINARY_CLASSIFICATION,0,3,roc_auc,rtx-pro-6000,False,"{""context_strategy"": ""hard_pool"", ""max_depth"": 3, ""pool_inflation"": 4.0, ""subsample_samples"": 100000, ""tfm"": ""tabpfn-v3"", ""with_text"": false}",289d0b43,r1,0.9040235341311028,,29.608908340998823,56.173703290998674,,,,0.4058892375935361,0.9754616953102244,0.3113145846958796,0.9040235341311028,,,,,,,,,,,
tabpfn-rel-no-text,rel-stack,user-engagement,BINARY_CLASSIFICATION,0,3,roc_auc,rtx-pro-6000,False,"{""context_strategy"": ""hard_pool"", ""max_depth"": 4, ""pool_inflation"": 4.0, ""subsample_samples"": 100000, ""tfm"": ""tabpfn-v3"", ""with_text"": false}",3f6e138b,r2,0.904038112660584,,54.0222935139991,58.01556997899934,,,,0.4048856904212987,0.975298572676959,0.306282722513089,0.904038112660584,,,,,,,,,,,
tabpfn-rel-no-text,rel-stack,post-votes,REGRESSION,0,3,mae,rtx-pro-6000,True,"{""context_strategy"": ""hard_pool"", ""max_depth"": 2, ""pool_inflation"": 4.0, ""subsample_samples"": 100000, ""tfm"": ""tabpfn-v3"", ""with_text"": false}",7c92cf16,default,0.0614136682477366,0.0679574267388494,985.456950894,285.1423761230001,1098.30066612,291.138619589,,,,,,,,,,0.0039607960709003,0.0614136682477366,0.3653130368631105,-0.0083909559066723,0.0679574267388494,0.3706240813479388,
tabpfn-rel-no-text,rel-stack,post-votes,REGRESSION,0,3,mae,rtx-pro-6000,False,"{""context_strategy"": ""hard_pool"", ""max_depth"": 3, ""pool_inflation"": 4.0, ""subsample_samples"": 100000, ""tfm"": ""tabpfn-v3"", ""with_text"": false}",289d0b43,r1,0.0614760336583094,,24.424668871999984,69.03493606300003,,,,,,,,,,,,0.0038395704067335,0.0614760336583094,0.3653352668958058,,,,
tabpfn-rel-no-text,rel-stack,post-votes,REGRESSION,0,3,mae,rtx-pro-6000,False,"{""context_strategy"": ""hard_pool"", ""max_depth"": 4, ""pool_inflation"": 4.0, ""subsample_samples"": 100000, ""tfm"": ""tabpfn-v3"", ""with_text"": false}",3f6e138b,r2,0.0615476931111761,,48.211792651,106.87129788699986,,,,,,,,,,,,0.0008504879572224,0.0615476931111761,0.3658829694801913,,,,
tabpfn-rel-no-text,rel-stack,user-badge,BINARY_CLASSIFICATION,0,3,roc_auc,rtx-pro-6000,True,"{""context_strategy"": ""hard_pool"", ""max_depth"": 2, ""pool_inflation"": 4.0, ""subsample_samples"": 100000, ""tfm"": ""tabpfn-v3"", ""with_text"": false}",7c92cf16,default,0.8780777883991285,0.8634698165821446,1985.638733667,339.039108947,2088.501190731,345.5570662509999,,0.3270492520042083,0.971992497918334,0.1203503872032499,0.8780777883991285,0.2747704280410231,0.974624060150376,0.1417218543046357,0.8634698165821446,,,,,,,
tabpfn-rel-no-text,rel-stack,user-badge,BINARY_CLASSIFICATION,0,3,roc_auc,rtx-pro-6000,False,"{""context_strategy"": ""hard_pool"", ""max_depth"": 3, ""pool_inflation"": 4.0, ""subsample_samples"": 100000, ""tfm"": ""tabpfn-v3"", ""with_text"": false}",289d0b43,r1,0.8635278353294088,,41.4737492119998,102.9578286410001,,,,0.3171614227472379,0.9720571710361442,0.136630448357687,0.8635278353294088,,,,,,,,,,,
tabpfn-rel-no-text,rel-stack,user-badge,BINARY_CLASSIFICATION,0,3,roc_auc,rtx-pro-6000,False,"{""context_strategy"": ""hard_pool"", ""max_depth"": 4, ""pool_inflation"": 4.0, ""subsample_samples"": 100000, ""tfm"": ""tabpfn-v3"", ""with_text"": false}",3f6e138b,r2,0.871912188058801,,84.23611736200019,108.561590067,,,,0.3283313638201066,0.9720046241279234,0.1248420520596411,0.871912188058801,,,,,,,,,,,
tabpfn-rel-no-text,rel-trial,study-outcome,BINARY_CLASSIFICATION,0,3,roc_auc,rtx-pro-6000,False,"{""context_strategy"": ""hard_pool"", ""max_depth"": 2, ""pool_inflation"": 4.0, ""subsample_samples"": 100000, ""tfm"": ""tabpfn-v3"", ""with_text"": false}",7c92cf16,default,0.6663628768891926,0.7224764810577167,13.879801168,7.277224292,0.860308649999979,2.334426022999992,,0.7334375931581721,0.6385416666666667,0.7340996168582375,0.6663628768891926,0.7725441298672491,0.6787878787878788,0.7588717015468608,0.7224764810577167,,,,,,,
tabpfn-rel-no-text,rel-trial,study-outcome,BINARY_CLASSIFICATION,0,3,roc_auc,rtx-pro-6000,False,"{""context_strategy"": ""hard_pool"", ""max_depth"": 3, ""pool_inflation"": 4.0, ""subsample_samples"": 100000, ""tfm"": ""tabpfn-v3"", ""with_text"": false}",289d0b43,r1,0.6662333194840935,,5.808411745000001,3.347101968999993,,,,0.7374125023131055,0.6322916666666667,0.7323730098559514,0.6662333194840935,,,,,,,,,,,
tabpfn-rel-no-text,rel-trial,study-outcome,BINARY_CLASSIFICATION,0,3,roc_auc,rtx-pro-6000,True,"{""context_strategy"": ""hard_pool"", ""max_depth"": 4, ""pool_inflation"": 4.0, ""subsample_samples"": 100000, ""tfm"": ""tabpfn-v3"", ""with_text"": false}",3f6e138b,r2,0.6715004981258853,0.7306067100117444,4.602310715999991,3.209726982999996,4.180158922000004,4.579223994000017,,0.7459280177669533,0.6260416666666667,0.7318894697535474,0.6715004981258853,0.7832807146167993,0.6751515151515152,0.7598566308243727,0.7306067100117444,,,,,,,
tabpfn-rel-no-text,rel-trial,study-adverse,REGRESSION,0,3,mae,rtx-pro-6000,False,"{""context_strategy"": ""hard_pool"", ""max_depth"": 2, ""pool_inflation"": 4.0, ""subsample_samples"": 100000, ""tfm"": ""tabpfn-v3"", ""with_text"": false}",7c92cf16,default,44.94787058986421,43.10733601515855,17.385277266000003,16.269039476000003,2.60262245200002,12.46641321299998,,,,,,,,,,0.0573772223978499,44.94787058986421,379.7293933550601,0.156489486330443,43.10733601515855,229.31889804544977,
tabpfn-rel-no-text,rel-trial,study-adverse,REGRESSION,0,3,mae,rtx-pro-6000,False,"{""context_strategy"": ""hard_pool"", ""max_depth"": 3, ""pool_inflation"": 4.0, ""subsample_samples"": 100000, ""tfm"": ""tabpfn-v3"", ""with_text"": false}",289d0b43,r1,44.83251022119531,,8.521803699999992,16.47945118199999,,,,,,,,,,,,0.0588709445188241,44.83251022119531,379.4284059966039,,,,
tabpfn-rel-no-text,rel-trial,study-adverse,REGRESSION,0,3,mae,rtx-pro-6000,True,"{""context_strategy"": ""hard_pool"", ""max_depth"": 4, ""pool_inflation"": 4.0, ""subsample_samples"": 100000, ""tfm"": ""tabpfn-v3"", ""with_text"": false}",3f6e138b,r2,44.67500845372917,42.59170779713782,9.126569750999977,16.733188426999988,8.290617101999999,19.24179946700002,,,,,,,,,,0.0569557127961941,44.67500845372917,379.8142850528843,0.1578578430579653,42.59170779713782,229.1328200926657,
tabpfn-rel-no-text,rel-trial,site-success,REGRESSION,0,3,mae,rtx-pro-6000,False,"{""context_strategy"": ""hard_pool"", ""max_depth"": 2, ""pool_inflation"": 4.0, ""subsample_samples"": 100000, ""tfm"": ""tabpfn-v3"", ""with_text"": false}",7c92cf16,default,0.4285277999803311,0.3838320482563588,27.301154232,52.678418511,15.132067337000024,48.50182586699998,,,,,,,,,,-0.715248696802621,0.4285277999803311,0.6256238827157065,-0.5086766890774976,0.3838320482563588,0.5910743049517957,
tabpfn-rel-no-text,rel-trial,site-success,REGRESSION,0,3,mae,rtx-pro-6000,False,"{""context_strategy"": ""hard_pool"", ""max_depth"": 3, ""pool_inflation"": 4.0, ""subsample_samples"": 100000, ""tfm"": ""tabpfn-v3"", ""with_text"": false}",289d0b43,r1,0.4221254168479271,,18.304067691,47.38419097299999,,,,,,,,,,,,-0.6852558895296339,0.4221254168479271,0.6201299361633262,,,,
tabpfn-rel-no-text,rel-trial,site-success,REGRESSION,0,3,mae,rtx-pro-6000,True,"{""context_strategy"": ""hard_pool"", ""max_depth"": 4, ""pool_inflation"": 4.0, ""subsample_samples"": 100000, ""tfm"": ""tabpfn-v3"", ""with_text"": false}",3f6e138b,r2,0.4195736505526944,0.3857507226526936,18.273463463000013,47.43226225000001,18.183428059,49.805677511,,,,,,,,,,-0.6833099965352889,0.4195736505526944,0.6197718139813406,-0.5173048401812848,0.3857507226526936,0.5927620779696616,
relgt,rel-amazon,user-churn,BINARY_CLASSIFICATION,0,9,roc_auc,rtx-pro-6000,True,"{""dropout"": 0.3, ""num_layers"": 4}",2561398c,default,0.7048434952734395,0.7019244749185175,11555.868158936,339.60214214699954,11682.510256129,300.334278833001,,0.7843280178865004,0.6236529751678901,0.6667415769184227,0.7048434952734395,0.7562099376757356,0.6658823195077938,0.7293728233422874,0.7019244749185175,,,,,,,
relgt,rel-amazon,user-ltv,REGRESSION,0,9,mae,rtx-pro-6000,True,"{""dropout"": 0.3, ""num_layers"": 4}",2561398c,default,12.264074124016693,14.352129128873356,8118.149663936,344.5963058459984,8065.280509332,304.409458342001,,,,,,,,,,0.1716621219629318,12.264074124016693,44.52686749183256,0.1697568621282622,14.352129128873356,50.51756341715074,
relgt,rel-amazon,item-churn,BINARY_CLASSIFICATION,0,9,roc_auc,rtx-pro-6000,True,"{""dropout"": 0.3, ""num_layers"": 4}",2561398c,default,0.8215747168620481,0.8238353991248606,7675.357139612,145.19525890800014,7641.92068188,142.26863799199964,,0.7267945055860966,0.7435012859546736,0.6962161153361639,0.8215747168620481,0.697068540529852,0.7472159288428574,0.6771489592981865,0.8238353991248606,,,,,,,
relgt,rel-amazon,item-ltv,REGRESSION,0,9,mae,rtx-pro-6000,True,"{""dropout"": 0.3, ""num_layers"": 4}",2561398c,default,43.7210473126877,48.67338572775227,5126.655704755,136.44479577199945,5156.509787562,152.71414190399992,,,,,,,,,,0.0692705450291638,43.7210473126877,436.07964153584,0.0347761834549641,48.67338572775227,652.9536489660873,
relgt,rel-avito,ad-ctr,REGRESSION,0,9,mae,rtx-pro-6000,False,"{""dropout"": 0.3, ""num_layers"": 4}",2561398c,default,0.0317862661602077,0.037293685050515,897.560998509,1.3024183620000258,730.5372596059997,1.133070070000031,,,,,,,,,,0.17230789162964,0.0317862661602077,0.0902507930916576,0.0819398439892109,0.037293685050515,0.1051603558481489,
relgt,rel-avito,ad-ctr,REGRESSION,0,9,mae,rtx-pro-6000,False,"{""dropout"": 0.4, ""num_layers"": 4}",855e34e2,r1,0.0327360774536289,,730.2337888620001,1.322973832000116,,,,,,,,,,,,0.0973888542093304,0.0327360774536289,0.0942468764912148,,,,
relgt,rel-avito,ad-ctr,REGRESSION,0,9,mae,rtx-pro-6000,False,"{""dropout"": 0.5, ""num_layers"": 4}",3fddeb60,r2,0.031572863416634,,721.604151556,1.3576330690002578,,,,,,,,,,,,0.1592980601631224,0.031572863416634,0.0909573176750955,,,,
relgt,rel-avito,ad-ctr,REGRESSION,0,9,mae,rtx-pro-6000,False,"{""dropout"": 0.3, ""num_layers"": 1}",276448bd,r3,0.0316502400085974,,513.9656851739996,1.1069186139998235,,,,,,,,,,,,0.1407229556016606,0.0316502400085974,0.0919566676239017,,,,
relgt,rel-avito,ad-ctr,REGRESSION,0,9,mae,rtx-pro-6000,True,"{""dropout"": 0.4, ""num_layers"": 1}",bd5f6266,r4,0.0315018563804544,0.0364990611345566,514.7826686600001,1.095633273999738,720.9220163200007,2.036354365999614,,,,,,,,,,0.1508752955563269,0.0315018563804544,0.0914118204691984,0.0944237750419794,0.0364990611345566,0.1044429147336768,
relgt,rel-avito,ad-ctr,REGRESSION,0,9,mae,rtx-pro-6000,False,"{""dropout"": 0.5, ""num_layers"": 1}",efce81a6,r5,0.0325509402354714,,514.5356487689996,1.0917918249997456,,,,,,,,,,,,0.1314953254853487,0.0325509402354714,0.0924491026215571,,,,
relgt,rel-avito,ad-ctr,REGRESSION,0,9,mae,rtx-pro-6000,False,"{""dropout"": 0.3, ""num_layers"": 8}",726f85a4,r6,0.0321594252278963,,1006.822927565,1.6012235010002769,,,,,,,,,,,,0.1102584142820907,0.0321594252278963,0.0935725714892726,,,,
relgt,rel-avito,ad-ctr,REGRESSION,0,9,mae,rtx-pro-6000,False,"{""dropout"": 0.4, ""num_layers"": 8}",c727cd64,r7,0.0319595320607279,,1008.108112324,1.6047571130002325,,,,,,,,,,,,0.1413126172896653,0.0319595320607279,0.0919251104970012,,,,
relgt,rel-avito,ad-ctr,REGRESSION,0,9,mae,rtx-pro-6000,False,"{""dropout"": 0.5, ""num_layers"": 8}",e90e29bb,r8,0.0327561853783068,,1007.497436484,1.374352134000219,,,,,,,,,,,,0.1182341430363034,0.0327561853783068,0.0931522306302788,,,,
relgt,rel-avito,user-visits,BINARY_CLASSIFICATION,0,9,roc_auc,rtx-pro-6000,False,"{""dropout"": 0.3, ""num_layers"": 4}",2561398c,default,0.6984425865926811,0.6583219489044334,12648.176436883,21.07953807299964,12499.569938293018,26.058522306004303,,0.9533912797565056,0.9034991160479002,0.949303425917813,0.6984425865926811,0.9139066148369762,0.8505909380276232,0.9192641340113672,0.6583219489044334,,,,,,,
relgt,rel-avito,user-visits,BINARY_CLASSIFICATION,0,9,roc_auc,rtx-pro-6000,False,"{""dropout"": 0.4, ""num_layers"": 4}",855e34e2,r1,0.6976033297074093,,12474.380825054,21.560782084001403,,,,0.9522779883490116,0.9034991160479002,0.949303425917813,0.6976033297074093,,,,,,,,,,,
relgt,rel-avito,user-visits,BINARY_CLASSIFICATION,0,9,roc_auc,rtx-pro-6000,False,"{""dropout"": 0.5, ""num_layers"": 4}",3fddeb60,r2,0.6982658952234665,,12465.088712823,21.31118965499627,,,,0.953923393539704,0.9034991160479002,0.949303425917813,0.6982658952234665,,,,,,,,,,,
relgt,rel-avito,user-visits,BINARY_CLASSIFICATION,0,9,roc_auc,rtx-pro-6000,False,"{""dropout"": 0.3, ""num_layers"": 1}",276448bd,r3,0.6962146073934493,,8821.502371693998,17.31922456600296,,,,0.9535752227560556,0.9028653390706828,0.948901523127676,0.6962146073934493,,,,,,,,,,,
relgt,rel-avito,user-visits,BINARY_CLASSIFICATION,0,9,roc_auc,rtx-pro-6000,False,"{""dropout"": 0.4, ""num_layers"": 1}",bd5f6266,r4,0.6948009296808039,,8850.383483085003,17.66575965199445,,,,0.9524702825546302,0.90326561926682,0.9491477870519744,0.6948009296808039,,,,,,,,,,,
relgt,rel-avito,user-visits,BINARY_CLASSIFICATION,0,9,roc_auc,rtx-pro-6000,False,"{""dropout"": 0.5, ""num_layers"": 1}",efce81a6,r5,0.6969500610504381,,8826.791867927,17.94559717700031,,,,0.9525558568920922,0.9034991160479002,0.949303425917813,0.6969500610504381,,,,,,,,,,,
relgt,rel-avito,user-visits,BINARY_CLASSIFICATION,0,9,roc_auc,rtx-pro-6000,False,"{""dropout"": 0.3, ""num_layers"": 8}",726f85a4,r6,0.694588148376799,,17345.428104146995,26.5067268020066,,,,0.952853212838134,0.9034991160479002,0.949303425917813,0.694588148376799,,,,,,,,,,,
relgt,rel-avito,user-visits,BINARY_CLASSIFICATION,0,9,roc_auc,rtx-pro-6000,True,"{""dropout"": 0.4, ""num_layers"": 8}",c727cd64,r7,0.6992048397061973,0.6621416518137903,17386.366410535004,26.45294527799706,17576.243795499002,34.546005384007,,0.9538965141075204,0.9034991160479002,0.949303425917813,0.6992048397061973,0.9158762471971188,0.8505909380276232,0.9192641340113672,0.6621416518137903,,,,,,,
relgt,rel-avito,user-visits,BINARY_CLASSIFICATION,0,9,roc_auc,rtx-pro-6000,False,"{""dropout"": 0.5, ""num_layers"": 8}",e90e29bb,r8,0.6971381358078539,,17352.66155628,26.167025873000966,,,,0.9531106253695978,0.9034991160479002,0.949303425917813,0.6971381358078539,,,,,,,,,,,
relgt,rel-avito,user-clicks,BINARY_CLASSIFICATION,0,9,roc_auc,rtx-pro-6000,False,"{""dropout"": 0.3, ""num_layers"": 4}",2561398c,default,0.6601750522615132,0.6447175734012326,8800.415729145,14.451694346000297,8600.044486810002,34.18615694799519,,0.0718114052118667,0.9648302884388424,0.0,0.6601750522615132,0.03696490807708,0.984582048504042,0.0,0.6447175734012326,,,,,,,
relgt,rel-avito,user-clicks,BINARY_CLASSIFICATION,0,9,roc_auc,rtx-pro-6000,True,"{""dropout"": 0.4, ""num_layers"": 4}",855e34e2,r1,0.6633623970614022,0.6443529836337099,8511.393963084,14.715235949002818,8800.204031072994,36.22845985800086,,0.0747691735994351,0.9648302884388424,0.0,0.6633623970614022,0.0332600668808166,0.984582048504042,0.0,0.6443529836337099,,,,,,,
relgt,rel-avito,user-clicks,BINARY_CLASSIFICATION,0,9,roc_auc,rtx-pro-6000,False,"{""dropout"": 0.5, ""num_layers"": 4}",3fddeb60,r2,0.6571439501757157,,8513.519677448,14.644497216999298,,,,0.0799826322998707,0.9648302884388424,0.0,0.6571439501757157,,,,,,,,,,,
relgt,rel-avito,user-clicks,BINARY_CLASSIFICATION,0,9,roc_auc,rtx-pro-6000,False,"{""dropout"": 0.3, ""num_layers"": 1}",276448bd,r3,0.6526865011943143,,6029.192275448,12.335081335000725,,,,0.0678416258578561,0.9648302884388424,0.0,0.6526865011943143,,,,,,,,,,,
relgt,rel-avito,user-clicks,BINARY_CLASSIFICATION,0,9,roc_auc,rtx-pro-6000,False,"{""dropout"": 0.4, ""num_layers"": 1}",bd5f6266,r4,0.6455110923132394,,6042.836378923996,12.343144144004327,,,,0.0665847117615014,0.9648302884388424,0.0,0.6455110923132394,,,,,,,,,,,
relgt,rel-avito,user-clicks,BINARY_CLASSIFICATION,0,9,roc_auc,rtx-pro-6000,False,"{""dropout"": 0.5, ""num_layers"": 1}",efce81a6,r5,0.6517188668823898,,6043.435399538997,11.997127857001033,,,,0.0685525550549216,0.9648302884388424,0.0,0.6517188668823898,,,,,,,,,,,
relgt,rel-avito,user-clicks,BINARY_CLASSIFICATION,0,9,roc_auc,rtx-pro-6000,False,"{""dropout"": 0.3, ""num_layers"": 8}",726f85a4,r6,0.6587144226014051,,11916.246522459003,18.52756925099675,,,,0.0756786628010636,0.9648302884388424,0.0,0.6587144226014051,,,,,,,,,,,
relgt,rel-avito,user-clicks,BINARY_CLASSIFICATION,0,9,roc_auc,rtx-pro-6000,False,"{""dropout"": 0.4, ""num_layers"": 8}",c727cd64,r7,0.6591082146626465,,11915.870532427003,18.812368789003813,,,,0.0755629267817928,0.9648302884388424,0.0,0.6591082146626465,,,,,,,,,,,
relgt,rel-avito,user-clicks,BINARY_CLASSIFICATION,0,9,roc_auc,rtx-pro-6000,False,"{""dropout"": 0.5, ""num_layers"": 8}",e90e29bb,r8,0.6568800319972469,,11897.021619445004,18.28372589200444,,,,0.0666151845931969,0.9648302884388424,0.0,0.6568800319972469,,,,,,,,,,,
relgt,rel-event,user-attendance,REGRESSION,0,9,mae,rtx-pro-6000,True,"{""dropout"": 0.3, ""num_layers"": 4}",2561398c,default,0.2441808931103991,0.2614932039769726,3487.689019918,1.4586845660001018,3524.488146728,3.0538479599999846,,,,,,,,,,-0.0709918145868664,0.2441808931103991,0.5415291401026288,-0.1435406448677307,0.2614932039769726,0.6869569654702333,
relgt,rel-event,user-attendance,REGRESSION,0,9,mae,rtx-pro-6000,False,"{""dropout"": 0.4, ""num_layers"": 4}",855e34e2,r1,0.2486365993223677,,2532.245749565,1.4519854679992932,,,,,,,,,,,,-0.1170933490157992,0.2486365993223677,0.5530615781545579,,,,
relgt,rel-event,user-attendance,REGRESSION,0,9,mae,rtx-pro-6000,False,"{""dropout"": 0.5, ""num_layers"": 4}",3fddeb60,r2,0.2575216726160122,,2530.560529195,1.4541570879991923,,,,,,,,,,,,-0.2421977241343942,0.2575216726160122,0.5832088694589651,,,,
relgt,rel-event,user-attendance,REGRESSION,0,9,mae,rtx-pro-6000,False,"{""dropout"": 0.3, ""num_layers"": 1}",276448bd,r3,0.2483712435452564,,1784.3623246660009,1.4431591339998704,,,,,,,,,,,,-0.0803270343767077,0.2483712435452564,0.5438841185465547,,,,
relgt,rel-event,user-attendance,REGRESSION,0,9,mae,rtx-pro-6000,False,"{""dropout"": 0.4, ""num_layers"": 1}",bd5f6266,r4,0.2521323977453346,,1780.9133860059992,1.2178584079993016,,,,,,,,,,,,-0.1742880982178156,0.2521323977453346,0.5670431195329259,,,,
relgt,rel-event,user-attendance,REGRESSION,0,9,mae,rtx-pro-6000,False,"{""dropout"": 0.5, ""num_layers"": 1}",efce81a6,r5,0.2539854893144571,,1786.8903343109996,1.2285640480004076,,,,,,,,,,,,-0.1956465899315624,0.2539854893144571,0.5721767021864568,,,,
relgt,rel-event,user-attendance,REGRESSION,0,9,mae,rtx-pro-6000,False,"{""dropout"": 0.3, ""num_layers"": 8}",726f85a4,r6,0.244917724332841,,3513.290018220998,1.769389263001358,,,,,,,,,,,,-0.0603423532999112,0.244917724332841,0.5388300525117407,,,,
relgt,rel-event,user-attendance,REGRESSION,0,9,mae,rtx-pro-6000,False,"{""dropout"": 0.4, ""num_layers"": 8}",c727cd64,r7,0.2560235620920358,,3517.59614147,1.767887863003125,,,,,,,,,,,,-0.1820883131588295,0.2560235620920358,0.5689232958997396,,,,
relgt,rel-event,user-attendance,REGRESSION,0,9,mae,rtx-pro-6000,False,"{""dropout"": 0.5, ""num_layers"": 8}",e90e29bb,r8,0.2575216726160122,,3513.8323653359985,1.7693454020009085,,,,,,,,,,,,-0.2421977241343942,0.2575216726160122,0.5832088694589651,,,,
relgt,rel-event,user-repeat,BINARY_CLASSIFICATION,0,9,roc_auc,rtx-pro-6000,False,"{""dropout"": 0.3, ""num_layers"": 4}",2561398c,default,0.6827134746842777,0.6664438502673797,1406.699444068,0.3349089789999198,497.7081804449999,0.0961006079996877,,0.6524260599261456,0.6463878326996197,0.6642599277978339,0.6827134746842777,0.5646489222220962,0.6178861788617886,0.5607476635514018,0.6664438502673797,,,,,,,
relgt,rel-event,user-repeat,BINARY_CLASSIFICATION,0,9,roc_auc,rtx-pro-6000,False,"{""dropout"": 0.4, ""num_layers"": 4}",855e34e2,r1,0.7116209014019232,,495.79644763400006,0.1113472360000287,,,,0.6718808784868603,0.6577946768060836,0.6959459459459459,0.7116209014019232,,,,,,,,,,,
relgt,rel-event,user-repeat,BINARY_CLASSIFICATION,0,9,roc_auc,rtx-pro-6000,False,"{""dropout"": 0.5, ""num_layers"": 4}",3fddeb60,r2,0.6954582319545823,,487.61501707,0.3384740020001118,,,,0.6466902433460555,0.6653992395437263,0.6716417910447762,0.6954582319545823,,,,,,,,,,,
relgt,rel-event,user-repeat,BINARY_CLASSIFICATION,0,9,roc_auc,rtx-pro-6000,False,"{""dropout"": 0.3, ""num_layers"": 1}",276448bd,r3,0.6942996176572819,,341.8444548880002,0.0791620879999754,,,,0.6463893925513736,0.6387832699619772,0.6666666666666666,0.6942996176572819,,,,,,,,,,,
relgt,rel-event,user-repeat,BINARY_CLASSIFICATION,0,9,roc_auc,rtx-pro-6000,False,"{""dropout"": 0.4, ""num_layers"": 1}",bd5f6266,r4,0.70269957131271,,342.174415812,0.07945246700001,,,,0.6684253371255211,0.623574144486692,0.6644067796610169,0.70269957131271,,,,,,,,,,,
relgt,rel-event,user-repeat,BINARY_CLASSIFICATION,0,9,roc_auc,rtx-pro-6000,False,"{""dropout"": 0.5, ""num_layers"": 1}",efce81a6,r5,0.7183408643262658,,341.61216103499964,0.0789193380001052,,,,0.6900975938876185,0.6425855513307985,0.6845637583892618,0.7183408643262658,,,,,,,,,,,
relgt,rel-event,user-repeat,BINARY_CLASSIFICATION,0,9,roc_auc,rtx-pro-6000,False,"{""dropout"": 0.3, ""num_layers"": 8}",726f85a4,r6,0.6955740933843124,,684.2384673660004,0.3785032599998885,,,,0.6631892224598632,0.6463878326996197,0.6713780918727915,0.6955740933843124,,,,,,,,,,,
relgt,rel-event,user-repeat,BINARY_CLASSIFICATION,0,9,roc_auc,rtx-pro-6000,True,"{""dropout"": 0.4, ""num_layers"": 8}",c727cd64,r7,0.7368207623682077,0.7343582887700535,685.3776630129996,0.3815961889995378,1672.560743657,1.2669037050000045,,0.7241059061420333,0.623574144486692,0.4590163934426229,0.7368207623682077,0.6774173525375058,0.6707317073170732,0.6872586872586872,0.7343582887700535,,,,,,,
relgt,rel-event,user-repeat,BINARY_CLASSIFICATION,0,9,roc_auc,rtx-pro-6000,False,"{""dropout"": 0.5, ""num_layers"": 8}",e90e29bb,r8,0.694647201946472,,683.5685495170001,0.1536040459996002,,,,0.6415341064926904,0.623574144486692,0.657439446366782,0.694647201946472,,,,,,,,,,,
relgt,rel-event,user-ignore,BINARY_CLASSIFICATION,0,9,roc_auc,rtx-pro-6000,False,"{""dropout"": 0.3, ""num_layers"": 4}",2561398c,default,0.8392384274243161,0.7804266979839498,3437.461887034,1.4561645110002246,2561.444061159,1.438238704999094,,0.4984705177935758,0.8852626211116777,0.4827586206896552,0.8392384274243161,0.4612584777432287,0.8774259448416751,0.3908629441624365,0.7804266979839498,,,,,,,
relgt,rel-event,user-ignore,BINARY_CLASSIFICATION,0,9,roc_auc,rtx-pro-6000,True,"{""dropout"": 0.4, ""num_layers"": 4}",855e34e2,r1,0.8630255337588069,0.7815066837069531,2515.044085061,1.6697475920000215,3516.140858425999,2.979721530999086,,0.5425601740559091,0.8878123406425293,0.4907407407407407,0.8630255337588069,0.4491576374965971,0.8595505617977528,0.4210526315789473,0.7815066837069531,,,,,,,
relgt,rel-event,user-ignore,BINARY_CLASSIFICATION,0,9,roc_auc,rtx-pro-6000,False,"{""dropout"": 0.5, ""num_layers"": 4}",3fddeb60,r2,0.8493920151501372,,2516.5729928969995,1.438659954999821,,,,0.5207290090087313,0.8357980622131566,0.4651162790697674,0.8493920151501372,,,,,,,,,,,
relgt,rel-event,user-ignore,BINARY_CLASSIFICATION,0,9,roc_auc,rtx-pro-6000,False,"{""dropout"": 0.3, ""num_layers"": 1}",276448bd,r3,0.8391448089916492,,1773.914016697001,1.209070851000433,,,,0.4990391035727705,0.8296787353391127,0.459546925566343,0.8391448089916492,,,,,,,,,,,
relgt,rel-event,user-ignore,BINARY_CLASSIFICATION,0,9,roc_auc,rtx-pro-6000,False,"{""dropout"": 0.4, ""num_layers"": 1}",bd5f6266,r4,0.8351539889476753,,1770.9320964120016,1.188255539000238,,,,0.506917324262333,0.8786333503314635,0.4848484848484848,0.8351539889476753,,,,,,,,,,,
relgt,rel-event,user-ignore,BINARY_CLASSIFICATION,0,9,roc_auc,rtx-pro-6000,False,"{""dropout"": 0.5, ""num_layers"": 1}",efce81a6,r5,0.8449972984395147,,1773.5055137129984,1.4134950659990864,,,,0.5169162352172204,0.8628250892401835,0.4816955684007707,0.8449972984395147,,,,,,,,,,,
relgt,rel-event,user-ignore,BINARY_CLASSIFICATION,0,9,roc_auc,rtx-pro-6000,False,"{""dropout"": 0.3, ""num_layers"": 8}",726f85a4,r6,0.8270707059899748,,3503.5080048130003,1.981159536000632,,,,0.535152453103049,0.5124936257011729,0.2876304023845007,0.8270707059899748,,,,,,,,,,,
relgt,rel-event,user-ignore,BINARY_CLASSIFICATION,0,9,roc_auc,rtx-pro-6000,False,"{""dropout"": 0.4, ""num_layers"": 8}",c727cd64,r7,0.8315724151950742,,3505.526534042998,1.9745480900019177,,,,0.4992637636113893,0.8832228454869965,0.4711316397228637,0.8315724151950742,,,,,,,,,,,
relgt,rel-event,user-ignore,BINARY_CLASSIFICATION,0,9,roc_auc,rtx-pro-6000,False,"{""dropout"": 0.5, ""num_layers"": 8}",e90e29bb,r8,0.8478941202274662,,3500.3696217510005,1.7480133050012228,,,,0.489351960016823,0.8837327893931668,0.4770642201834862,0.8478941202274662,,,,,,,,,,,
relgt,rel-f1,driver-position,REGRESSION,0,9,mae,rtx-pro-6000,False,"{""dropout"": 0.3, ""num_layers"": 4}",2561398c,default,3.7805987990690855,3.929248595906977,968.653347323,0.4203626210000948,942.3665599689994,0.5149545790009142,,,,,,,,,,-0.0253243474851416,3.7805987990690855,4.694409000011322,0.1428126409565946,3.929248595906977,4.824004838857999,
relgt,rel-f1,driver-position,REGRESSION,0,9,mae,rtx-pro-6000,False,"{""dropout"": 0.4, ""num_layers"": 4}",855e34e2,r1,3.9159177020460905,,1020.0516445960002,0.192298576000212,,,,,,,,,,,,-0.0680527871989429,3.9159177020460905,4.79122590795906,,,,
relgt,rel-f1,driver-position,REGRESSION,0,9,mae,rtx-pro-6000,False,"{""dropout"": 0.5, ""num_layers"": 4}",3fddeb60,r2,3.638719841696536,,943.929938878,0.1917020840000987,,,,,,,,,,,,0.083935795899119,3.638719841696536,4.437243339383264,,,,
relgt,rel-f1,driver-position,REGRESSION,0,9,mae,rtx-pro-6000,False,"{""dropout"": 0.3, ""num_layers"": 1}",276448bd,r3,3.753915779034774,,653.895742744,0.3596481309996306,,,,,,,,,,,,0.0169348589917618,3.753915779034774,4.59665001167773,,,,
relgt,rel-f1,driver-position,REGRESSION,0,9,mae,rtx-pro-6000,True,"{""dropout"": 0.4, ""num_layers"": 1}",bd5f6266,r4,3.5002372440052736,4.7655289474286535,655.9059941230003,0.3643174769995312,658.8936361150008,1.5326555079991522,,,,,,,,,,0.1268645848491875,3.5002372440052736,4.3320263699508725,-0.3010309058236278,4.7655289474286535,5.943108547556791,
relgt,rel-f1,driver-position,REGRESSION,0,9,mae,rtx-pro-6000,False,"{""dropout"": 0.5, ""num_layers"": 1}",efce81a6,r5,3.6458051327314864,,656.2916385830003,0.3615627520002817,,,,,,,,,,,,0.0550700622309632,3.6458051327314864,4.506611224027263,,,,
relgt,rel-f1,driver-position,REGRESSION,0,9,mae,rtx-pro-6000,False,"{""dropout"": 0.3, ""num_layers"": 8}",726f85a4,r6,3.7600811190022254,,1327.812105045,0.5027056779999839,,,,,,,,,,,,0.007505831467676,3.7600811190022254,4.618641691081976,,,,
relgt,rel-f1,driver-position,REGRESSION,0,9,mae,rtx-pro-6000,False,"{""dropout"": 0.4, ""num_layers"": 8}",c727cd64,r7,3.763438187046854,,1326.599110129,0.5036036289993717,,,,,,,,,,,,0.0112436819403139,3.763438187046854,4.609936311429945,,,,
relgt,rel-f1,driver-position,REGRESSION,0,9,mae,rtx-pro-6000,False,"{""dropout"": 0.5, ""num_layers"": 8}",e90e29bb,r8,3.563236009206625,,1329.149299715,0.5009472860001551,,,,,,,,,,,,0.1308305237545624,3.563236009206625,4.322176749062754,,,,
relgt,rel-f1,driver-dnf,BINARY_CLASSIFICATION,0,9,roc_auc,rtx-pro-6000,False,"{""dropout"": 0.3, ""num_layers"": 4}",2561398c,default,0.6696780045351474,0.7032840482115845,1459.380663054,0.4480008630000611,1430.8897280689998,0.5014831619992037,,0.8756226246628455,0.7544169611307421,0.8467475192943771,0.6696780045351474,0.8517951257208268,0.7051282051282052,0.8270676691729323,0.7032840482115845,,,,,,,
relgt,rel-f1,driver-dnf,BINARY_CLASSIFICATION,0,9,roc_auc,rtx-pro-6000,False,"{""dropout"": 0.4, ""num_layers"": 4}",855e34e2,r1,0.6814875283446712,,1503.1629412439995,0.2223283209996225,,,,0.8877683807800739,0.6925795053003534,0.7986111111111112,0.6814875283446712,,,,,,,,,,,
relgt,rel-f1,driver-dnf,BINARY_CLASSIFICATION,0,9,roc_auc,rtx-pro-6000,False,"{""dropout"": 0.5, ""num_layers"": 4}",3fddeb60,r2,0.6702403628117914,,1433.0519105820003,0.220821514999443,,,,0.8754345380474334,0.7031802120141343,0.8032786885245902,0.6702403628117914,,,,,,,,,,,
relgt,rel-f1,driver-dnf,BINARY_CLASSIFICATION,0,9,roc_auc,rtx-pro-6000,False,"{""dropout"": 0.3, ""num_layers"": 1}",276448bd,r3,0.67740589569161,,995.754531832,0.3823619389995656,,,,0.8766580834110733,0.773851590106007,0.8699186991869918,0.67740589569161,,,,,,,,,,,
relgt,rel-f1,driver-dnf,BINARY_CLASSIFICATION,0,9,roc_auc,rtx-pro-6000,True,"{""dropout"": 0.4, ""num_layers"": 1}",bd5f6266,r4,0.6828117913832199,0.7116673986239204,993.31484259,0.1538467489999675,998.8307321249996,1.595226100000218,,0.8829279457613649,0.7791519434628975,0.8730964467005076,0.6828117913832199,0.8360345728392561,0.688034188034188,0.8046387154326494,0.7116673986239204,,,,,,,
relgt,rel-f1,driver-dnf,BINARY_CLASSIFICATION,0,9,roc_auc,rtx-pro-6000,False,"{""dropout"": 0.5, ""num_layers"": 1}",efce81a6,r5,0.6666303854875284,,993.1668869970008,0.3784271610002179,,,,0.8775657249601443,0.5547703180212014,0.6420454545454546,0.6666303854875284,,,,,,,,,,,
relgt,rel-f1,driver-dnf,BINARY_CLASSIFICATION,0,9,roc_auc,rtx-pro-6000,False,"{""dropout"": 0.3, ""num_layers"": 8}",726f85a4,r6,0.650140589569161,,2020.652253197,0.5472248280002532,,,,0.8649982508959433,0.7809187279151943,0.8726899383983573,0.650140589569161,,,,,,,,,,,
relgt,rel-f1,driver-dnf,BINARY_CLASSIFICATION,0,9,roc_auc,rtx-pro-6000,False,"{""dropout"": 0.4, ""num_layers"": 8}",c727cd64,r7,0.6382585034013606,,2018.966790921,0.5444368379994557,,,,0.8650390028925288,0.7473498233215548,0.8477103301384451,0.6382585034013606,,,,,,,,,,,
relgt,rel-f1,driver-dnf,BINARY_CLASSIFICATION,0,9,roc_auc,rtx-pro-6000,False,"{""dropout"": 0.5, ""num_layers"": 8}",e90e29bb,r8,0.6632562358276644,,2019.8492332959995,0.5434199690007517,,,,0.8635932090667982,0.5547703180212014,0.6430594900849859,0.6632562358276644,,,,,,,,,,,
relgt,rel-f1,driver-top3,BINARY_CLASSIFICATION,0,9,roc_auc,rtx-pro-6000,False,"{""dropout"": 0.3, ""num_layers"": 4}",2561398c,default,0.7005787389582699,0.8112066262541807,231.075577742,0.2304457959999695,206.2262173040004,0.5129539710001154,,0.39507376879064,0.6700680272108843,0.4393063583815029,0.7005787389582699,0.3879371319108461,0.8085399449035813,0.1575757575757575,0.8112066262541807,,,,,,,
relgt,rel-f1,driver-top3,BINARY_CLASSIFICATION,0,9,roc_auc,rtx-pro-6000,True,"{""dropout"": 0.4, ""num_layers"": 4}",855e34e2,r1,0.7386895056530075,0.8108408235785952,219.019349431,0.2316221209999867,211.97263348100023,1.677035616000012,,0.395014192570419,0.7993197278911565,0.0327868852459016,0.7386895056530075,0.406649352859433,0.8181818181818182,0.4961832061068702,0.8108408235785952,,,,,,,
relgt,rel-f1,driver-top3,BINARY_CLASSIFICATION,0,9,roc_auc,rtx-pro-6000,False,"{""dropout"": 0.5, ""num_layers"": 4}",3fddeb60,r2,0.7150740893372275,,206.6717726850001,0.2283942550000119,,,,0.3656314538912903,0.7857142857142857,0.3,0.7150740893372275,,,,,,,,,,,
relgt,rel-f1,driver-top3,BINARY_CLASSIFICATION,0,9,roc_auc,rtx-pro-6000,False,"{""dropout"": 0.3, ""num_layers"": 1}",276448bd,r3,0.6933937754206161,,146.02108955200003,0.1572554829999717,,,,0.3298340256749343,0.7687074829931972,0.3644859813084112,0.6933937754206161,,,,,,,,,,,
relgt,rel-f1,driver-top3,BINARY_CLASSIFICATION,0,9,roc_auc,rtx-pro-6000,False,"{""dropout"": 0.4, ""num_layers"": 1}",bd5f6266,r4,0.7093225349841429,,147.80537085700007,0.3895561559997986,,,,0.3518999006836585,0.685374149659864,0.416403785488959,0.7093225349841429,,,,,,,,,,,
relgt,rel-f1,driver-top3,BINARY_CLASSIFICATION,0,9,roc_auc,rtx-pro-6000,False,"{""dropout"": 0.5, ""num_layers"": 1}",efce81a6,r5,0.6856712834387487,,147.63840335100008,0.3942460099999607,,,,0.3607767821276922,0.6921768707482994,0.3905723905723905,0.6856712834387487,,,,,,,,,,,
relgt,rel-f1,driver-top3,BINARY_CLASSIFICATION,0,9,roc_auc,rtx-pro-6000,False,"{""dropout"": 0.3, ""num_layers"": 8}",726f85a4,r6,0.7286018885166006,,283.5680888510001,0.5585151020000012,,,,0.4411960687005298,0.8027210884353742,0.3695652173913043,0.7286018885166006,,,,,,,,,,,
relgt,rel-f1,driver-top3,BINARY_CLASSIFICATION,0,9,roc_auc,rtx-pro-6000,False,"{""dropout"": 0.4, ""num_layers"": 8}",c727cd64,r7,0.7213631721345254,,284.18670778499995,0.323964419000049,,,,0.3691432195459368,0.79421768707483,0.1538461538461538,0.7213631721345254,,,,,,,,,,,
relgt,rel-f1,driver-top3,BINARY_CLASSIFICATION,0,9,roc_auc,rtx-pro-6000,False,"{""dropout"": 0.5, ""num_layers"": 8}",e90e29bb,r8,0.7017344251133288,,284.434566935,0.5601452959999733,,,,0.3656651627105226,0.6649659863945578,0.4355300859598854,0.7017344251133288,,,,,,,,,,,
relgt,rel-hm,user-churn,BINARY_CLASSIFICATION,0,9,roc_auc,rtx-pro-6000,True,"{""dropout"": 0.3, ""num_layers"": 4}",2561398c,default,0.6956102764521721,0.68953100788146,4298.920228421,57.63050902299983,4276.343303843999,59.66701159300101,,0.8959980752911694,0.7778358325931345,0.864990156855274,0.6956102764521721,0.9036276612345164,0.8147234327857861,0.8932068850913194,0.68953100788146,,,,,,,
relgt,rel-hm,item-sales,REGRESSION,0,9,mae,rtx-pro-6000,True,"{""dropout"": 0.3, ""num_layers"": 4}",2561398c,default,0.0663050549517927,0.0531676326050059,4216.573880549,78.54254527699959,4200.948377803,82.0066983050001,,,,,,,,,,0.1736321852279032,0.0663050549517927,0.6020538391746433,0.2223521148807008,0.0531676326050059,0.5138569387971873,
relgt,rel-stack,user-engagement,BINARY_CLASSIFICATION,0,9,roc_auc,rtx-pro-6000,True,"{""dropout"": 0.3, ""num_layers"": 4}",2561398c,default,0.9040600601733536,0.9067306118101645,7415.595860001,63.47884313099985,7377.057460125,70.78065838600014,,0.4047248365210564,0.975298572676959,0.3496932515337423,0.9040600601733536,0.3958715654425378,0.975186357602369,0.3561966440977333,0.9067306118101645,,,,,,,
relgt,rel-stack,post-votes,REGRESSION,0,9,mae,rtx-pro-6000,True,"{""dropout"": 0.3, ""num_layers"": 4}",2561398c,default,0.0616902224719524,0.0679042637348175,8097.056765431,116.88513939699988,8068.250939732001,122.82676037099918,,,,,,,,,,-0.0284039974212646,0.0616902224719524,0.3712007403373718,-0.0338497161865234,0.0679042637348175,0.3752734959125519,
relgt,rel-stack,user-badge,BINARY_CLASSIFICATION,0,9,roc_auc,rtx-pro-6000,True,"{""dropout"": 0.3, ""num_layers"": 4}",2561398c,default,0.8881724888758935,0.5742859341821742,8812.746218295,181.17567755100023,8798.860104897,191.6784332060015,,0.3393165653314726,0.9724532938827316,0.2235387945767346,0.8881724888758935,0.0371098457698031,0.973625469924812,0.0,0.5742859341821742,,,,,,,
relgt,rel-trial,study-outcome,BINARY_CLASSIFICATION,0,9,roc_auc,rtx-pro-6000,False,"{""dropout"": 0.3, ""num_layers"": 4}",2561398c,default,0.6781079257859444,0.6601225285435812,1626.168170166,0.5954475369999273,1425.730795366002,0.554873689001397,,0.7514970532762258,0.6229166666666667,0.6457925636007827,0.6781079257859444,0.7364080158619357,0.6266666666666667,0.720508166969147,0.6601225285435812,,,,,,,
relgt,rel-trial,study-outcome,BINARY_CLASSIFICATION,0,9,roc_auc,rtx-pro-6000,False,"{""dropout"": 0.4, ""num_layers"": 4}",855e34e2,r1,0.683191937061906,,1423.207025024,0.5981192670001292,,,,0.7368474060091051,0.6291666666666667,0.7257318952234206,0.683191937061906,,,,,,,,,,,
relgt,rel-trial,study-outcome,BINARY_CLASSIFICATION,0,9,roc_auc,rtx-pro-6000,True,"{""dropout"": 0.5, ""num_layers"": 4}",3fddeb60,r2,0.689580457382315,0.6684949087695085,1425.281528563,0.604622618000576,1551.7455062709996,1.4942996300014784,,0.7457591992352562,0.65625,0.6875,0.689580457382315,0.7377179877829464,0.6242424242424243,0.693069306930693,0.6684949087695085,,,,,,,
relgt,rel-trial,study-outcome,BINARY_CLASSIFICATION,0,9,roc_auc,rtx-pro-6000,False,"{""dropout"": 0.3, ""num_layers"": 1}",276448bd,r3,0.6776745786033711,,956.2249737350004,0.4920163599999796,,,,0.7343823796249271,0.646875,0.6965085049239033,0.6776745786033711,,,,,,,,,,,
relgt,rel-trial,study-outcome,BINARY_CLASSIFICATION,0,9,roc_auc,rtx-pro-6000,False,"{""dropout"": 0.4, ""num_layers"": 1}",bd5f6266,r4,0.684214993812517,,958.0543134340004,0.4891126590000567,,,,0.7480947825290709,0.6458333333333334,0.735202492211838,0.684214993812517,,,,,,,,,,,
relgt,rel-trial,study-outcome,BINARY_CLASSIFICATION,0,9,roc_auc,rtx-pro-6000,False,"{""dropout"": 0.5, ""num_layers"": 1}",efce81a6,r5,0.6859617850329924,,954.8809509920002,0.4777210410002226,,,,0.741948714985884,0.6291666666666667,0.7390029325513197,0.6859617850329924,,,,,,,,,,,
relgt,rel-trial,study-outcome,BINARY_CLASSIFICATION,0,9,roc_auc,rtx-pro-6000,False,"{""dropout"": 0.3, ""num_layers"": 8}",726f85a4,r6,0.6767632092709492,,2048.355153169,0.7633153429997037,,,,0.7422416744414083,0.6270833333333333,0.6551059730250481,0.6767632092709492,,,,,,,,,,,
relgt,rel-trial,study-outcome,BINARY_CLASSIFICATION,0,9,roc_auc,rtx-pro-6000,False,"{""dropout"": 0.4, ""num_layers"": 8}",c727cd64,r7,0.6783000281452294,,2050.2852463590007,0.7539713679998385,,,,0.7266542080997227,0.6510416666666666,0.7129391602399314,0.6783000281452294,,,,,,,,,,,
relgt,rel-trial,study-outcome,BINARY_CLASSIFICATION,0,9,roc_auc,rtx-pro-6000,False,"{""dropout"": 0.5, ""num_layers"": 8}",e90e29bb,r8,0.663414329049004,,2047.4713486380008,0.7595814989999781,,,,0.734077798737208,0.6291666666666667,0.7138263665594855,0.663414329049004,,,,,,,,,,,
relgt,rel-trial,study-adverse,REGRESSION,0,9,mae,rtx-pro-6000,False,"{""dropout"": 0.3, ""num_layers"": 4}",2561398c,default,46.234955836269016,45.293079480172594,5346.759865539,2.3137820129995816,5140.422915693998,1.895093719002034,,,,,,,,,,0.0648632667037828,46.234955836269016,378.2185357900341,0.1810665679708788,45.293079480172594,225.9534083056992,
relgt,rel-trial,study-adverse,REGRESSION,0,9,mae,rtx-pro-6000,False,"{""dropout"": 0.4, ""num_layers"": 4}",855e34e2,r1,46.68339655218901,,5118.488613419,2.09087276900027,,,,,,,,,,,,0.0614986131038934,46.68339655218901,378.8983463867219,,,,
relgt,rel-trial,study-adverse,REGRESSION,0,9,mae,rtx-pro-6000,True,"{""dropout"": 0.5, ""num_layers"": 4}",3fddeb60,r2,45.93353962045146,44.1258866487919,5120.093500608,2.068833130000712,5261.137801211997,3.1740160629997263,,,,,,,,,,0.0665470484488937,45.93353962045146,377.87787737615406,0.1880151212981274,44.1258866487919,224.9927722694152,
relgt,rel-trial,study-adverse,REGRESSION,0,9,mae,rtx-pro-6000,False,"{""dropout"": 0.3, ""num_layers"": 1}",276448bd,r3,46.31838198495175,,3434.670318867,1.873157303998596,,,,,,,,,,,,0.0659692125242522,46.31838198495175,377.9948182627927,,,,
relgt,rel-trial,study-adverse,REGRESSION,0,9,mae,rtx-pro-6000,False,"{""dropout"": 0.4, ""num_layers"": 1}",bd5f6266,r4,46.57073287925765,,3423.8280843659995,1.631265654003073,,,,,,,,,,,,0.0586480660403261,46.57073287925765,379.4733315140799,,,,
relgt,rel-trial,study-adverse,REGRESSION,0,9,mae,rtx-pro-6000,False,"{""dropout"": 0.5, ""num_layers"": 1}",efce81a6,r5,46.54302929937337,,3421.5980477099984,1.8952570030014613,,,,,,,,,,,,0.0662673821208862,46.54302929937337,377.9344800168613,,,,
relgt,rel-trial,study-adverse,REGRESSION,0,9,mae,rtx-pro-6000,False,"{""dropout"": 0.3, ""num_layers"": 8}",726f85a4,r6,46.18687447881066,,7399.497056835,2.666357116002473,,,,,,,,,,,,0.0648081370777134,46.18687447881066,378.2296842875781,,,,
relgt,rel-trial,study-adverse,REGRESSION,0,9,mae,rtx-pro-6000,False,"{""dropout"": 0.4, ""num_layers"": 8}",c727cd64,r7,46.238190633568806,,7391.254194859001,2.652634115998808,,,,,,,,,,,,0.0639026018269788,46.238190633568806,378.4127576524861,,,,
relgt,rel-trial,study-adverse,REGRESSION,0,9,mae,rtx-pro-6000,False,"{""dropout"": 0.5, ""num_layers"": 8}",e90e29bb,r8,46.40900332324266,,7391.914633742003,2.6578210369989392,,,,,,,,,,,,0.0618213119204494,46.40900332324266,378.83319967411785,,,,
relgt,rel-trial,site-success,REGRESSION,0,9,mae,rtx-pro-6000,True,"{""dropout"": 0.3, ""num_layers"": 4}",2561398c,default,0.3393558099231071,0.3701097637891369,22128.952443976,14.680862950001028,22234.800988274,18.87695241300389,,,,,,,,,,-0.3368454526306259,0.3393558099231071,0.5523194939263992,-0.4694800914565096,0.3701097637891369,0.5833454885836099,
relgt,rel-trial,site-success,REGRESSION,0,9,mae,rtx-pro-6000,False,"{""dropout"": 0.4, ""num_layers"": 4}",855e34e2,r1,0.3678590033860445,,21975.707739417,14.603527017003216,,,,,,,,,,,,-0.4423173904172157,0.3678590033860445,0.57369384461053,,,,
relgt,rel-trial,site-success,REGRESSION,0,9,mae,rtx-pro-6000,False,"{""dropout"": 0.5, ""num_layers"": 4}",3fddeb60,r2,0.3528159887958367,,22021.868488518,14.9639156810008,,,,,,,,,,,,-0.4271885542225933,0.3528159887958367,0.5706771021386562,,,,
dummy-per-entity,rel-amazon,user-churn,BINARY_CLASSIFICATION,0,0,roc_auc,cpu,True,{},bf21a9e8,default,0.6279544175104324,0.6342053523097839,0.3836871590000044,0.0547341770000002,0.4018305510000175,0.0512459359999866,,0.7226574952563856,0.5985207129470561,0.7281169530495962,0.6279544175104324,0.6956944292540619,0.5994657345439561,0.7115499160695269,0.6342053523097839,,,,,,,
dummy-per-entity,rel-amazon,user-ltv,REGRESSION,0,0,mae,cpu,True,{},bf21a9e8,default,15.978037687412147,17.423469201585746,0.602855642999998,0.0411775520000219,0.6260127580000017,0.0423097860000041,,,,,,,,,,0.0945505642968339,15.978037687412147,46.55330126360735,0.1680460860569974,17.423469201585746,50.56958418052297,
dummy-per-entity,rel-amazon,item-churn,BINARY_CLASSIFICATION,0,0,roc_auc,cpu,True,{},bf21a9e8,default,0.7232282001151508,0.7288746210052446,0.1230026669999801,0.0109553810000022,0.1120834209999941,0.013389544000006,,0.6329168472501344,0.6882980938606217,0.5977915432265015,0.7232282001151508,0.5989045073397712,0.7115474520804114,0.5847560591469945,0.7288746210052446,,,,,,,
dummy-per-entity,rel-amazon,item-ltv,REGRESSION,0,0,mae,cpu,True,{},bf21a9e8,default,67.79331064571382,65.35141896665806,0.2645784169999956,0.0125395720000085,0.2431899489999978,0.0126883190000057,,,,,,,,,,-0.1047941949331607,67.79331064571382,475.1106599124107,0.0998687414649983,65.35141896665806,630.552512172017,
dummy-per-entity,rel-avito,ad-ctr,REGRESSION,0,0,mae,cpu,True,{},bf21a9e8,default,0.0383096218827383,0.041200773751751,0.0248902449999945,0.0004223120000119,0.0013256240000032,0.0003777660000139,,,,,,,,,,-0.1168374777839387,0.0383096218827383,0.1048362817618342,-0.0560700690156601,0.041200773751751,0.1127879866915361,
dummy-per-entity,rel-avito,user-visits,BINARY_CLASSIFICATION,0,0,roc_auc,cpu,True,{},bf21a9e8,default,0.6146166686136684,0.6027028222247506,0.0257303650000153,0.0017546429999981,0.0067234509999991,0.0016841169999963,,0.925259372462517,0.8662397011241202,0.9398144844809132,0.6146166686136684,0.8803648878836554,0.8194801959644606,0.9093540965122126,0.6027028222247506,,,,,,,
dummy-per-entity,rel-avito,user-clicks,BINARY_CLASSIFICATION,0,0,roc_auc,cpu,True,{},bf21a9e8,default,0.5830467132220479,0.5041429030605008,0.0244873099999836,0.0011124720000168,0.0053036230000031,0.0022526479999953,,0.0619941163530955,0.953594863805882,0.1367159971811134,0.5830467132220479,0.0216394582585433,0.9784773731144262,0.0641361256544502,0.5041429030605008,,,,,,,
dummy-per-entity,rel-event,user-attendance,REGRESSION,0,0,mae,cpu,True,{},bf21a9e8,default,0.2659357470678225,0.2691521961184882,0.0316729680000094,0.0004372439999826,0.0022059030000036,0.0004525699999931,,,,,,,,,,-0.1467514972050272,0.2659357470678225,0.5603552089740714,-0.0426769298449649,0.2691521961184882,0.6559618938084001,
dummy-per-entity,rel-event,user-repeat,BINARY_CLASSIFICATION,0,0,roc_auc,cpu,True,{},bf21a9e8,default,0.7327076816127911,0.7518048128342246,0.0508602879999955,0.0002885910000145,0.0008442359999776,0.0003072370000154,,0.664107162329389,0.6653992395437263,0.6789667896678967,0.7327076816127911,0.7072124609517457,0.6910569105691057,0.6473029045643154,0.7518048128342246,,,,,,,
dummy-per-entity,rel-event,user-ignore,BINARY_CLASSIFICATION,0,0,roc_auc,cpu,True,{},bf21a9e8,default,0.8177583467519755,0.8399295361127423,0.0253046880000056,0.0004289130000074,0.0017014119999885,0.0004424119999839,,0.4263008596255478,0.9010708822029576,0.5059288537549407,0.8177583467519755,0.5147325034127248,0.8840653728294178,0.5227722772277228,0.8399295361127423,,,,,,,
dummy-per-entity,rel-f1,driver-position,REGRESSION,0,0,mae,cpu,True,{},bf21a9e8,default,3.6463927855711424,4.103508771929825,0.0360049330000151,0.0002878440000131,0.0011366470000098,0.0002504969999961,,,,,,,,,,0.0582299319250483,3.6463927855711424,4.499069802916639,0.1081800650126634,4.103508771929825,4.920491023047876,
dummy-per-entity,rel-f1,driver-dnf,BINARY_CLASSIFICATION,0,0,roc_auc,cpu,True,{},bf21a9e8,default,0.5911746031746032,0.6992582833162543,0.0218457499999829,0.0002429779999886,0.000875542000017,0.0002429659999734,,0.8195181472385793,0.7756183745583038,0.8718466195761857,0.5911746031746032,0.839917633220289,0.6737891737891738,0.819081908190819,0.6992582833162543,,,,,,,
dummy-per-entity,rel-f1,driver-top3,BINARY_CLASSIFICATION,0,0,roc_auc,cpu,True,{},bf21a9e8,default,0.5605436204332479,0.5565295777591973,0.0235747709999998,0.0002777320000006,0.0005666590000146,0.0002524490000155,,0.3025360994420646,0.79421768707483,0.1768707482993197,0.5605436204332479,0.2915256077287137,0.8044077134986226,0.3771929824561403,0.5565295777591973,,,,,,,
dummy-per-entity,rel-hm,user-churn,BINARY_CLASSIFICATION,0,0,roc_auc,cpu,True,{},bf21a9e8,default,0.6418940226256571,0.6479723267463038,0.2569526550000205,0.0207463750000158,0.2190297260000022,0.0277169320000041,,0.8681979277663265,0.7835701969799885,0.8885832598328675,0.6418940226256571,0.8808155267295241,0.794528997653369,0.8950725963187378,0.6479723267463038,,,,,,,
dummy-per-entity,rel-hm,item-sales,REGRESSION,0,0,mae,cpu,True,{},bf21a9e8,default,0.0860557092059742,0.0780331868845528,0.3129960440000161,0.0038324889999898,0.2531076390000066,0.0041393050000237,,,,,,,,,,0.0532716692594323,0.0860557092059742,0.6444085884385978,0.0417963229968886,0.0780331868845528,0.570400167353262,
dummy-per-entity,rel-stack,user-engagement,BINARY_CLASSIFICATION,0,0,roc_auc,cpu,True,{},bf21a9e8,default,0.8318489540383407,0.826716580242398,0.0694592650000061,0.002959885999985,0.0556172969999977,0.0031713989999957,,0.2379820443223976,0.9681328284299446,0.3351212186226132,0.8318489540383407,0.2406000384927004,0.9697970205475568,0.3278973689932594,0.826716580242398,,,,,,,
dummy-per-entity,rel-stack,post-votes,REGRESSION,0,0,mae,cpu,True,{},bf21a9e8,default,0.063879500179239,0.0693740949516168,0.1608585599999799,0.0072107979999884,0.1410241230000224,0.0076826340000195,,,,,,,,,,0.2845605114640736,0.063879500179239,0.3096088800834322,0.2722103643411138,0.0693740949516168,0.314863338938959,
dummy-per-entity,rel-stack,user-badge,BINARY_CLASSIFICATION,0,0,roc_auc,cpu,True,{},bf21a9e8,default,0.8101805942871226,0.7889561356577733,0.1305687710000143,0.0095035159999952,0.122105198000014,0.0085337659999993,,0.2066496125632362,0.9699310422881348,0.2369020501138952,0.8101805942871226,0.1798983610136063,0.9725759711779448,0.2266401590457256,0.7889561356577733,,,,,,,
dummy-per-entity,rel-trial,study-outcome,BINARY_CLASSIFICATION,0,0,roc_auc,cpu,True,{},bf21a9e8,default,0.5,0.5,0.0190630870000063,0.0005500800000106,0.0018416890000025,0.0005273750000185,,0.584375,0.584375,0.73767258382643,0.5,0.5854545454545454,0.5854545454545454,0.7385321100917431,0.5,,,,,,,
dummy-per-entity,rel-trial,study-adverse,REGRESSION,0,0,mae,cpu,True,{},bf21a9e8,default,56.78587319243604,57.53324725629438,0.0309639489999824,0.000934983999997,0.0049326380000138,0.001086387999976,,,,,,,,,,-0.0198345621296311,56.78587319243604,394.9754600169141,-0.0501770075627718,57.53324725629438,255.87381770606345,
dummy-per-entity,rel-trial,site-success,REGRESSION,0,0,mae,cpu,True,{},bf21a9e8,default,0.4498474235856166,0.4411477475199991,0.0405140089999918,0.0022611610000069,0.0184964139999976,0.0022544969999955,,,,,,,,,,-0.8092803521923608,0.4498474235856166,0.6425437502086625,-0.7510814245142436,0.4411477475199991,0.6367913577726738,
tabpfn-rel-client,rel-amazon,user-churn,BINARY_CLASSIFICATION,0,3,roc_auc,cpu,False,"{""context_strategy"": ""hard_pool"", ""max_depth"": 2, ""pool_inflation"": 4.0, ""subsample_samples"": 100000, ""tfm"": ""tabpfn-v3-api"", ""with_text"": true}",705b778a,default,0.6987575002171248,0.7018539358960074,756.694623998,647.300232341,277.7236497839999,229.850758046,,0.7826688925852548,0.7007555052319225,0.7922256598633001,0.6987575002171248,0.7593050489931694,0.6798357417906419,0.7806363553168828,0.7018539358960074,,,,,,,
tabpfn-rel-client,rel-amazon,user-churn,BINARY_CLASSIFICATION,0,3,roc_auc,cpu,False,"{""context_strategy"": ""hard_pool"", ""max_depth"": 3, ""pool_inflation"": 4.0, ""subsample_samples"": 100000, ""tfm"": ""tabpfn-v3-api"", ""with_text"": true}",425f346a,r1,0.7005778248226765,,605.5088166369999,368.9583850790005,,,,0.7843180256344195,0.7009531664844604,0.7916352822556649,0.7005778248226765,,,,,,,,,,,
tabpfn-rel-client,rel-amazon,user-churn,BINARY_CLASSIFICATION,0,3,roc_auc,cpu,True,"{""context_strategy"": ""hard_pool"", ""max_depth"": 4, ""pool_inflation"": 4.0, ""subsample_samples"": 100000, ""tfm"": ""tabpfn-v3-api"", ""with_text"": true}",5f7f6332,r2,0.7053841575001802,0.7086491891485106,357.7455710029999,414.820791522,390.0715096189997,255.6232624199997,,0.7883282233873067,0.7021147313759175,0.7912213459759087,0.7053841575001802,0.7651273981035128,0.6836551714338491,0.7820830307170977,0.7086491891485106,,,,,,,
tabpfn-rel-client,rel-amazon,user-ltv,REGRESSION,0,3,mae,cpu,False,"{""context_strategy"": ""hard_pool"", ""max_depth"": 2, ""pool_inflation"": 4.0, ""subsample_samples"": 100000, ""tfm"": ""tabpfn-v3-api"", ""with_text"": true}",705b778a,default,12.049986980581073,14.376211005713262,894.1468252660001,492.996442375,90.10162525899976,236.5993898950001,,,,,,,,,,0.2518660319232569,12.049986980581073,42.31633723166286,0.1841503758860484,14.376211005713262,50.077749897202985,
tabpfn-rel-client,rel-amazon,user-ltv,REGRESSION,0,3,mae,cpu,False,"{""context_strategy"": ""hard_pool"", ""max_depth"": 3, ""pool_inflation"": 4.0, ""subsample_samples"": 100000, ""tfm"": ""tabpfn-v3-api"", ""with_text"": true}",425f346a,r1,12.042520933407303,,567.9298776779999,918.207698014,,,,,,,,,,,,0.2494816037537998,12.042520933407303,42.38371821032456,,,,
tabpfn-rel-client,rel-amazon,user-ltv,REGRESSION,0,3,mae,cpu,True,"{""context_strategy"": ""hard_pool"", ""max_depth"": 4, ""pool_inflation"": 4.0, ""subsample_samples"": 100000, ""tfm"": ""tabpfn-v3-api"", ""with_text"": true}",5f7f6332,r2,12.006086086445382,14.35821180025244,440.7919540070002,401.790999971,372.1840599040006,313.9136973499999,,,,,,,,,,0.2505090185499389,12.006086086445382,42.35469788751662,0.178669275371645,14.35821180025244,50.24568630660258,
tabpfn-rel-client,rel-amazon,item-churn,BINARY_CLASSIFICATION,0,3,roc_auc,cpu,True,"{""context_strategy"": ""hard_pool"", ""max_depth"": 2, ""pool_inflation"": 4.0, ""subsample_samples"": 100000, ""tfm"": ""tabpfn-v3-api"", ""with_text"": true}",705b778a,default,0.8218971606438998,0.8279955929355153,180.435332889,163.32955547499995,345.30938398299986,172.88666004599963,,0.7302488138837723,0.7368942365593818,0.6483591699197448,0.8218971606438998,0.7066312892202928,0.7530957432780715,0.6715725356379756,0.8279955929355153,,,,,,,
tabpfn-rel-client,rel-amazon,item-churn,BINARY_CLASSIFICATION,0,3,roc_auc,cpu,False,"{""context_strategy"": ""hard_pool"", ""max_depth"": 3, ""pool_inflation"": 4.0, ""subsample_samples"": 100000, ""tfm"": ""tabpfn-v3-api"", ""with_text"": true}",425f346a,r1,0.821895487813144,,730.972983456,3706.753627569,,,,0.7301039895944917,0.7353972389962238,0.6418380017216031,0.821895487813144,,,,,,,,,,,
tabpfn-rel-client,rel-amazon,item-churn,BINARY_CLASSIFICATION,0,3,roc_auc,cpu,False,"{""context_strategy"": ""hard_pool"", ""max_depth"": 4, ""pool_inflation"": 4.0, ""subsample_samples"": 100000, ""tfm"": ""tabpfn-v3-api"", ""with_text"": true}",5f7f6332,r2,0.8216878184958745,,357.73368322900023,222.37927306599977,,,,0.7298895982584757,0.735599840170185,0.6436432867859554,0.8216878184958745,,,,,,,,,,,
tabpfn-rel-client,rel-amazon,item-ltv,REGRESSION,0,3,mae,cpu,False,"{""context_strategy"": ""hard_pool"", ""max_depth"": 2, ""pool_inflation"": 4.0, ""subsample_samples"": 100000, ""tfm"": ""tabpfn-v3-api"", ""with_text"": true}",705b778a,default,43.31982551336287,46.76221314271464,416.345245494,218.230419635,302.14731722600027,193.66840058800065,,,,,,,,,,0.0910780936132777,43.31982551336287,430.94055655283,0.0429570334125842,46.76221314271464,650.1806741796346,
tabpfn-rel-client,rel-amazon,item-ltv,REGRESSION,0,3,mae,cpu,False,"{""context_strategy"": ""hard_pool"", ""max_depth"": 3, ""pool_inflation"": 4.0, ""subsample_samples"": 100000, ""tfm"": ""tabpfn-v3-api"", ""with_text"": true}",425f346a,r1,43.249486274711,,669.3378998710001,3722.099129015001,,,,,,,,,,,,0.0907493409145745,43.249486274711,431.0184840742533,,,,
tabpfn-rel-client,rel-amazon,item-ltv,REGRESSION,0,3,mae,cpu,True,"{""context_strategy"": ""hard_pool"", ""max_depth"": 4, ""pool_inflation"": 4.0, ""subsample_samples"": 100000, ""tfm"": ""tabpfn-v3-api"", ""with_text"": true}",5f7f6332,r2,43.19825092377671,46.76818119562782,299.8353303800004,181.41950776500016,286.43095877199994,195.22146689300007,,,,,,,,,,0.0905798989281408,43.19825092377671,431.0586430915979,0.04301787571666,46.76818119562782,650.1600068112933,
tabpfn-rel-client,rel-avito,ad-ctr,REGRESSION,0,3,mae,cpu,True,"{""context_strategy"": ""hard_pool"", ""max_depth"": 2, ""pool_inflation"": 4.0, ""subsample_samples"": 100000, ""tfm"": ""tabpfn-v3-api"", ""with_text"": true}",705b778a,default,0.0293156064987025,0.0310799159192003,346.178899363,469.497299111,17.117261317000157,9.293023801000343,,,,,,,,,,0.2059981876742006,0.0293156064987025,0.0883949321216901,0.2720803846544006,0.0310799159192003,0.0936393065017063,
tabpfn-rel-client,rel-avito,ad-ctr,REGRESSION,0,3,mae,cpu,False,"{""context_strategy"": ""hard_pool"", ""max_depth"": 3, ""pool_inflation"": 4.0, ""subsample_samples"": 100000, ""tfm"": ""tabpfn-v3-api"", ""with_text"": true}",425f346a,r1,0.0294290878724416,,354.86897803600004,3608.029592057,,,,,,,,,,,,0.1884279580930743,0.0294290878724416,0.0893676130844058,,,,
tabpfn-rel-client,rel-avito,ad-ctr,REGRESSION,0,3,mae,cpu,False,"{""context_strategy"": ""hard_pool"", ""max_depth"": 4, ""pool_inflation"": 4.0, ""subsample_samples"": 100000, ""tfm"": ""tabpfn-v3-api"", ""with_text"": true}",5f7f6332,r2,0.0304725308517691,,14.352485288000024,12.620245887999772,,,,,,,,,,,,0.159335250109966,0.0304725308517691,0.0909553058234155,,,,
tabpfn-rel-client,rel-avito,user-visits,BINARY_CLASSIFICATION,0,3,roc_auc,cpu,False,"{""context_strategy"": ""hard_pool"", ""max_depth"": 2, ""pool_inflation"": 4.0, ""subsample_samples"": 100000, ""tfm"": ""tabpfn-v3-api"", ""with_text"": true}",705b778a,default,0.7013317020036218,0.6682161540419418,329.97864737399993,484.132171014,14.361474778999764,58.044697764000375,,0.9558313569678654,0.9034991160479002,0.949303425917813,0.7013317020036218,0.9200917090013404,0.8505909380276232,0.9192641340113672,0.6682161540419418,,,,,,,
tabpfn-rel-client,rel-avito,user-visits,BINARY_CLASSIFICATION,0,3,roc_auc,cpu,False,"{""context_strategy"": ""hard_pool"", ""max_depth"": 3, ""pool_inflation"": 4.0, ""subsample_samples"": 100000, ""tfm"": ""tabpfn-v3-api"", ""with_text"": true}",425f346a,r1,0.701390348147656,,346.4921869970001,3643.560504443,,,,0.9558604898466928,0.9034991160479002,0.949303425917813,0.701390348147656,,,,,,,,,,,
tabpfn-rel-client,rel-avito,user-visits,BINARY_CLASSIFICATION,0,3,roc_auc,cpu,True,"{""context_strategy"": ""hard_pool"", ""max_depth"": 4, ""pool_inflation"": 4.0, ""subsample_samples"": 100000, ""tfm"": ""tabpfn-v3-api"", ""with_text"": true}",5f7f6332,r2,0.701655528769995,0.6680259540745401,8.05630558699977,46.03574567900069,14.362493352000456,58.53455986300014,,0.9558801913907916,0.9034991160479002,0.949303425917813,0.701655528769995,0.9200027362144076,0.8505909380276232,0.9192641340113672,0.6680259540745401,,,,,,,
tabpfn-rel-client,rel-avito,user-clicks,BINARY_CLASSIFICATION,0,3,roc_auc,cpu,True,"{""context_strategy"": ""hard_pool"", ""max_depth"": 2, ""pool_inflation"": 4.0, ""subsample_samples"": 100000, ""tfm"": ""tabpfn-v3-api"", ""with_text"": true}",705b778a,default,0.6647887111191091,0.6751906664790743,316.45338528,418.460391745,104.16750390800009,675.5078097879996,,0.098439383025659,0.9648302884388424,0.0,0.6647887111191091,0.0472964929579381,0.984582048504042,0.0,0.6751906664790743,,,,,,,
tabpfn-rel-client,rel-avito,user-clicks,BINARY_CLASSIFICATION,0,3,roc_auc,cpu,False,"{""context_strategy"": ""hard_pool"", ""max_depth"": 3, ""pool_inflation"": 4.0, ""subsample_samples"": 100000, ""tfm"": ""tabpfn-v3-api"", ""with_text"": true}",425f346a,r1,0.663381016149021,,365.7803548039999,389.2489925559999,,,,0.0970000822339299,0.9648302884388424,0.0,0.663381016149021,,,,,,,,,,,
tabpfn-rel-client,rel-avito,user-clicks,BINARY_CLASSIFICATION,0,3,roc_auc,cpu,False,"{""context_strategy"": ""hard_pool"", ""max_depth"": 4, ""pool_inflation"": 4.0, ""subsample_samples"": 100000, ""tfm"": ""tabpfn-v3-api"", ""with_text"": true}",5f7f6332,r2,0.6597834931772701,,310.63207579000004,141.6462117709998,,,,0.0977132762061511,0.9648302884388424,0.0,0.6597834931772701,,,,,,,,,,,
tabpfn-rel-client,rel-event,user-attendance,REGRESSION,0,3,mae,cpu,False,"{""context_strategy"": ""hard_pool"", ""max_depth"": 2, ""pool_inflation"": 4.0, ""subsample_samples"": 100000, ""tfm"": ""tabpfn-v3-api"", ""with_text"": true}",705b778a,default,0.233563617523249,0.2344732278213214,296.090684784,30.560913742000025,11.500646565000352,58.17547635499977,,,,,,,,,,0.0352566041206811,0.233563617523249,0.5139663222163638,0.0622244748096454,0.2344732278213214,0.6220899364041464,
tabpfn-rel-client,rel-event,user-attendance,REGRESSION,0,3,mae,cpu,True,"{""context_strategy"": ""hard_pool"", ""max_depth"": 3, ""pool_inflation"": 4.0, ""subsample_samples"": 100000, ""tfm"": ""tabpfn-v3-api"", ""with_text"": true}",425f346a,r1,0.2332095044421284,0.2439436148976076,454.243302472,361.1546676769999,64.48405649799952,24.69875914400017,,,,,,,,,,0.0138318572623031,0.2332095044421284,0.5196419932529298,0.01430954725613,0.2439436148976076,0.6377845637238844,
tabpfn-rel-client,rel-event,user-attendance,REGRESSION,0,3,mae,cpu,False,"{""context_strategy"": ""hard_pool"", ""max_depth"": 4, ""pool_inflation"": 4.0, ""subsample_samples"": 100000, ""tfm"": ""tabpfn-v3-api"", ""with_text"": true}",5f7f6332,r2,0.2388317990943436,,403.5374622249999,3638.6035982,,,,,,,,,,,,-0.0074602514424773,0.2388317990943436,0.5252217661065602,,,,
tabpfn-rel-client,rel-event,user-repeat,BINARY_CLASSIFICATION,0,3,roc_auc,cpu,False,"{""context_strategy"": ""hard_pool"", ""max_depth"": 2, ""pool_inflation"": 4.0, ""subsample_samples"": 100000, ""tfm"": ""tabpfn-v3-api"", ""with_text"": true}",705b778a,default,0.7296083883675125,0.7568850267379679,15.884965902000005,326.569904638,37.0949812810004,73.2315158829997,,0.6703932005510328,0.6920152091254753,0.7197231833910035,0.7296083883675125,0.7231625177003969,0.7195121951219512,0.7136929460580913,0.7568850267379679,,,,,,,
tabpfn-rel-client,rel-event,user-repeat,BINARY_CLASSIFICATION,0,3,roc_auc,cpu,False,"{""context_strategy"": ""hard_pool"", ""max_depth"": 3, ""pool_inflation"": 4.0, ""subsample_samples"": 100000, ""tfm"": ""tabpfn-v3-api"", ""with_text"": true}",425f346a,r1,0.7331711273317113,,469.427120213,339.40809558800004,,,,0.688163623953302,0.6692015209125475,0.7128712871287128,0.7331711273317113,,,,,,,,,,,
tabpfn-rel-client,rel-event,user-repeat,BINARY_CLASSIFICATION,0,3,roc_auc,cpu,True,"{""context_strategy"": ""hard_pool"", ""max_depth"": 4, ""pool_inflation"": 4.0, ""subsample_samples"": 100000, ""tfm"": ""tabpfn-v3-api"", ""with_text"": true}",5f7f6332,r2,0.7430772795736299,0.7592914438502675,391.136848845,3628.540300684,57.89696933199957,23.52407825699993,,0.6855817298491141,0.6920152091254753,0.7308970099667774,0.7430772795736299,0.7029593978429136,0.7154471544715447,0.72,0.7592914438502675,,,,,,,
tabpfn-rel-client,rel-event,user-ignore,BINARY_CLASSIFICATION,0,3,roc_auc,cpu,True,"{""context_strategy"": ""hard_pool"", ""max_depth"": 2, ""pool_inflation"": 4.0, ""subsample_samples"": 100000, ""tfm"": ""tabpfn-v3-api"", ""with_text"": true}",705b778a,default,0.8726816063853121,0.8786593439489713,308.475684267,374.773653241,154.6048892409999,64.17662012200026,,0.572589856266079,0.9107598164201938,0.5430809399477807,0.8726816063853121,0.5621316775248089,0.8953013278855976,0.464751958224543,0.8786593439489713,,,,,,,
tabpfn-rel-client,rel-event,user-ignore,BINARY_CLASSIFICATION,0,3,roc_auc,cpu,False,"{""context_strategy"": ""hard_pool"", ""max_depth"": 3, ""pool_inflation"": 4.0, ""subsample_samples"": 100000, ""tfm"": ""tabpfn-v3-api"", ""with_text"": true}",425f346a,r1,0.8617335993880031,,416.687379351,408.741425403,,,,0.5941509060360941,0.9138194798572156,0.5721518987341773,0.8617335993880031,,,,,,,,,,,
tabpfn-rel-client,rel-event,user-ignore,BINARY_CLASSIFICATION,0,3,roc_auc,cpu,False,"{""context_strategy"": ""hard_pool"", ""max_depth"": 4, ""pool_inflation"": 4.0, ""subsample_samples"": 100000, ""tfm"": ""tabpfn-v3-api"", ""with_text"": true}",5f7f6332,r2,0.8398509594551942,,347.1853505790002,131.76310724499967,,,,0.5851497887028215,0.9133095359510454,0.5707070707070707,0.8398509594551942,,,,,,,,,,,
tabpfn-rel-client,rel-f1,driver-position,REGRESSION,0,3,mae,cpu,False,"{""context_strategy"": ""hard_pool"", ""max_depth"": 2, ""pool_inflation"": 4.0, ""subsample_samples"": 100000, ""tfm"": ""tabpfn-v3-api"", ""with_text"": true}",705b778a,default,3.7383135354749824,3.769999161603158,31.103183276,350.899538207,36.92023649299972,81.94299363600021,,,,,,,,,,0.0233561998821469,3.7383135354749824,4.581612851927008,0.2224685025158894,3.769999161603158,4.594400509170265,
tabpfn-rel-client,rel-f1,driver-position,REGRESSION,0,3,mae,cpu,True,"{""context_strategy"": ""hard_pool"", ""max_depth"": 3, ""pool_inflation"": 4.0, ""subsample_samples"": 100000, ""tfm"": ""tabpfn-v3-api"", ""with_text"": true}",425f346a,r1,3.649933026517002,3.7691813721573135,448.114564771,351.4558819680001,67.21905073300059,19.886305553000057,,,,,,,,,,0.0612619703829486,3.649933026517002,4.491821563426393,0.2269739272650568,3.7691813721573135,4.581069988615195,
tabpfn-rel-client,rel-f1,driver-position,REGRESSION,0,3,mae,cpu,False,"{""context_strategy"": ""hard_pool"", ""max_depth"": 4, ""pool_inflation"": 4.0, ""subsample_samples"": 100000, ""tfm"": ""tabpfn-v3-api"", ""with_text"": true}",5f7f6332,r2,3.807843281287867,,398.192837909,3608.562264696,,,,,,,,,,,,-0.0431979265646522,3.807843281287867,4.735148976154698,,,,
tabpfn-rel-client,rel-f1,driver-dnf,BINARY_CLASSIFICATION,0,3,roc_auc,cpu,False,"{""context_strategy"": ""hard_pool"", ""max_depth"": 2, ""pool_inflation"": 4.0, ""subsample_samples"": 100000, ""tfm"": ""tabpfn-v3-api"", ""with_text"": true}",705b778a,default,0.6253061224489795,0.7199726735958619,18.074512055000017,318.055735356,17.987054870000065,60.858820982,,0.8568069322573663,0.7720848056537103,0.8693009118541033,0.6253061224489795,0.8399749050603582,0.7065527065527065,0.8192982456140351,0.7199726735958619,,,,,,,
tabpfn-rel-client,rel-f1,driver-dnf,BINARY_CLASSIFICATION,0,3,roc_auc,cpu,True,"{""context_strategy"": ""hard_pool"", ""max_depth"": 3, ""pool_inflation"": 4.0, ""subsample_samples"": 100000, ""tfm"": ""tabpfn-v3-api"", ""with_text"": true}",425f346a,r1,0.6301315192743764,0.7321719611574685,447.390849407,342.755074755,67.07079828399947,56.31629082899963,,0.862029218739877,0.7438162544169611,0.8497409326424871,0.6301315192743764,0.8464790276739385,0.7065527065527065,0.8192982456140351,0.7321719611574685,,,,,,,
tabpfn-rel-client,rel-f1,driver-dnf,BINARY_CLASSIFICATION,0,3,roc_auc,cpu,False,"{""context_strategy"": ""hard_pool"", ""max_depth"": 4, ""pool_inflation"": 4.0, ""subsample_samples"": 100000, ""tfm"": ""tabpfn-v3-api"", ""with_text"": true}",5f7f6332,r2,0.6141133786848073,,395.6019258179999,3609.4891569,,,,0.8390878046000457,0.6678445229681979,0.7915742793791575,0.6141133786848073,,,,,,,,,,,
tabpfn-rel-client,rel-f1,driver-top3,BINARY_CLASSIFICATION,0,3,roc_auc,cpu,True,"{""context_strategy"": ""hard_pool"", ""max_depth"": 2, ""pool_inflation"": 4.0, ""subsample_samples"": 100000, ""tfm"": ""tabpfn-v3-api"", ""with_text"": true}",705b778a,default,0.6944867499238501,0.771425585284281,31.22050905799999,341.623390182,46.910893903000215,54.28243921500052,,0.3453169904246194,0.7346938775510204,0.2352941176470588,0.6944867499238501,0.3639110527509124,0.800275482093664,0.3555555555555555,0.771425585284281,,,,,,,
tabpfn-rel-client,rel-f1,driver-top3,BINARY_CLASSIFICATION,0,3,roc_auc,cpu,False,"{""context_strategy"": ""hard_pool"", ""max_depth"": 3, ""pool_inflation"": 4.0, ""subsample_samples"": 100000, ""tfm"": ""tabpfn-v3-api"", ""with_text"": true}",425f346a,r1,0.6848112379280071,,457.223000046,347.577474358,,,,0.3443348590762322,0.7585034013605442,0.1839080459770115,0.6848112379280071,,,,,,,,,,,
tabpfn-rel-client,rel-f1,driver-top3,BINARY_CLASSIFICATION,0,3,roc_auc,cpu,False,"{""context_strategy"": ""hard_pool"", ""max_depth"": 4, ""pool_inflation"": 4.0, ""subsample_samples"": 100000, ""tfm"": ""tabpfn-v3-api"", ""with_text"": true}",5f7f6332,r2,0.671498450126319,,391.2004250109999,3604.8900958139993,,,,0.3341111775172705,0.7585034013605442,0.1839080459770115,0.671498450126319,,,,,,,,,,,
tabpfn-rel-client,rel-hm,user-churn,BINARY_CLASSIFICATION,0,3,roc_auc,cpu,True,"{""context_strategy"": ""hard_pool"", ""max_depth"": 2, ""pool_inflation"": 4.0, ""subsample_samples"": 100000, ""tfm"": ""tabpfn-v3-api"", ""with_text"": true}",705b778a,default,0.7075813414345148,0.7052152396487823,630.748184464,387.002426234,203.3883980319997,82.52429315900008,,0.9014933620893786,0.8208370343278123,0.8991930149490673,0.7075813414345148,0.9084832571433492,0.8312839423399262,0.9055929888800516,0.7052152396487823,,,,,,,
tabpfn-rel-client,rel-hm,user-churn,BINARY_CLASSIFICATION,0,3,roc_auc,cpu,False,"{""context_strategy"": ""hard_pool"", ""max_depth"": 3, ""pool_inflation"": 4.0, ""subsample_samples"": 100000, ""tfm"": ""tabpfn-v3-api"", ""with_text"": true}",425f346a,r1,0.7059063760246431,,552.1554529790001,3652.8593137960006,,,,0.9003505329015924,0.8205235383248863,0.8989423515394007,0.7059063760246431,,,,,,,,,,,
tabpfn-rel-client,rel-hm,user-churn,BINARY_CLASSIFICATION,0,3,roc_auc,cpu,False,"{""context_strategy"": ""hard_pool"", ""max_depth"": 4, ""pool_inflation"": 4.0, ""subsample_samples"": 100000, ""tfm"": ""tabpfn-v3-api"", ""with_text"": true}",5f7f6332,r2,0.7051252560319905,,235.7819412850004,81.23507005400006,,,,0.8992610882326871,0.8204974136579759,0.8989618257749544,0.7051252560319905,,,,,,,,,,,
tabpfn-rel-client,rel-hm,item-sales,REGRESSION,0,3,mae,cpu,False,"{""context_strategy"": ""hard_pool"", ""max_depth"": 2, ""pool_inflation"": 4.0, ""subsample_samples"": 100000, ""tfm"": ""tabpfn-v3-api"", ""with_text"": true}",705b778a,default,0.0688696698470535,0.0604862161719808,596.656764003,450.5346106190001,174.01282796399937,120.48939072399936,,,,,,,,,,0.1106417324629011,0.0688696698470535,0.6245784656642925,0.1107763363734778,0.0604862161719808,0.5494854959901405,
tabpfn-rel-client,rel-hm,item-sales,REGRESSION,0,3,mae,cpu,False,"{""context_strategy"": ""hard_pool"", ""max_depth"": 3, ""pool_inflation"": 4.0, ""subsample_samples"": 100000, ""tfm"": ""tabpfn-v3-api"", ""with_text"": true}",425f346a,r1,0.0688413093185383,,485.3049864560001,3723.8002544340006,,,,,,,,,,,,0.1108335267533208,0.0688413093185383,0.6245111153921618,,,,
tabpfn-rel-client,rel-hm,item-sales,REGRESSION,0,3,mae,cpu,True,"{""context_strategy"": ""hard_pool"", ""max_depth"": 4, ""pool_inflation"": 4.0, ""subsample_samples"": 100000, ""tfm"": ""tabpfn-v3-api"", ""with_text"": true}",5f7f6332,r2,0.0688308419340104,0.0605073910809306,211.6456257760001,120.39152663799996,175.0250612589998,144.2740571989998,,,,,,,,,,0.1109689195843821,0.0688308419340104,0.6244635666206492,0.1106500912713698,0.0605073910809306,0.5495245004574143,
tabpfn-rel-client,rel-stack,user-engagement,BINARY_CLASSIFICATION,0,3,roc_auc,cpu,True,"{""context_strategy"": ""hard_pool"", ""max_depth"": 2, ""pool_inflation"": 4.0, ""subsample_samples"": 100000, ""tfm"": ""tabpfn-v3-api"", ""with_text"": true}",705b778a,default,0.9068279952846876,0.9059940164322988,354.492443062,77.50831984299998,126.147807091,75.6426989659999,,0.4082394073463791,0.9754034372269152,0.3249120562839782,0.9068279952846876,0.400331841964758,0.9756969263759828,0.293069306930693,0.9059940164322988,,,,,,,
tabpfn-rel-client,rel-stack,user-engagement,BINARY_CLASSIFICATION,0,3,roc_auc,cpu,False,"{""context_strategy"": ""hard_pool"", ""max_depth"": 3, ""pool_inflation"": 4.0, ""subsample_samples"": 100000, ""tfm"": ""tabpfn-v3-api"", ""with_text"": true}",425f346a,r1,0.9058450157626988,,178.29450929300003,92.71416345599994,,,,0.4075760257894227,0.975473346926886,0.3172234836198508,0.9058450157626988,,,,,,,,,,,
tabpfn-rel-client,rel-stack,user-engagement,BINARY_CLASSIFICATION,0,3,roc_auc,cpu,False,"{""context_strategy"": ""hard_pool"", ""max_depth"": 4, ""pool_inflation"": 4.0, ""subsample_samples"": 100000, ""tfm"": ""tabpfn-v3-api"", ""with_text"": true}",5f7f6332,r2,0.9058542456758444,,262.859825873,99.9633427629999,,,,0.4074458404450058,0.9754966501602096,0.3222687721559781,0.9058542456758444,,,,,,,,,,,
tabpfn-rel-client,rel-stack,post-votes,REGRESSION,0,3,mae,cpu,False,"{""context_strategy"": ""hard_pool"", ""max_depth"": 2, ""pool_inflation"": 4.0, ""subsample_samples"": 100000, ""tfm"": ""tabpfn-v3-api"", ""with_text"": true}",705b778a,default,0.061582377844395,0.0678732146919117,744.281790485,509.866313565,359.8628923189999,177.84905078500014,,,,,,,,,,0.0017009550354225,0.061582377844395,0.3657272181831928,-0.0081909214257129,0.0678732146919117,0.3705873191812702,
tabpfn-rel-client,rel-stack,post-votes,REGRESSION,0,3,mae,cpu,False,"{""context_strategy"": ""hard_pool"", ""max_depth"": 3, ""pool_inflation"": 4.0, ""subsample_samples"": 100000, ""tfm"": ""tabpfn-v3-api"", ""with_text"": true}",425f346a,r1,0.0615768416411201,,638.601186567,789.1911897109999,,,,,,,,,,,,0.0018800345144348,0.0615768416411201,0.3656944137958445,,,,
tabpfn-rel-client,rel-stack,post-votes,REGRESSION,0,3,mae,cpu,True,"{""context_strategy"": ""hard_pool"", ""max_depth"": 4, ""pool_inflation"": 4.0, ""subsample_samples"": 100000, ""tfm"": ""tabpfn-v3-api"", ""with_text"": true}",5f7f6332,r2,0.0615752833679478,0.0678817545081969,431.9671541739999,270.5121753870003,404.4034198590002,181.37816851900016,,,,,,,,,,0.0014956835463807,0.0615752833679478,0.3657648168928505,-0.0082822540389773,0.0678817545081969,0.3706041046635982,
tabpfn-rel-client,rel-stack,user-badge,BINARY_CLASSIFICATION,0,3,roc_auc,cpu,False,"{""context_strategy"": ""hard_pool"", ""max_depth"": 2, ""pool_inflation"": 4.0, ""subsample_samples"": 100000, ""tfm"": ""tabpfn-v3-api"", ""with_text"": true}",705b778a,default,0.8902525862833585,0.8751902797233335,263.68888872,246.04070972200003,238.28778071299985,145.83000932999994,,0.3297156567018269,0.9719844137786078,0.1289430689958527,0.8902525862833585,0.278301724991413,0.9745574874686715,0.1600517129928894,0.8751902797233335,,,,,,,
tabpfn-rel-client,rel-stack,user-badge,BINARY_CLASSIFICATION,0,3,roc_auc,cpu,True,"{""context_strategy"": ""hard_pool"", ""max_depth"": 3, ""pool_inflation"": 4.0, ""subsample_samples"": 100000, ""tfm"": ""tabpfn-v3-api"", ""with_text"": true}",425f346a,r1,0.894692811906295,0.8803863055267221,367.59082019100015,170.27798668800006,392.1347200309999,162.78511827400007,,0.3390597993768778,0.9720652551758704,0.1305824632029186,0.894692811906295,0.2827397485066916,0.9746514724310776,0.1508592417683326,0.8803863055267221,,,,,,,
tabpfn-rel-client,rel-stack,user-badge,BINARY_CLASSIFICATION,0,3,roc_auc,cpu,False,"{""context_strategy"": ""hard_pool"", ""max_depth"": 4, ""pool_inflation"": 4.0, ""subsample_samples"": 100000, ""tfm"": ""tabpfn-v3-api"", ""with_text"": true}",5f7f6332,r2,0.893933022197575,,314.65918156299995,188.3196152559999,,,,0.3404877406585609,0.9720127082676496,0.1244309559939302,0.893933022197575,,,,,,,,,,,
tabpfn-rel-client,rel-trial,study-outcome,BINARY_CLASSIFICATION,0,3,roc_auc,cpu,False,"{""context_strategy"": ""hard_pool"", ""max_depth"": 2, ""pool_inflation"": 4.0, ""subsample_samples"": 100000, ""tfm"": ""tabpfn-v3-api"", ""with_text"": true}",705b778a,default,0.6991587703662008,0.7577518675916846,371.654566443,446.76741247500007,39.9876700599998,10.16919851000057,,0.7790138998252629,0.64375,0.7348837209302326,0.6991587703662008,0.8109687259527554,0.6993939393939393,0.762906309751434,0.7577518675916846,,,,,,,
tabpfn-rel-client,rel-trial,study-outcome,BINARY_CLASSIFICATION,0,3,roc_auc,cpu,False,"{""context_strategy"": ""hard_pool"", ""max_depth"": 3, ""pool_inflation"": 4.0, ""subsample_samples"": 100000, ""tfm"": ""tabpfn-v3-api"", ""with_text"": true}",425f346a,r1,0.7016918410107265,,421.480651815,3605.61086303,,,,0.7810328313890909,0.6333333333333333,0.7283950617283951,0.7016918410107265,,,,,,,,,,,
tabpfn-rel-client,rel-trial,study-outcome,BINARY_CLASSIFICATION,0,3,roc_auc,cpu,True,"{""context_strategy"": ""hard_pool"", ""max_depth"": 4, ""pool_inflation"": 4.0, ""subsample_samples"": 100000, ""tfm"": ""tabpfn-v3-api"", ""with_text"": true}",5f7f6332,r2,0.7054579407520585,0.7647016090952018,675.5739003090002,10.879037266000523,48.349573219000376,8.711524733999795,,0.7877020957148253,0.6447916666666667,0.7338017174082748,0.7054579407520585,0.8243307637590023,0.6909090909090909,0.7564469914040115,0.7647016090952018,,,,,,,
tabpfn-rel-client,rel-trial,study-adverse,REGRESSION,0,3,mae,cpu,False,"{""context_strategy"": ""hard_pool"", ""max_depth"": 2, ""pool_inflation"": 4.0, ""subsample_samples"": 100000, ""tfm"": ""tabpfn-v3-api"", ""with_text"": true}",705b778a,default,42.646066153936864,39.96565222671632,167.665090218,200.045171825,106.95678105800016,33.6526444430001,,,,,,,,,,0.0641064865944794,42.646066153936864,378.371545702353,0.1719843079512589,39.96565222671632,227.20290493463804,
tabpfn-rel-client,rel-trial,study-adverse,REGRESSION,0,3,mae,cpu,True,"{""context_strategy"": ""hard_pool"", ""max_depth"": 3, ""pool_inflation"": 4.0, ""subsample_samples"": 100000, ""tfm"": ""tabpfn-v3-api"", ""with_text"": true}",425f346a,r1,42.59772941443626,39.75367384990756,160.35996028600005,29.04977155000006,108.129724453,56.874251566999874,,,,,,,,,,0.0644800783086202,42.59772941443626,378.2960186355086,0.172985711642172,39.75367384990756,227.06547356544337,
tabpfn-rel-client,rel-trial,study-adverse,REGRESSION,0,3,mae,cpu,False,"{""context_strategy"": ""hard_pool"", ""max_depth"": 4, ""pool_inflation"": 4.0, ""subsample_samples"": 100000, ""tfm"": ""tabpfn-v3-api"", ""with_text"": true}",5f7f6332,r2,42.75831531607406,,147.533852829,41.05171191900001,,,,,,,,,,,,0.0629820738316724,42.75831531607406,378.5987713854016,,,,
tabpfn-rel-client,rel-trial,site-success,REGRESSION,0,3,mae,cpu,False,"{""context_strategy"": ""hard_pool"", ""max_depth"": 2, ""pool_inflation"": 4.0, ""subsample_samples"": 100000, ""tfm"": ""tabpfn-v3-api"", ""with_text"": true}",705b778a,default,0.4358891743549977,0.4127830861211403,509.987903716,466.91619544899993,155.228621364,107.62350710400004,,,,,,,,,,-0.7504912954389826,0.4358891743549977,0.6320184376279093,-0.6339118274665474,0.4127830861211403,0.6151178054506361,
tabpfn-rel-client,rel-trial,site-success,REGRESSION,0,3,mae,cpu,False,"{""context_strategy"": ""hard_pool"", ""max_depth"": 3, ""pool_inflation"": 4.0, ""subsample_samples"": 100000, ""tfm"": ""tabpfn-v3-api"", ""with_text"": true}",425f346a,r1,0.4385952836359099,,525.7009365220001,3687.16038457,,,,,,,,,,,,-0.7634688823668221,0.4385952836359099,0.6343569035297657,,,,
tabpfn-rel-client,rel-trial,site-success,REGRESSION,0,3,mae,cpu,True,"{""context_strategy"": ""hard_pool"", ""max_depth"": 4, ""pool_inflation"": 4.0, ""subsample_samples"": 100000, ""tfm"": ""tabpfn-v3-api"", ""with_text"": true}",5f7f6332,r2,0.4331942574999082,0.4126243814386134,168.70337988000028,128.29393872800028,181.20494840500032,108.03688031599997,,,,,,,,,,-0.7402192140302863,0.4331942574999082,0.6301613312635677,-0.63242798720538,0.4126243814386134,0.6148384317813319,
tabpfn-rel,rel-amazon,item-churn,BINARY_CLASSIFICATION,0,3,roc_auc,rtx-pro-6000,True,"{""context_strategy"": ""hard_pool"", ""max_depth"": 2, ""pool_inflation"": 4.0, ""subsample_samples"": 100000, ""tfm"": ""tabpfn-v3"", ""with_text"": true}",6893b5f9,default,0.8218606237953286,0.8279026812049392,32.18559478,81.08610342200001,26.05545501299997,74.84712173900004,,0.7302121752112969,0.737276927665753,0.6497400229590115,0.8218606237953286,0.7063062810442358,0.7533055225902351,0.6688230703003677,0.8279026812049392,,,,,,,
tabpfn-rel,rel-amazon,item-churn,BINARY_CLASSIFICATION,0,3,roc_auc,rtx-pro-6000,False,"{""context_strategy"": ""hard_pool"", ""max_depth"": 3, ""pool_inflation"": 4.0, ""subsample_samples"": 100000, ""tfm"": ""tabpfn-v3"", ""with_text"": true}",73fd32c5,r1,0.8218352981939073,,22.22587756499999,77.27332493199998,,,,0.7302206260439055,0.7371362324060577,0.6501168574339306,0.8218352981939073,,,,,,,,,,,
tabpfn-rel,rel-amazon,item-churn,BINARY_CLASSIFICATION,0,3,roc_auc,rtx-pro-6000,False,"{""context_strategy"": ""hard_pool"", ""max_depth"": 4, ""pool_inflation"": 4.0, ""subsample_samples"": 100000, ""tfm"": ""tabpfn-v3"", ""with_text"": true}",8cafd162,r2,0.8218485937800741,,21.58218071099997,77.344410439,,,,0.7302197187630468,0.7369561424736478,0.6489778752422007,0.8218485937800741,,,,,,,,,,,
tabpfn-rel,rel-amazon,item-ltv,REGRESSION,0,3,mae,rtx-pro-6000,False,"{""context_strategy"": ""hard_pool"", ""max_depth"": 2, ""pool_inflation"": 4.0, ""subsample_samples"": 100000, ""tfm"": ""tabpfn-v3"", ""with_text"": true}",6893b5f9,default,43.276087872180085,46.79009129328049,35.194811525999995,93.863873149,19.12774995999996,93.60757032599996,,,,,,,,,,0.0902817658229843,43.276087872180085,431.12929378472967,0.0427482403757037,46.79009129328049,650.2515935630317,
tabpfn-rel,rel-amazon,item-ltv,REGRESSION,0,3,mae,rtx-pro-6000,True,"{""context_strategy"": ""hard_pool"", ""max_depth"": 3, ""pool_inflation"": 4.0, ""subsample_samples"": 100000, ""tfm"": ""tabpfn-v3"", ""with_text"": true}",73fd32c5,r1,43.235039549497074,46.78909143850011,24.052953926999976,89.140615448,27.55558763800002,94.530023487,,,,,,,,,,0.0900707464562786,43.235039549497074,431.1792935274928,0.0427377680216136,46.78909143850011,650.255150436259,
tabpfn-rel,rel-amazon,item-ltv,REGRESSION,0,3,mae,rtx-pro-6000,False,"{""context_strategy"": ""hard_pool"", ""max_depth"": 4, ""pool_inflation"": 4.0, ""subsample_samples"": 100000, ""tfm"": ""tabpfn-v3"", ""with_text"": true}",8cafd162,r2,43.25382218036996,,23.510959329,89.20261754400002,,,,,,,,,,,,0.0905172869871897,43.25382218036996,431.0734816429719,,,,
tabpfn-rel,rel-amazon,user-churn,BINARY_CLASSIFICATION,0,3,roc_auc,rtx-pro-6000,False,"{""context_strategy"": ""hard_pool"", ""max_depth"": 2, ""pool_inflation"": 4.0, ""subsample_samples"": 100000, ""tfm"": ""tabpfn-v3"", ""with_text"": true}",6893b5f9,default,0.6959912816494063,0.6975657282436369,24.061011113000006,92.231847202,8.95416502799992,78.828336745,,0.7786164263349287,0.7016584023114165,0.7942968863045182,0.6959912816494063,0.7532155286042258,0.679281583471873,0.7807625212232354,0.6975657282436369,,,,,,,
tabpfn-rel,rel-amazon,user-churn,BINARY_CLASSIFICATION,0,3,roc_auc,rtx-pro-6000,False,"{""context_strategy"": ""hard_pool"", ""max_depth"": 3, ""pool_inflation"": 4.0, ""subsample_samples"": 100000, ""tfm"": ""tabpfn-v3"", ""with_text"": true}",73fd32c5,r1,0.6972196646855593,,13.868890902000004,89.67369493299998,,,,0.7798094850107595,0.7020366429798532,0.7945621724390306,0.6972196646855593,,,,,,,,,,,
tabpfn-rel,rel-amazon,user-churn,BINARY_CLASSIFICATION,0,3,roc_auc,rtx-pro-6000,True,"{""context_strategy"": ""hard_pool"", ""max_depth"": 4, ""pool_inflation"": 4.0, ""subsample_samples"": 100000, ""tfm"": ""tabpfn-v3"", ""with_text"": true}",8cafd162,r2,0.7017690083953266,0.7026258053283051,19.95260360699996,104.085568614,23.228867278999985,92.69855338399998,,0.7833109681689994,0.7027150359206622,0.7937061101600058,0.7017690083953266,0.7575564081236654,0.682424655782429,0.7820872820872821,0.7026258053283051,,,,,,,
tabpfn-rel,rel-amazon,user-ltv,REGRESSION,0,3,mae,rtx-pro-6000,False,"{""context_strategy"": ""hard_pool"", ""max_depth"": 2, ""pool_inflation"": 4.0, ""subsample_samples"": 100000, ""tfm"": ""tabpfn-v3"", ""with_text"": true}",6893b5f9,default,12.07171969372108,14.375926530376844,24.933934897,98.812315482,9.743451848000063,84.90125542700002,,,,,,,,,,0.2425388352168226,12.07171969372108,42.579304989306486,0.1834832478849228,14.375926530376844,50.09822023967083,
tabpfn-rel,rel-amazon,user-ltv,REGRESSION,0,3,mae,rtx-pro-6000,False,"{""context_strategy"": ""hard_pool"", ""max_depth"": 3, ""pool_inflation"": 4.0, ""subsample_samples"": 100000, ""tfm"": ""tabpfn-v3"", ""with_text"": true}",73fd32c5,r1,12.049657010630815,,14.513915125999972,97.288344226,,,,,,,,,,,,0.2464553649910905,12.049657010630815,42.469082017467166,,,,
tabpfn-rel,rel-amazon,user-ltv,REGRESSION,0,3,mae,rtx-pro-6000,True,"{""context_strategy"": ""hard_pool"", ""max_depth"": 4, ""pool_inflation"": 4.0, ""subsample_samples"": 100000, ""tfm"": ""tabpfn-v3"", ""with_text"": true}",8cafd162,r2,12.024137461212751,14.406562959887198,20.99843823399999,118.749405324,24.42120954699999,105.97607268599997,,,,,,,,,,0.2442581413816476,12.024137461212751,42.530953698232175,0.1744816902179981,14.406562959887198,50.37361320125956,
tabpfn-rel,rel-avito,ad-ctr,REGRESSION,0,3,mae,rtx-pro-6000,True,"{""context_strategy"": ""hard_pool"", ""max_depth"": 2, ""pool_inflation"": 4.0, ""subsample_samples"": 100000, ""tfm"": ""tabpfn-v3"", ""with_text"": true}",6893b5f9,default,0.029165237433553,0.0310402102741288,9.454877799000002,4.264307667000011,0.6879220030000113,1.758094175999986,,,,,,,,,,0.2098518228114688,0.029165237433553,0.0881801617409635,0.2839302682827912,0.0310402102741288,0.0928739967869064,
tabpfn-rel,rel-avito,ad-ctr,REGRESSION,0,3,mae,rtx-pro-6000,False,"{""context_strategy"": ""hard_pool"", ""max_depth"": 3, ""pool_inflation"": 4.0, ""subsample_samples"": 100000, ""tfm"": ""tabpfn-v3"", ""with_text"": true}",73fd32c5,r1,0.0293233924727877,,4.335914328999991,2.436128768000003,,,,,,,,,,,,0.1995710025985504,0.0293233924727877,0.0887519750790851,,,,
tabpfn-rel,rel-avito,ad-ctr,REGRESSION,0,3,mae,rtx-pro-6000,False,"{""context_strategy"": ""hard_pool"", ""max_depth"": 4, ""pool_inflation"": 4.0, ""subsample_samples"": 100000, ""tfm"": ""tabpfn-v3"", ""with_text"": true}",8cafd162,r2,0.0300394481667961,,4.682669226000002,4.967890447000002,,,,,,,,,,,,0.1724309299472602,0.0300394481667961,0.0902440848493448,,,,
tabpfn-rel,rel-avito,user-clicks,BINARY_CLASSIFICATION,0,3,roc_auc,rtx-pro-6000,True,"{""context_strategy"": ""hard_pool"", ""max_depth"": 2, ""pool_inflation"": 4.0, ""subsample_samples"": 100000, ""tfm"": ""tabpfn-v3"", ""with_text"": true}",6893b5f9,default,0.6726789681807346,0.6523478071138686,14.304083907000006,24.500590413,6.649490119000006,36.53372266,,0.0952208570833794,0.9648302884388424,0.0,0.6726789681807346,0.0461089997790018,0.984582048504042,0.0,0.6523478071138686,,,,,,,
tabpfn-rel,rel-avito,user-clicks,BINARY_CLASSIFICATION,0,3,roc_auc,rtx-pro-6000,False,"{""context_strategy"": ""hard_pool"", ""max_depth"": 3, ""pool_inflation"": 4.0, ""subsample_samples"": 100000, ""tfm"": ""tabpfn-v3"", ""with_text"": true}",73fd32c5,r1,0.6721428238358473,,9.274440929999995,21.00266783699999,,,,0.095559082284721,0.9648302884388424,0.0,0.6721428238358473,,,,,,,,,,,
tabpfn-rel,rel-avito,user-clicks,BINARY_CLASSIFICATION,0,3,roc_auc,rtx-pro-6000,False,"{""context_strategy"": ""hard_pool"", ""max_depth"": 4, ""pool_inflation"": 4.0, ""subsample_samples"": 100000, ""tfm"": ""tabpfn-v3"", ""with_text"": true}",8cafd162,r2,0.6717278184931215,,8.653613867000018,21.02362614099999,,,,0.0944988522187783,0.9648302884388424,0.0,0.6717278184931215,,,,,,,,,,,
tabpfn-rel,rel-avito,user-visits,BINARY_CLASSIFICATION,0,3,roc_auc,rtx-pro-6000,True,"{""context_strategy"": ""hard_pool"", ""max_depth"": 2, ""pool_inflation"": 4.0, ""subsample_samples"": 100000, ""tfm"": ""tabpfn-v3"", ""with_text"": true}",6893b5f9,default,0.698585574454901,0.6677733136126343,15.443909589,37.327965305000006,11.193204245999992,42.153611805,,0.9551217548131028,0.9034991160479002,0.949303425917813,0.698585574454901,0.9199221638489286,0.8505909380276232,0.9192641340113672,0.6677733136126343,,,,,,,
tabpfn-rel,rel-avito,user-visits,BINARY_CLASSIFICATION,0,3,roc_auc,rtx-pro-6000,False,"{""context_strategy"": ""hard_pool"", ""max_depth"": 3, ""pool_inflation"": 4.0, ""subsample_samples"": 100000, ""tfm"": ""tabpfn-v3"", ""with_text"": true}",73fd32c5,r1,0.6983750392005861,,11.359523053999991,34.18433993400001,,,,0.9551065249603434,0.9034991160479002,0.949303425917813,0.6983750392005861,,,,,,,,,,,
tabpfn-rel,rel-avito,user-visits,BINARY_CLASSIFICATION,0,3,roc_auc,rtx-pro-6000,False,"{""context_strategy"": ""hard_pool"", ""max_depth"": 4, ""pool_inflation"": 4.0, ""subsample_samples"": 100000, ""tfm"": ""tabpfn-v3"", ""with_text"": true}",8cafd162,r2,0.6984671208570497,,10.719843112000008,34.184097689,,,,0.9550776809955416,0.9034991160479002,0.949303425917813,0.6984671208570497,,,,,,,,,,,
tabpfn-rel,rel-event,user-attendance,REGRESSION,0,3,mae,rtx-pro-6000,True,"{""context_strategy"": ""hard_pool"", ""max_depth"": 2, ""pool_inflation"": 4.0, ""subsample_samples"": 100000, ""tfm"": ""tabpfn-v3"", ""with_text"": true}",6893b5f9,default,0.2359399353070298,0.2344348466901258,12.38008472700001,13.66810891,3.352979910000016,11.191027289000004,,,,,,,,,,0.0240245487466301,0.2359399353070298,0.5169495986691246,0.055521834384182,0.2344348466901258,0.6243091354765447,
tabpfn-rel,rel-event,user-attendance,REGRESSION,0,3,mae,rtx-pro-6000,False,"{""context_strategy"": ""hard_pool"", ""max_depth"": 3, ""pool_inflation"": 4.0, ""subsample_samples"": 100000, ""tfm"": ""tabpfn-v3"", ""with_text"": true}",73fd32c5,r1,0.2365188087282518,,11.058943662999994,10.795636148,,,,,,,,,,,,0.0003309987019349,0.2365188087282518,0.523186908362242,,,,
tabpfn-rel,rel-event,user-attendance,REGRESSION,0,3,mae,rtx-pro-6000,False,"{""context_strategy"": ""hard_pool"", ""max_depth"": 4, ""pool_inflation"": 4.0, ""subsample_samples"": 100000, ""tfm"": ""tabpfn-v3"", ""with_text"": true}",8cafd162,r2,0.2366431009077572,,10.017766586999995,10.856737076999991,,,,,,,,,,,,-0.0142100358099326,0.2366431009077572,0.5269782699220956,,,,
tabpfn-rel,rel-event,user-ignore,BINARY_CLASSIFICATION,0,3,roc_auc,rtx-pro-6000,True,"{""context_strategy"": ""hard_pool"", ""max_depth"": 2, ""pool_inflation"": 4.0, ""subsample_samples"": 100000, ""tfm"": ""tabpfn-v3"", ""with_text"": true}",6893b5f9,default,0.8751477833829956,0.8746364546993196,11.537155864999988,8.020984491999997,2.782510132999988,5.167449253000001,,0.5754983267902614,0.911269760326364,0.5347593582887701,0.8751477833829956,0.549682549160481,0.8912155260469867,0.4350132625994695,0.8746364546993196,,,,,,,
tabpfn-rel,rel-event,user-ignore,BINARY_CLASSIFICATION,0,3,roc_auc,rtx-pro-6000,False,"{""context_strategy"": ""hard_pool"", ""max_depth"": 3, ""pool_inflation"": 4.0, ""subsample_samples"": 100000, ""tfm"": ""tabpfn-v3"", ""with_text"": true}",73fd32c5,r1,0.8646812426108309,,10.197918193999996,5.227363034999996,,,,0.5986254599021461,0.912799592044875,0.5714285714285714,0.8646812426108309,,,,,,,,,,,
tabpfn-rel,rel-event,user-ignore,BINARY_CLASSIFICATION,0,3,roc_auc,rtx-pro-6000,False,"{""context_strategy"": ""hard_pool"", ""max_depth"": 4, ""pool_inflation"": 4.0, ""subsample_samples"": 100000, ""tfm"": ""tabpfn-v3"", ""with_text"": true}",8cafd162,r2,0.8646009982399736,,9.686092661000004,5.270248866000003,,,,0.6033321788131863,0.9163691993880672,0.5794871794871795,0.8646009982399736,,,,,,,,,,,
tabpfn-rel,rel-event,user-repeat,BINARY_CLASSIFICATION,0,3,roc_auc,rtx-pro-6000,False,"{""context_strategy"": ""hard_pool"", ""max_depth"": 2, ""pool_inflation"": 4.0, ""subsample_samples"": 100000, ""tfm"": ""tabpfn-v3"", ""with_text"": true}",6893b5f9,default,0.7234966979492528,0.7594251336898395,9.728033952000004,5.835024355000002,0.8271607169999982,1.6858503109999958,,0.6787598886427235,0.6615969581749049,0.6810035842293907,0.7234966979492528,0.702437349790402,0.6991869918699187,0.6782608695652174,0.7594251336898395,,,,,,,
tabpfn-rel,rel-event,user-repeat,BINARY_CLASSIFICATION,0,3,roc_auc,rtx-pro-6000,False,"{""context_strategy"": ""hard_pool"", ""max_depth"": 3, ""pool_inflation"": 4.0, ""subsample_samples"": 100000, ""tfm"": ""tabpfn-v3"", ""with_text"": true}",73fd32c5,r1,0.7313173444560306,,5.608520476999999,2.0549241270000067,,,,0.6845701350454008,0.6692015209125475,0.6947368421052632,0.7313173444560306,,,,,,,,,,,
tabpfn-rel,rel-event,user-repeat,BINARY_CLASSIFICATION,0,3,roc_auc,rtx-pro-6000,True,"{""context_strategy"": ""hard_pool"", ""max_depth"": 4, ""pool_inflation"": 4.0, ""subsample_samples"": 100000, ""tfm"": ""tabpfn-v3"", ""with_text"": true}",8cafd162,r2,0.7334607809060365,0.7643716577540108,5.466245033999996,2.1017195840000085,2.3837027980000016,2.2181606090000088,,0.6804596615817923,0.6768060836501901,0.711864406779661,0.7334607809060365,0.7119314422208789,0.6991869918699187,0.6967213114754098,0.7643716577540108,,,,,,,
tabpfn-rel,rel-f1,driver-dnf,BINARY_CLASSIFICATION,0,3,roc_auc,rtx-pro-6000,False,"{""context_strategy"": ""hard_pool"", ""max_depth"": 2, ""pool_inflation"": 4.0, ""subsample_samples"": 100000, ""tfm"": ""tabpfn-v3"", ""with_text"": true}",6893b5f9,default,0.6152018140589569,0.7188210608500463,12.902188629999998,6.805224335999995,0.8743460430000027,3.098248644999984,,0.8497276300047077,0.7703180212014135,0.868421052631579,0.6152018140589569,0.8421373784564812,0.7065527065527065,0.8192982456140351,0.7188210608500463,,,,,,,
tabpfn-rel,rel-f1,driver-dnf,BINARY_CLASSIFICATION,0,3,roc_auc,rtx-pro-6000,True,"{""context_strategy"": ""hard_pool"", ""max_depth"": 3, ""pool_inflation"": 4.0, ""subsample_samples"": 100000, ""tfm"": ""tabpfn-v3"", ""with_text"": true}",73fd32c5,r1,0.62118820861678,0.7236470990094179,6.215557637000003,3.190162119000007,1.096392681999987,3.1764161600000023,,0.8642978511263097,0.7438162544169611,0.8497409326424871,0.62118820861678,0.8324786076657804,0.7094017094017094,0.8204225352112676,0.7236470990094179,,,,,,,
tabpfn-rel,rel-f1,driver-dnf,BINARY_CLASSIFICATION,0,3,roc_auc,rtx-pro-6000,False,"{""context_strategy"": ""hard_pool"", ""max_depth"": 4, ""pool_inflation"": 4.0, ""subsample_samples"": 100000, ""tfm"": ""tabpfn-v3"", ""with_text"": true}",8cafd162,r2,0.6186666666666667,,5.372028153000002,3.1352653520000047,,,,0.8499300405304389,0.6749116607773852,0.7969094922737306,0.6186666666666667,,,,,,,,,,,
tabpfn-rel,rel-f1,driver-position,REGRESSION,0,3,mae,rtx-pro-6000,False,"{""context_strategy"": ""hard_pool"", ""max_depth"": 2, ""pool_inflation"": 4.0, ""subsample_samples"": 100000, ""tfm"": ""tabpfn-v3"", ""with_text"": true}",6893b5f9,default,3.739969113291943,3.769708085603882,10.775899174999992,6.1037110489999975,0.7655501019999917,3.7103937919999903,,,,,,,,,,-0.0001535329983133,3.739969113291943,4.636429136000416,0.2201121132073257,3.769708085603882,4.6013571444988886,
tabpfn-rel,rel-f1,driver-position,REGRESSION,0,3,mae,rtx-pro-6000,True,"{""context_strategy"": ""hard_pool"", ""max_depth"": 3, ""pool_inflation"": 4.0, ""subsample_samples"": 100000, ""tfm"": ""tabpfn-v3"", ""with_text"": true}",73fd32c5,r1,3.664479412455995,3.764166172261824,5.440527388999996,3.447045826000007,0.9587172970000069,4.047293158999992,,,,,,,,,,0.0344733884335974,3.664479412455995,4.555461847434983,0.2239219328678342,3.764166172261824,4.590104371522183,
tabpfn-rel,rel-f1,driver-position,REGRESSION,0,3,mae,rtx-pro-6000,False,"{""context_strategy"": ""hard_pool"", ""max_depth"": 4, ""pool_inflation"": 4.0, ""subsample_samples"": 100000, ""tfm"": ""tabpfn-v3"", ""with_text"": true}",8cafd162,r2,3.872089787172969,,5.469561491999997,5.716568519999996,,,,,,,,,,,,-0.1045176891653527,3.872089787172969,4.872329240568382,,,,
tabpfn-rel,rel-f1,driver-top3,BINARY_CLASSIFICATION,0,3,roc_auc,rtx-pro-6000,True,"{""context_strategy"": ""hard_pool"", ""max_depth"": 2, ""pool_inflation"": 4.0, ""subsample_samples"": 100000, ""tfm"": ""tabpfn-v3"", ""with_text"": true}",6893b5f9,default,0.6919424486212395,0.776677466555184,9.601717445999997,3.968190891999995,0.5481498259999995,1.4368283700000006,,0.3481680664724892,0.7329931972789115,0.1865284974093264,0.6919424486212395,0.3834750745909875,0.7947658402203857,0.3605150214592275,0.776677466555184,,,,,,,
tabpfn-rel,rel-f1,driver-top3,BINARY_CLASSIFICATION,0,3,roc_auc,rtx-pro-6000,False,"{""context_strategy"": ""hard_pool"", ""max_depth"": 3, ""pool_inflation"": 4.0, ""subsample_samples"": 100000, ""tfm"": ""tabpfn-v3"", ""with_text"": true}",73fd32c5,r1,0.6851158373797279,,4.182157861999997,0.567563602000007,,,,0.3414437677722054,0.7585034013605442,0.1839080459770115,0.6851158373797279,,,,,,,,,,,
tabpfn-rel,rel-f1,driver-top3,BINARY_CLASSIFICATION,0,3,roc_auc,rtx-pro-6000,False,"{""context_strategy"": ""hard_pool"", ""max_depth"": 4, ""pool_inflation"": 4.0, ""subsample_samples"": 100000, ""tfm"": ""tabpfn-v3"", ""with_text"": true}",8cafd162,r2,0.6718568024224616,,4.4353712270000045,0.922129584000004,,,,0.3300004715889053,0.7585034013605442,0.1839080459770115,0.6718568024224616,,,,,,,,,,,
tabpfn-rel,rel-hm,item-sales,REGRESSION,0,3,mae,rtx-pro-6000,False,"{""context_strategy"": ""hard_pool"", ""max_depth"": 2, ""pool_inflation"": 4.0, ""subsample_samples"": 100000, ""tfm"": ""tabpfn-v3"", ""with_text"": true}",6893b5f9,default,0.068866805080919,0.0606601576519103,47.575702411,90.058749621,30.36911104800004,86.48545458900003,,,,,,,,,,0.1104371874063774,0.068866805080919,0.6246502854794636,0.1098065812597541,0.0606601576519103,0.5497850388326332,
tabpfn-rel,rel-hm,item-sales,REGRESSION,0,3,mae,rtx-pro-6000,True,"{""context_strategy"": ""hard_pool"", ""max_depth"": 3, ""pool_inflation"": 4.0, ""subsample_samples"": 100000, ""tfm"": ""tabpfn-v3"", ""with_text"": true}",73fd32c5,r1,0.0688665309576074,0.0605978875448226,34.97077636000003,86.03585070599996,37.47678883399999,86.63238133400006,,,,,,,,,,0.110438325172023,0.0688665309576074,0.624649886010279,0.1100583882708821,0.0605978875448226,0.5497072751040462,
tabpfn-rel,rel-hm,item-sales,REGRESSION,0,3,mae,rtx-pro-6000,False,"{""context_strategy"": ""hard_pool"", ""max_depth"": 4, ""pool_inflation"": 4.0, ""subsample_samples"": 100000, ""tfm"": ""tabpfn-v3"", ""with_text"": true}",8cafd162,r2,0.0688937196104732,,34.26633041500003,86.097085171,,,,,,,,,,,,0.1102626711074958,0.0688937196104732,0.6247115550763737,,,,
tabpfn-rel,rel-hm,user-churn,BINARY_CLASSIFICATION,0,3,roc_auc,rtx-pro-6000,True,"{""context_strategy"": ""hard_pool"", ""max_depth"": 2, ""pool_inflation"": 4.0, ""subsample_samples"": 100000, ""tfm"": ""tabpfn-v3"", ""with_text"": true}",6893b5f9,default,0.707664751352115,0.7054372902867432,24.574085334000003,35.603701795000006,15.495421835999991,32.345950114999994,,0.9015388286186712,0.8206410993259836,0.8990107748317582,0.707664751352115,0.9086080779188848,0.8310157559503856,0.9054642021244674,0.7054372902867432,,,,,,,
tabpfn-rel,rel-hm,user-churn,BINARY_CLASSIFICATION,0,3,roc_auc,rtx-pro-6000,False,"{""context_strategy"": ""hard_pool"", ""max_depth"": 3, ""pool_inflation"": 4.0, ""subsample_samples"": 100000, ""tfm"": ""tabpfn-v3"", ""with_text"": true}",73fd32c5,r1,0.705172893450462,,17.730685113999982,38.82243061699998,,,,0.899983034106656,0.8208109096609019,0.8991886886739763,0.705172893450462,,,,,,,,,,,
tabpfn-rel,rel-hm,user-churn,BINARY_CLASSIFICATION,0,3,roc_auc,rtx-pro-6000,False,"{""context_strategy"": ""hard_pool"", ""max_depth"": 4, ""pool_inflation"": 4.0, ""subsample_samples"": 100000, ""tfm"": ""tabpfn-v3"", ""with_text"": true}",8cafd162,r2,0.7044642436069064,,23.873243167,44.409610133,,,,0.8990416377698625,0.8201186059877736,0.8987910189982729,0.7044642436069064,,,,,,,,,,,
tabpfn-rel,rel-stack,post-votes,REGRESSION,0,3,mae,rtx-pro-6000,False,"{""context_strategy"": ""hard_pool"", ""max_depth"": 2, ""pool_inflation"": 4.0, ""subsample_samples"": 100000, ""tfm"": ""tabpfn-v3"", ""with_text"": true}",6893b5f9,default,0.061468214596461,0.0675925611003114,74.512116241,117.268940508,60.60314486799996,114.59001706200002,,,,,,,,,,-0.0021470833827026,0.061468214596461,0.3664314053837228,-0.0082367642358311,0.0675925611003114,0.3705957444560012,
tabpfn-rel,rel-stack,post-votes,REGRESSION,0,3,mae,rtx-pro-6000,False,"{""context_strategy"": ""hard_pool"", ""max_depth"": 3, ""pool_inflation"": 4.0, ""subsample_samples"": 100000, ""tfm"": ""tabpfn-v3"", ""with_text"": true}",73fd32c5,r1,0.061470704094061,,63.530688389999966,113.418478667,,,,,,,,,,,,-0.0024664811797676,0.061470704094061,0.3664897940482876,,,,
tabpfn-rel,rel-stack,post-votes,REGRESSION,0,3,mae,rtx-pro-6000,True,"{""context_strategy"": ""hard_pool"", ""max_depth"": 4, ""pool_inflation"": 4.0, ""subsample_samples"": 100000, ""tfm"": ""tabpfn-v3"", ""with_text"": true}",8cafd162,r2,0.0614638618497895,0.0675936344092543,58.61405326899995,113.42954067899996,70.68573926299996,116.36917669700006,,,,,,,,,,-0.0021863716726038,0.0614638618497895,0.366438588122876,-0.0086529370946024,0.0675936344092543,0.3706722225132814,
tabpfn-rel,rel-stack,user-badge,BINARY_CLASSIFICATION,0,3,roc_auc,rtx-pro-6000,False,"{""context_strategy"": ""hard_pool"", ""max_depth"": 2, ""pool_inflation"": 4.0, ""subsample_samples"": 100000, ""tfm"": ""tabpfn-v3"", ""with_text"": true}",6893b5f9,default,0.8905537725938859,0.8762642160688539,32.891422297999995,99.28666516,22.15744727299989,96.99413089299992,,0.3307135273005779,0.9721056758745018,0.1402765665877663,0.8905537725938859,0.2804656707340294,0.9745653195488722,0.1661317242264732,0.8762642160688539,,,,,,,
tabpfn-rel,rel-stack,user-badge,BINARY_CLASSIFICATION,0,3,roc_auc,rtx-pro-6000,False,"{""context_strategy"": ""hard_pool"", ""max_depth"": 3, ""pool_inflation"": 4.0, ""subsample_samples"": 100000, ""tfm"": ""tabpfn-v3"", ""with_text"": true}",73fd32c5,r1,0.8917534520844713,,63.86357785300004,105.591178244,,,,0.334940063458236,0.9721743910621752,0.1471754212091179,0.8917534520844713,,,,,,,,,,,
tabpfn-rel,rel-stack,user-badge,BINARY_CLASSIFICATION,0,3,roc_auc,rtx-pro-6000,True,"{""context_strategy"": ""hard_pool"", ""max_depth"": 4, ""pool_inflation"": 4.0, ""subsample_samples"": 100000, ""tfm"": ""tabpfn-v3"", ""with_text"": true}",8cafd162,r2,0.8931776844173336,0.8812184604037872,106.51001818000005,111.783288786,121.30731344899992,114.16257267000005,,0.336544520548021,0.9721582227827226,0.1441351888667992,0.8931776844173336,0.2821293280469689,0.9745379072681704,0.1634071024189397,0.8812184604037872,,,,,,,
tabpfn-rel,rel-stack,user-engagement,BINARY_CLASSIFICATION,0,3,roc_auc,rtx-pro-6000,True,"{""context_strategy"": ""hard_pool"", ""max_depth"": 2, ""pool_inflation"": 4.0, ""subsample_samples"": 100000, ""tfm"": ""tabpfn-v3"", ""with_text"": true}",6893b5f9,default,0.906389660356834,0.9056620626288496,26.122919730000007,55.77764456500002,22.24309424300003,53.50202422300004,,0.408029172594944,0.9754500436935624,0.3244629689002885,0.906389660356834,0.399852220028964,0.9755834666485133,0.2981082844096542,0.9056620626288496,,,,,,,
tabpfn-rel,rel-stack,user-engagement,BINARY_CLASSIFICATION,0,3,roc_auc,rtx-pro-6000,False,"{""context_strategy"": ""hard_pool"", ""max_depth"": 3, ""pool_inflation"": 4.0, ""subsample_samples"": 100000, ""tfm"": ""tabpfn-v3"", ""with_text"": true}",73fd32c5,r1,0.9048805757855486,,44.39952671499998,57.42773074799999,,,,0.4053755234431214,0.9753451791436062,0.3125406107862248,0.9048805757855486,,,,,,,,,,,
tabpfn-rel,rel-stack,user-engagement,BINARY_CLASSIFICATION,0,3,roc_auc,rtx-pro-6000,False,"{""context_strategy"": ""hard_pool"", ""max_depth"": 4, ""pool_inflation"": 4.0, ""subsample_samples"": 100000, ""tfm"": ""tabpfn-v3"", ""with_text"": true}",8cafd162,r2,0.9049891474656324,,66.79320338999997,59.30911020000002,,,,0.40606765109729,0.9754150888435772,0.3104575163398693,0.9049891474656324,,,,,,,,,,,
tabpfn-rel,rel-trial,site-success,REGRESSION,0,3,mae,rtx-pro-6000,False,"{""context_strategy"": ""hard_pool"", ""max_depth"": 2, ""pool_inflation"": 4.0, ""subsample_samples"": 100000, ""tfm"": ""tabpfn-v3"", ""with_text"": true}",6893b5f9,default,0.4557327374111538,0.4166781949253661,29.130791831,68.85649950800001,20.02747643699996,66.48526838200002,,,,,,,,,,-0.8366017887299866,0.4557327374111538,0.6473770088804195,-0.652105453904454,0.4166781949253661,0.618532996536933,
tabpfn-rel,rel-trial,site-success,REGRESSION,0,3,mae,rtx-pro-6000,True,"{""context_strategy"": ""hard_pool"", ""max_depth"": 3, ""pool_inflation"": 4.0, ""subsample_samples"": 100000, ""tfm"": ""tabpfn-v3"", ""with_text"": true}",73fd32c5,r1,0.4478457309598761,0.4161703248414855,23.662947667,65.303654892,21.072804556999984,66.63525543400004,,,,,,,,,,-0.804112277088044,0.4478457309598761,0.6416254046655692,-0.6501050058470348,0.4161703248414855,0.6181584084881192,
tabpfn-rel,rel-trial,site-success,REGRESSION,0,3,mae,rtx-pro-6000,False,"{""context_strategy"": ""hard_pool"", ""max_depth"": 4, ""pool_inflation"": 4.0, ""subsample_samples"": 100000, ""tfm"": ""tabpfn-v3"", ""with_text"": true}",8cafd162,r2,0.4570042326125983,,23.465013441999982,65.30487035499999,,,,,,,,,,,,-0.8434690331249257,0.4570042326125983,0.6485861844852012,,,,
tabpfn-rel,rel-trial,study-adverse,REGRESSION,0,3,mae,rtx-pro-6000,False,"{""context_strategy"": ""hard_pool"", ""max_depth"": 2, ""pool_inflation"": 4.0, ""subsample_samples"": 100000, ""tfm"": ""tabpfn-v3"", ""with_text"": true}",6893b5f9,default,43.116512493142345,40.377899718544825,13.843910793999996,18.307684943,4.28564000099999,16.157593219000006,,,,,,,,,,0.0618167602821509,43.116512493142345,378.8341186406382,0.1695046867077533,40.377899718544825,227.54284776748344,
tabpfn-rel,rel-trial,study-adverse,REGRESSION,0,3,mae,rtx-pro-6000,False,"{""context_strategy"": ""hard_pool"", ""max_depth"": 3, ""pool_inflation"": 4.0, ""subsample_samples"": 100000, ""tfm"": ""tabpfn-v3"", ""with_text"": true}",73fd32c5,r1,43.17935932481929,,10.70602882899999,19.13068884200001,,,,,,,,,,,,0.0620795991006402,43.17935932481929,378.7810483645536,,,,
tabpfn-rel,rel-trial,study-adverse,REGRESSION,0,3,mae,rtx-pro-6000,True,"{""context_strategy"": ""hard_pool"", ""max_depth"": 4, ""pool_inflation"": 4.0, ""subsample_samples"": 100000, ""tfm"": ""tabpfn-v3"", ""with_text"": true}",8cafd162,r2,42.99371580310576,40.36573521527381,11.389325370999984,23.952262183000016,8.212146553999986,25.999542693000024,,,,,,,,,,0.062045948946816,42.99371580310576,378.78784314490446,0.1698151427095658,40.36573521527381,227.5003137250152,
tabpfn-rel,rel-trial,study-outcome,BINARY_CLASSIFICATION,0,3,roc_auc,rtx-pro-6000,True,"{""context_strategy"": ""hard_pool"", ""max_depth"": 2, ""pool_inflation"": 4.0, ""subsample_samples"": 100000, ""tfm"": ""tabpfn-v3"", ""with_text"": true}",6893b5f9,default,0.7065122699797624,0.7550034506556245,10.580987604,6.619488701000009,1.439776993999999,3.346558182999999,,0.7831847540409569,0.6354166666666666,0.7299382716049383,0.7065122699797624,0.8125501056458895,0.6993939393939393,0.7660377358490567,0.7550034506556245,,,,,,,
tabpfn-rel,rel-trial,study-outcome,BINARY_CLASSIFICATION,0,3,roc_auc,rtx-pro-6000,False,"{""context_strategy"": ""hard_pool"", ""max_depth"": 3, ""pool_inflation"": 4.0, ""subsample_samples"": 100000, ""tfm"": ""tabpfn-v3"", ""with_text"": true}",73fd32c5,r1,0.7006821867502983,,5.951892415000003,3.181827912000003,,,,0.7790664385469681,0.6322916666666667,0.7319665907365224,0.7006821867502983,,,,,,,,,,,
tabpfn-rel,rel-trial,study-outcome,BINARY_CLASSIFICATION,0,3,roc_auc,rtx-pro-6000,False,"{""context_strategy"": ""hard_pool"", ""max_depth"": 4, ""pool_inflation"": 4.0, ""subsample_samples"": 100000, ""tfm"": ""tabpfn-v3"", ""with_text"": true}",8cafd162,r2,0.7039881343286917,,4.759723014000002,3.442563215000007,,,,0.7838248095103624,0.628125,0.7301587301587301,0.7039881343286917,,,,,,,,,,,
rt-plurel,rel-stack,user-engagement,BINARY_CLASSIFICATION,0,1,roc_auc,,True,{},bf21a9e8,default,0.5,0.9092682996948804,28161.76277516596,0.0021806638687849,14623.013225051109,1509.0784668042324,,0.0280337896883192,0.9719662103116808,0.0,0.5,0.3849110404677675,0.975243087466104,0.3059796437659033,0.9092682996948804,,,,,,,
rt-plurel,rel-avito,ad-ctr,REGRESSION,0,1,mae,,True,{},bf21a9e8,default,0.048414460851862,0.0356024297667017,11156.953655426856,0.0023479918017983,216.3895870191045,142.04102851403877,,,,,,,,,,-0.2381863998319289,0.048414460851862,0.1103848913513628,0.1136952310438967,0.0356024297667017,0.1033256201194235,
rt-plurel,rel-stack,user-badge,BINARY_CLASSIFICATION,0,1,roc_auc,,True,{},bf21a9e8,default,0.5,0.8916891147786471,11304.312659192132,0.0010058879852294,4682.02672914695,372.0379689440597,,0.0295111520707523,0.9704888479292476,0.0,0.5,0.2967270959963176,0.9747572055137844,0.1738015893360676,0.8916891147786471,,,,,,,
rt-plurel,rel-hm,item-sales,REGRESSION,0,1,mae,,True,{},bf21a9e8,default,0.085690221805826,0.0390157985530659,46224.21118534997,0.001963680027984,25916.58169012796,1695.283195119002,,,,,,,,,,-0.0167403782891157,0.085690221805826,0.6678111543867765,0.5798131499932325,0.0390157985530659,0.3777217178122052,
rt-plurel,rel-hm,user-churn,BINARY_CLASSIFICATION,0,1,roc_auc,,True,{},bf21a9e8,default,0.5,0.7033420983866532,18148.859961987007,0.0014020628295838,5475.7736205440015,541.6677256820258,,0.8128036992528346,0.1871963007471654,0.0,0.5,0.9084498993969572,0.8305062018102581,0.9051392891450528,0.7033420983866532,,,,,,,
rt-plurel,rel-trial,study-adverse,REGRESSION,0,1,mae,,True,{},bf21a9e8,default,57.08286985539488,34.9495040093292,21622.906485301908,0.0014276192523539,9707.993549718987,132.77867677714676,,,,,,,,,,-0.0213010542012879,57.08286985539488,395.25933954176776,0.5428698537286858,34.9495040093292,168.81635828683602,
rt-plurel,rel-avito,user-clicks,BINARY_CLASSIFICATION,0,1,roc_auc,,True,{},bf21a9e8,default,0.5,0.6690157749166129,11547.854023793248,0.0014153611846268,384.5146606080234,550.0933794751763,,0.0351697115611575,0.9648302884388424,0.0,0.5,0.0390757282737958,0.984582048504042,0.0,0.6690157749166129,,,,,,,
rt-plurel,rel-trial,site-success,REGRESSION,0,1,mae,,True,{},bf21a9e8,default,0.4749371681853263,0.3873842029225635,11855.906662882888,0.0015749990707263,772.5444839939009,312.9160588559462,,,,,,,,,,-0.9884911295891564,0.4749371681853263,0.6736147669976768,-0.4703534739204613,0.3873842029225635,0.5835188179274216,
rt-plurel,rel-stack,post-votes,REGRESSION,0,1,mae,,True,{},bf21a9e8,default,0.0616902237926972,0.0659724992474964,8927.881913969992,0.0010269889608025,2967.2954264688306,1018.4656401060056,,,,,,,,,,-0.0284039527687613,0.0616902237926972,0.3712007315460499,0.256215639925206,0.0659724992474964,0.3183044309743111,
rt-plurel,rel-trial,study-outcome,BINARY_CLASSIFICATION,0,1,roc_auc,,True,{},bf21a9e8,default,0.5,0.7020237792549006,10032.776680281386,0.0011932309716939,249.05357874836773,74.10267229191959,,0.584375,0.415625,0.0,0.5,0.7730608394397512,0.6363636363636364,0.6848739495798319,0.7020237792549006,,,,,,,
rt-plurel,rel-event,user-attendance,REGRESSION,0,1,mae,,True,{},bf21a9e8,default,0.2575216726160122,0.2375270601562346,17510.859104573727,0.0014289119280874,3733.663619655184,126.37205429188909,,,,,,,,,,-0.2421977241343942,0.2575216726160122,0.5832088694589651,0.0744996828259786,0.2375270601562346,0.618005036953418,
rt-plurel,rel-amazon,item-churn,BINARY_CLASSIFICATION,0,1,roc_auc,,True,{},bf21a9e8,default,0.5,0.8328097591697445,15652.930337837895,0.0022668109741061,6162.712205234915,1338.9991634630132,,0.4121920884241568,0.5878079115758432,0.0,0.5,0.7145095819019025,0.7579925917934333,0.6662919955370057,0.8328097591697445,,,,,,,
rt-plurel,rel-f1,driver-top3,BINARY_CLASSIFICATION,0,1,roc_auc,,True,{},bf21a9e8,default,0.5,0.7680941680602007,8871.751585436985,0.002267993055284,123.17581530800088,33.650919750798494,,0.2023809523809523,0.7976190476190477,0.0,0.5,0.3059673648079832,0.7741046831955923,0.3109243697478991,0.7680941680602007,,,,,,,
rt-plurel,rel-event,user-repeat,BINARY_CLASSIFICATION,0,1,roc_auc,,True,{},bf21a9e8,default,0.5,0.776403743315508,9632.262603018433,0.0016656420193612,247.37207828601825,96.10093916486947,,0.4790874524714829,0.5209125475285171,0.0,0.5,0.752291443878679,0.6910569105691057,0.6935483870967742,0.776403743315508,,,,,,,
rt-plurel,rel-amazon,user-ltv,REGRESSION,0,1,mae,,True,{},bf21a9e8,default,14.140715240902702,14.21999702292498,12066.204993531806,0.0038960250094532,3741.8966215571854,2489.4470330250915,,,,,,,,,,-0.0835422154812151,14.140715240902702,50.92620345868564,0.2654094212162623,14.21999702292498,47.51846740149239,
rt-plurel,rel-avito,user-visits,BINARY_CLASSIFICATION,0,1,roc_auc,,True,{},bf21a9e8,default,0.5,0.6702724133253538,14234.96787278587,0.0014931838959455,2070.066822820343,409.0981517890468,,0.9034991160479002,0.0965008839520998,0.0,0.5,0.9187807542733996,0.850120401893216,0.9189067764882066,0.6702724133253538,,,,,,,
rt-plurel,rel-amazon,user-churn,BINARY_CLASSIFICATION,0,1,roc_auc,,True,{},bf21a9e8,default,0.5,0.7131207829443936,21761.67596459296,0.0020141380373388,10339.293516918086,2337.419307728065,,0.6420281508667812,0.3579718491332188,0.0,0.5,0.7675510507735608,0.6909757449166631,0.7792228886064538,0.7131207829443936,,,,,,,
rt-plurel,rel-f1,driver-position,REGRESSION,0,1,mae,,True,{},bf21a9e8,default,11.083199732798931,3.9100695293223695,8729.89290662203,0.0011548907496035,237.5480914660729,66.66816214611754,,,,,,,,,,-5.715177727399352,11.083199732798931,12.013762588741,0.2000276310303225,3.9100695293223695,4.660229977434523,
rt-plurel,rel-event,user-ignore,BINARY_CLASSIFICATION,0,1,roc_auc,,True,{},bf21a9e8,default,0.5,0.7816586646402541,11712.348468943965,0.0014623480383306,1504.1377275680425,120.20951700396836,,0.1091279959204487,0.8908720040795512,0.0,0.5,0.4927296473614166,0.8953013278855976,0.450402144772118,0.7816586646402541,,,,,,,
rt-plurel,rel-f1,driver-dnf,BINARY_CLASSIFICATION,0,1,roc_auc,,True,{},bf21a9e8,default,0.5,0.7281705948372614,9126.51033167541,0.0026452830061316,368.6221028296277,36.51054234569892,,0.7791519434628975,0.2208480565371024,0.0,0.5,0.8434615635570928,0.7065527065527065,0.8192982456140351,0.7281705948372614,,,,,,,
rt-plurel,rel-amazon,item-ltv,REGRESSION,0,1,mae,,True,{},bf21a9e8,default,72.09635778366012,43.59888528484869,9567.930629782146,0.0016534160822629,2254.025575204985,1319.2264148318209,,,,,,,,,,-0.0254400807111689,72.09635778366012,457.7298415816089,0.1376850887943822,43.59888528484869,617.1649967009904,
